Episode,Step,Timestamp,Speed_ms,Throttle,Steering,Brake,Damage,Damage_Increase,Total_Damage,Gx,Gy,Gz,Distance_From_Origin,Distance_From_Checkpoint,Position_X,Position_Y,Position_Z,Position_Delta,Stationary_Timer,Crash_Detected,Stationary_Timeout,Flipped,Reward,Event_Type
0,0,2026-01-04 12:45:24.198,8.06,0.67,229.33,0.03,0.000,0.000,0.000,4.77,-4.12,-9.92,6.2,6.2,-721.6,96.3,118.5,2.281,0.0,False,False,False,202.35,
0,1,2026-01-04 12:45:24.549,9.52,0.86,270.58,0.00,0.000,0.000,0.000,9.46,-3.27,-8.84,9.2,9.2,-723.1,93.7,118.5,2.941,0.0,False,False,False,4.68,
0,2,2026-01-04 12:45:24.901,10.57,0.98,267.30,0.00,0.000,0.000,0.000,9.19,-2.78,-9.92,12.4,12.4,-724.0,90.3,118.4,3.344,0.0,False,False,False,4.77,
0,3,2026-01-04 12:45:25.253,10.69,0.57,-241.87,0.03,0.000,0.000,0.000,-5.19,-0.24,-17.36,15.8,15.8,-724.1,86.5,118.5,3.571,0.0,False,False,False,1.32,
0,4,2026-01-04 12:45:25.604,10.33,0.49,-300.16,0.03,0.000,0.000,0.000,-7.59,1.80,-7.32,19.3,19.3,-724.6,82.9,118.6,3.497,0.0,False,False,False,4.50,
0,5,2026-01-04 12:45:25.971,7.58,0.63,-366.84,0.03,5054.131,0.000,5054.131,-4.92,-2.65,-10.12,22.0,22.0,-726.2,80.7,118.5,2.419,0.0,True,False,False,-26.17,CRASH
0,6,2026-01-04 12:45:29.383,3.28,0.96,126.32,0.00,0.000,0.000,0.000,1.65,-1.98,-10.19,2.1,20.1,-718.8,99.3,118.5,0.981,0.0,False,False,False,199.33,
0,7,2026-01-04 12:45:29.729,4.03,0.50,277.83,0.00,0.000,0.000,0.000,2.31,-1.80,-10.16,3.3,18.9,-719.5,98.3,118.5,1.156,0.0,False,False,False,0.55,
0,8,2026-01-04 12:45:30.081,4.58,0.98,298.94,0.08,0.000,0.000,0.000,3.17,-1.50,-10.16,4.4,17.7,-720.0,97.2,118.5,1.150,0.0,False,False,False,1.39,
0,9,2026-01-04 12:45:30.417,5.78,0.69,270.84,0.04,0.000,0.000,0.000,3.79,-3.42,-10.53,6.1,16.0,-720.5,95.6,118.5,1.635,0.0,False,False,False,1.73,
0,10,2026-01-04 12:45:30.753,7.20,0.64,-187.24,0.00,0.000,0.000,0.000,-5.07,-3.77,-9.48,8.2,13.8,-721.0,93.5,118.5,2.077,0.0,False,False,False,-0.46,
0,11,2026-01-04 12:45:31.121,8.56,0.30,188.38,0.00,0.000,0.000,0.000,6.02,-3.28,-9.69,11.0,11.0,-721.9,90.8,118.4,2.645,0.0,False,False,False,-0.17,
0,12,2026-01-04 12:45:31.472,9.71,0.97,-209.74,0.04,0.000,0.000,0.000,-10.24,0.10,-13.51,14.2,7.8,-722.7,87.7,118.5,3.068,0.0,False,False,False,0.10,
0,13,2026-01-04 12:45:31.813,10.54,0.63,109.09,0.00,0.000,0.000,0.000,1.17,-2.01,-14.04,17.5,4.5,-724.0,84.6,118.6,3.161,0.0,False,False,False,1.19,
0,14,2026-01-04 12:45:32.152,7.21,0.43,184.06,0.00,26512.521,0.000,26512.521,-43.82,57.20,0.80,20.8,1.3,-725.3,81.6,118.5,3.091,0.0,True,False,True,-47.08,CRASH
0,15,2026-01-04 12:45:35.558,5.73,0.35,215.20,0.09,166.657,0.000,166.657,2.08,1.25,-7.61,11.6,9.3,-721.5,90.0,118.5,1.859,0.0,True,False,False,171.78,CRASH
0,16,2026-01-04 12:45:38.960,3.23,0.78,17.06,0.00,0.000,0.000,0.000,0.15,-1.85,-9.13,2.0,9.7,-718.7,99.4,118.5,0.971,0.0,False,False,False,199.94,
0,17,2026-01-04 12:45:39.295,3.89,0.68,77.66,0.00,0.000,0.000,0.000,0.18,-2.25,-9.01,3.2,8.7,-719.5,98.5,118.5,1.130,0.0,False,False,False,1.53,
0,18,2026-01-04 12:45:39.644,4.63,0.91,-202.83,0.02,0.000,0.000,0.000,-3.29,-2.25,-9.66,4.7,7.5,-720.6,97.4,118.5,1.417,0.0,False,False,False,0.16,
0,19,2026-01-04 12:45:39.982,5.91,0.68,-119.08,0.06,0.000,0.000,0.000,-1.09,-4.06,-9.68,6.4,6.4,-722.0,96.4,118.5,1.662,0.0,False,False,False,1.14,
0,20,2026-01-04 12:45:40.330,8.00,0.90,90.73,0.00,0.000,0.000,0.000,3.15,-6.09,-10.35,8.8,5.5,-723.9,95.0,118.5,2.317,0.0,False,False,False,1.74,
0,21,2026-01-04 12:45:40.698,9.75,0.73,-217.67,0.00,0.000,0.000,0.000,-5.51,-3.60,-9.46,12.1,5.8,-726.5,92.9,118.5,3.018,0.0,False,False,False,2.60,
0,22,2026-01-04 12:45:41.050,11.36,0.77,75.83,0.04,0.000,0.000,0.000,2.10,-5.11,-10.19,15.7,8.2,-729.7,91.1,118.4,3.504,0.0,False,False,False,3.61,
0,23,2026-01-04 12:45:41.385,12.81,0.50,65.53,0.00,0.000,0.000,0.000,3.80,-4.63,-10.13,19.7,11.6,-733.0,88.8,118.4,3.836,0.0,False,False,False,5.92,
0,24,2026-01-04 12:45:41.738,14.23,0.88,178.21,0.00,0.000,0.000,0.000,7.60,-3.42,-8.63,24.4,15.7,-736.6,85.8,118.3,4.518,0.0,False,False,False,6.86,
0,25,2026-01-04 12:45:42.092,14.70,0.91,222.86,0.08,0.000,0.000,0.000,8.51,-0.74,-11.53,29.4,20.1,-739.8,81.9,118.3,4.825,0.0,False,False,False,807.49,
0,26,2026-01-04 12:45:42.459,15.19,0.45,71.08,0.00,0.000,0.000,0.000,9.29,-1.73,-9.38,34.5,24.6,-742.4,77.0,118.3,4.996,0.0,False,False,False,806.92,
0,27,2026-01-04 12:45:42.811,15.89,0.92,162.49,0.00,0.000,0.000,0.000,10.30,-2.50,-7.87,39.3,28.8,-743.8,71.8,118.2,5.172,0.0,False,False,False,807.43,
0,28,2026-01-04 12:45:43.162,16.11,0.50,-168.77,0.00,0.178,0.178,0.178,-16.06,10.29,-21.00,44.0,33.1,-744.5,66.2,118.2,5.375,0.0,False,False,False,804.01,
0,29,2026-01-04 12:45:43.498,12.35,0.50,160.36,0.00,4000.000,0.000,4000.000,-25.35,21.35,4.83,48.7,37.6,-745.5,61.0,118.4,4.993,0.0,True,False,True,750.26,CRASH
0,30,2026-01-04 12:45:46.899,8.70,0.40,116.49,0.00,0.000,0.000,0.000,0.35,-3.14,-13.16,14.7,35.1,-721.6,86.7,118.5,2.562,0.0,False,False,False,201.46,
0,31,2026-01-04 12:45:47.238,5.04,0.95,-168.94,0.00,6296.187,0.000,6296.187,6.22,1.15,-8.60,16.9,33.0,-722.5,84.7,118.6,2.110,0.0,True,False,False,-29.64,CRASH
0,32,2026-01-04 12:45:50.645,7.82,0.93,0.55,0.00,6465.423,0.000,6465.423,-1.79,-1.12,-3.83,16.5,18.9,-733.8,99.8,118.6,2.471,0.0,True,False,False,170.09,CRASH
0,33,2026-01-04 12:45:54.045,10.95,0.79,228.37,0.00,0.000,0.000,0.000,7.54,-4.33,-9.96,17.7,12.1,-729.8,88.3,118.4,3.209,0.0,False,False,False,202.55,
0,34,2026-01-04 12:45:54.383,11.42,0.45,294.06,0.10,0.000,0.000,0.000,8.13,-0.69,-8.85,21.3,14.8,-731.9,85.2,118.4,3.555,0.0,False,False,False,5.45,
0,35,2026-01-04 12:45:54.736,12.34,0.50,-89.51,0.00,0.000,0.000,0.000,-0.89,-3.51,-10.07,25.2,18.5,-733.4,81.4,118.3,3.943,0.0,False,False,False,4.28,
0,36,2026-01-04 12:45:55.073,13.79,0.84,174.67,0.00,0.000,0.000,0.000,12.45,-1.63,-11.45,29.4,22.6,-734.9,77.3,118.3,4.154,0.0,False,False,False,804.57,
0,37,2026-01-04 12:45:55.423,12.38,0.77,56.81,0.06,18626.121,0.000,18626.121,-0.45,-1.72,-13.72,33.6,26.7,-736.6,73.3,118.4,4.110,0.0,True,False,False,775.07,CRASH
0,38,2026-01-04 12:45:58.846,3.27,0.83,-85.77,0.00,0.000,0.000,0.000,-1.16,-1.73,-9.39,2.2,31.5,-718.9,99.3,118.5,0.994,0.0,False,False,False,200.75,
0,39,2026-01-04 12:45:59.179,3.99,0.65,222.98,0.00,0.000,0.000,0.000,3.20,-2.16,-9.41,3.4,30.3,-719.7,98.4,118.5,1.148,0.0,False,False,False,-0.43,
0,40,2026-01-04 12:45:59.517,4.71,0.61,-174.82,0.00,0.000,0.000,0.000,-4.08,-2.20,-10.05,4.8,28.9,-720.6,97.3,118.5,1.388,0.0,False,False,False,-1.18,
0,41,2026-01-04 12:45:59.858,6.25,0.84,27.68,0.00,0.000,0.000,0.000,0.85,-5.10,-10.23,6.6,27.1,-722.0,96.1,118.5,1.722,0.0,False,False,False,0.45,
0,42,2026-01-04 12:46:00.203,7.98,0.63,289.04,0.00,0.000,0.000,0.000,5.57,-4.20,-9.75,9.0,24.8,-723.5,94.3,118.5,2.269,0.0,False,False,False,1.11,
0,43,2026-01-04 12:46:00.569,8.92,0.94,317.00,0.08,0.000,0.000,0.000,7.42,-0.96,-10.47,11.9,21.8,-724.8,91.6,118.4,2.705,0.0,False,False,False,2.87,
0,44,2026-01-04 12:46:00.918,9.93,0.88,-80.44,0.00,0.000,0.000,0.000,-0.67,-3.23,-10.03,14.8,18.9,-725.6,88.6,118.4,2.997,0.0,False,False,False,1.26,
0,45,2026-01-04 12:46:01.268,10.63,0.55,-279.49,0.03,0.000,0.000,0.000,-7.15,-2.45,-10.14,18.3,15.5,-726.7,85.1,118.5,3.446,0.0,False,False,False,2.60,
0,46,2026-01-04 12:46:01.605,11.68,0.99,58.92,0.00,0.000,0.000,0.000,-1.14,-3.04,-9.77,22.0,11.8,-728.4,81.8,118.4,3.543,0.0,False,False,False,2.17,
0,47,2026-01-04 12:46:01.951,12.49,0.45,-173.92,0.00,0.273,0.273,0.273,-1.63,-2.05,-7.04,26.0,7.9,-730.5,78.3,118.5,3.874,0.0,False,False,False,2.39,
0,48,2026-01-04 12:46:02.312,13.07,0.50,-10.33,0.00,0.273,0.273,0.273,-2.88,-5.98,-12.13,30.2,4.1,-732.9,74.9,118.5,3.775,0.0,False,False,False,802.69,
0,49,2026-01-04 12:46:02.646,13.80,0.36,-166.98,0.00,0.273,0.273,0.273,-6.69,-1.08,-9.19,34.7,2.1,-735.8,71.4,118.5,4.297,0.0,False,False,False,803.52,
0,50,2026-01-04 12:46:02.983,14.70,0.45,205.36,0.00,0.273,0.273,0.273,5.55,-1.07,-10.18,39.3,5.8,-739.1,68.0,118.4,4.523,0.0,False,False,False,804.52,
0,51,2026-01-04 12:46:03.317,15.58,0.84,-6.24,0.00,0.273,0.273,0.273,3.61,-3.40,-8.33,43.9,10.3,-742.0,64.6,118.4,4.291,0.0,False,False,False,804.36,
0,52,2026-01-04 12:46:03.663,15.67,0.80,-34.28,0.00,29.306,0.000,29.306,-4.15,-3.88,-11.31,49.0,15.4,-745.5,60.7,118.3,4.898,0.0,False,False,False,794.26,
0,53,2026-01-04 12:46:04.025,16.99,0.66,230.92,0.00,29.306,0.000,29.306,7.03,-2.18,-9.79,54.6,21.0,-749.6,56.8,118.3,5.214,0.0,False,False,False,800.64,
0,54,2026-01-04 12:46:04.373,16.54,0.43,-143.85,0.00,31.385,0.000,31.385,-4.14,-1.58,-10.13,60.4,26.9,-753.7,52.5,118.3,5.602,0.0,False,False,False,798.60,
0,55,2026-01-04 12:46:04.712,17.42,0.44,236.95,0.00,31.385,0.000,31.385,4.58,-2.34,-10.14,66.0,32.5,-757.8,48.7,118.2,5.365,0.0,False,False,False,800.25,
0,56,2026-01-04 12:46:05.065,16.66,0.50,163.62,0.00,49.392,0.000,49.392,-31.52,22.39,-12.55,72.1,38.6,-762.0,44.2,118.2,5.826,0.0,False,False,False,-7.17,
0,57,2026-01-04 12:46:05.414,16.97,0.47,230.88,0.09,49.392,0.000,49.392,3.73,-1.12,-9.20,78.0,44.5,-766.1,39.9,118.1,5.606,0.0,False,False,False,2.82,
0,58,2026-01-04 12:46:05.780,16.95,0.83,-123.74,0.05,49.405,0.013,49.405,-6.49,-1.74,-8.32,84.0,50.6,-770.5,35.8,118.1,5.545,0.0,False,False,False,0.47,
0,59,2026-01-04 12:46:06.131,17.59,0.60,-119.15,0.00,49.405,0.013,49.405,-8.12,-2.34,-8.46,89.8,56.5,-775.4,32.3,118.1,5.755,0.0,False,False,False,2.88,
0,60,2026-01-04 12:46:06.482,18.50,0.41,253.08,0.00,49.405,0.013,49.405,4.66,-1.47,-6.13,95.8,62.5,-781.0,29.3,118.0,6.033,0.0,False,False,False,0.31,
0,61,2026-01-04 12:46:06.817,18.38,0.47,111.39,0.00,49.405,0.013,49.405,4.61,0.54,-8.21,101.7,68.5,-786.1,25.9,117.9,5.839,0.0,False,False,False,2.47,
0,62,2026-01-04 12:46:07.162,17.63,0.62,-52.54,0.03,49.405,0.013,49.405,10.25,0.59,-10.65,107.7,74.5,-790.7,22.0,117.7,5.699,0.0,False,False,False,2.19,
0,63,2026-01-04 12:46:07.515,16.73,0.89,-253.79,0.01,68.307,0.000,68.307,-4.96,0.29,-8.15,113.7,80.5,-794.7,17.5,117.8,5.433,0.0,False,False,False,-8.36,
0,64,2026-01-04 12:46:07.864,16.41,0.43,57.29,0.00,68.307,0.000,68.307,-6.93,-1.45,-10.76,119.5,86.3,-798.9,13.6,117.7,5.513,0.0,False,False,False,1.82,
0,65,2026-01-04 12:46:08.215,17.15,0.38,237.16,0.00,68.307,0.000,68.307,6.53,-0.40,-10.53,125.3,92.2,-803.5,9.8,117.7,5.625,0.0,False,False,False,1.55,
0,66,2026-01-04 12:46:08.550,17.18,0.65,-178.07,0.00,68.307,0.000,68.307,-0.35,0.30,-7.17,131.1,97.9,-807.7,5.8,117.7,5.463,0.0,False,False,False,0.47,
0,67,2026-01-04 12:46:08.890,17.32,0.47,-35.51,0.09,68.324,0.017,68.324,-8.48,-0.81,-11.44,136.8,103.7,-812.0,2.1,117.7,5.446,0.0,False,False,False,2.14,
0,68,2026-01-04 12:46:09.274,17.53,0.82,235.74,0.09,68.324,0.017,68.324,7.20,-0.12,-4.97,143.3,110.3,-817.5,-1.6,117.6,6.103,0.0,False,False,False,0.89,
0,69,2026-01-04 12:46:09.624,18.14,0.96,44.45,0.00,68.324,0.017,68.324,8.49,-1.52,-8.82,149.5,116.5,-822.2,-5.7,117.4,5.966,0.0,False,False,False,2.00,
0,70,2026-01-04 12:46:09.973,18.47,0.81,-175.70,0.00,68.324,0.017,68.324,-4.14,-1.05,-10.09,155.9,122.9,-826.5,-10.5,117.3,6.101,0.0,False,False,False,1.59,
0,71,2026-01-04 12:46:10.341,18.90,0.67,-126.10,0.00,68.324,0.017,68.324,-6.09,-0.77,-10.35,162.8,129.7,-831.4,-15.3,117.2,6.548,0.0,False,False,False,3.20,
0,72,2026-01-04 12:46:10.711,19.20,0.38,129.42,0.00,68.324,0.017,68.324,-3.86,-1.66,-6.96,169.7,136.7,-837.0,-19.5,117.1,6.659,0.0,False,False,False,2.01,
0,73,2026-01-04 12:46:11.091,19.95,0.36,51.54,0.00,68.324,0.017,68.324,0.52,-1.66,-9.11,177.0,144.0,-843.4,-23.3,116.9,6.856,0.0,False,False,False,3.44,
0,74,2026-01-04 12:46:11.441,20.37,0.75,-165.82,0.03,68.324,0.017,68.324,-7.92,-1.52,-10.12,183.7,150.9,-849.6,-26.7,116.7,6.717,0.0,False,False,False,2.04,
0,75,2026-01-04 12:46:11.791,21.39,0.51,129.75,0.00,68.324,0.017,68.324,1.64,-3.32,-9.48,190.5,157.8,-856.3,-29.5,116.5,6.923,0.0,False,False,False,1.85,
0,76,2026-01-04 12:46:12.146,21.34,0.32,-194.28,0.07,68.324,0.017,68.324,-2.67,-0.01,-6.34,197.6,164.9,-863.2,-32.4,116.2,7.132,0.0,False,False,False,1.66,
0,77,2026-01-04 12:46:12.498,18.76,0.83,-329.00,0.00,3258.046,0.000,3258.046,3.47,8.37,-14.86,204.2,171.7,-869.9,-35.0,116.2,6.768,0.0,True,False,False,-27.23,CRASH
0,78,2026-01-04 12:46:15.920,7.75,0.47,93.13,0.00,6372.831,0.000,6372.831,-0.00,-5.98,-7.23,14.1,195.7,-731.2,103.0,118.7,2.176,0.0,True,False,False,168.08,CRASH
0,79,2026-01-04 12:46:19.314,7.08,0.50,171.01,0.00,0.000,0.000,0.000,4.12,-2.13,-9.57,12.2,14.2,-724.2,90.7,118.4,2.112,0.0,False,False,False,202.65,
0,80,2026-01-04 12:46:19.663,7.61,0.37,258.35,0.00,0.000,0.000,0.000,5.45,-0.41,-10.38,14.7,16.0,-725.0,88.3,118.4,2.461,0.0,False,False,False,3.57,
0,81,2026-01-04 12:46:20.001,7.25,0.33,350.05,0.02,1.645,0.000,1.645,3.22,4.60,-9.94,16.9,18.3,-725.2,85.8,118.4,2.394,0.0,False,False,False,1.16,
0,82,2026-01-04 12:46:20.335,7.89,0.96,-108.09,0.00,3.074,0.000,3.074,-5.69,-1.97,-11.41,19.0,20.7,-724.9,83.3,118.5,2.388,0.0,False,False,False,-1.66,
0,83,2026-01-04 12:46:20.684,1.00,0.74,164.57,0.00,7624.621,0.000,7624.621,4.00,-4.11,-12.69,19.9,21.5,-725.1,82.4,118.5,0.792,0.0,True,False,False,-30.76,CRASH
0,84,2026-01-04 12:46:24.092,8.29,0.52,-191.39,0.00,68.655,0.000,68.655,-0.08,0.25,-4.78,15.0,5.0,-723.1,87.0,118.5,2.592,0.0,True,False,False,170.19,CRASH
0,85,2026-01-04 12:46:27.501,6.84,0.50,-61.37,0.06,0.000,0.000,0.000,-1.11,-2.10,-9.58,11.7,12.9,-728.8,98.6,118.5,2.173,0.0,False,False,False,200.66,
0,86,2026-01-04 12:46:27.852,8.07,1.00,244.67,0.00,0.000,0.000,0.000,5.22,-3.84,-10.84,14.3,13.9,-731.4,98.2,118.4,2.475,0.0,False,False,False,0.98,
0,87,2026-01-04 12:46:28.202,8.69,0.81,8.87,0.00,0.000,0.000,0.000,-0.19,-1.79,-10.79,17.3,15.1,-734.2,97.2,118.4,2.840,0.0,False,False,False,1.84,
0,88,2026-01-04 12:46:29.310,9.35,0.84,0.94,0.00,19147.343,0.000,19147.343,27.69,46.86,1.00,28.0,22.2,-744.4,93.4,118.5,3.538,0.0,True,False,True,-46.18,CRASH
0,89,2026-01-04 12:46:32.699,9.97,0.67,116.95,0.10,0.000,0.000,0.000,4.22,-4.39,-9.36,16.0,15.0,-729.6,90.5,118.4,2.949,0.0,False,False,False,201.81,
0,90,2026-01-04 12:46:33.051,11.26,0.56,272.69,0.00,0.000,0.000,0.000,7.36,-2.51,-8.80,19.7,13.6,-732.0,87.7,118.4,3.565,0.0,False,False,False,3.21,
0,91,2026-01-04 12:46:33.400,12.15,0.50,368.48,0.00,0.000,0.000,0.000,7.29,-2.22,-9.29,23.6,14.0,-734.0,84.0,118.4,3.910,0.0,False,False,False,5.04,
0,92,2026-01-04 12:46:33.735,13.01,0.45,78.99,0.00,0.000,0.000,0.000,8.58,-2.40,-8.83,27.3,16.3,-735.0,80.0,118.3,3.978,0.0,False,False,False,4.48,
0,93,2026-01-04 12:46:34.072,13.70,0.91,-213.26,0.01,0.000,0.000,0.000,-6.65,-2.31,-8.71,31.2,19.8,-735.7,75.6,118.3,4.232,0.0,False,False,False,803.77,
0,94,2026-01-04 12:46:34.442,14.17,0.41,127.90,0.00,0.000,0.000,0.000,3.57,-4.50,-9.25,35.7,23.6,-737.0,70.9,118.4,4.379,0.0,False,False,False,803.49,
0,95,2026-01-04 12:46:34.794,8.72,0.65,90.03,0.00,45460.195,0.000,45460.195,7.26,-0.87,-10.72,39.2,26.0,-738.6,68.0,118.4,3.189,0.0,True,False,False,773.97,CRASH
0,96,2026-01-04 12:46:38.195,7.59,0.44,-251.28,0.05,0.000,0.000,0.000,-5.23,-1.17,-8.87,12.9,26.3,-723.7,89.6,118.5,2.427,0.0,False,False,False,200.45,
0,97,2026-01-04 12:46:38.531,8.44,0.51,-334.63,0.00,0.000,0.000,0.000,-6.67,-1.75,-9.68,15.4,23.7,-725.6,87.8,118.4,2.526,0.0,False,False,False,2.93,
0,98,2026-01-04 12:46:38.866,9.42,0.65,-297.45,0.00,0.000,0.000,0.000,-7.28,-1.96,-9.39,18.1,21.1,-728.2,86.3,118.4,2.830,0.0,False,False,False,3.01,
0,99,2026-01-04 12:46:39.210,10.34,0.32,36.18,0.00,0.000,0.000,0.000,-1.13,-3.61,-11.03,20.6,19.1,-731.2,85.5,118.4,2.953,0.0,False,False,False,1.46,
0,100,2026-01-04 12:46:39.557,11.83,0.97,191.62,0.00,0.000,0.000,0.000,6.89,-3.74,-10.09,23.8,17.0,-734.8,84.6,118.4,3.526,0.0,False,False,False,2.50,
0,101,2026-01-04 12:46:39.924,12.53,0.50,327.95,0.05,0.000,0.000,0.000,8.36,-1.44,-7.92,28.2,14.6,-738.8,82.6,118.3,4.095,0.0,False,False,False,2.85,
0,102,2026-01-04 12:46:40.260,13.06,0.45,76.77,0.00,0.000,0.000,0.000,9.01,-1.79,-9.45,32.4,12.5,-742.1,79.9,118.3,4.043,0.0,False,False,False,803.08,
0,103,2026-01-04 12:46:40.600,13.98,0.59,-1.43,0.00,0.000,0.000,0.000,1.07,-3.79,-9.32,36.9,10.8,-745.1,76.6,118.3,4.262,0.0,False,False,False,804.38,
0,104,2026-01-04 12:46:40.939,14.40,0.38,-252.25,0.00,0.000,0.000,0.000,-7.04,-0.40,-9.42,41.6,11.0,-748.3,73.1,118.2,4.522,0.0,False,False,False,803.87,
0,105,2026-01-04 12:46:41.277,15.22,0.50,168.99,0.06,0.000,0.000,0.000,2.42,-2.37,-10.32,46.5,13.6,-752.1,69.9,118.2,4.684,0.0,False,False,False,802.22,
0,106,2026-01-04 12:46:41.629,15.96,0.67,17.73,0.00,0.000,0.000,0.000,5.19,-2.23,-10.25,51.4,17.1,-755.7,66.6,118.2,4.421,0.0,False,False,False,801.35,
0,107,2026-01-04 12:46:41.973,16.40,0.49,-200.05,0.00,0.000,0.000,0.000,-7.13,-1.05,-9.61,56.5,21.3,-759.3,62.9,118.2,4.870,0.0,False,False,False,801.09,
0,108,2026-01-04 12:46:42.331,17.66,0.85,41.93,0.00,0.000,0.000,0.000,-1.03,-4.49,-9.72,62.5,26.7,-763.9,59.1,118.1,5.635,0.0,False,False,False,801.51,
0,109,2026-01-04 12:46:42.674,18.67,0.50,169.88,0.00,0.000,0.000,0.000,7.50,-2.26,-10.51,68.5,32.5,-768.5,55.2,118.0,5.769,0.0,False,False,False,2.18,
0,110,2026-01-04 12:46:43.013,19.28,0.64,94.24,0.00,0.000,0.000,0.000,9.56,-1.60,-9.64,74.5,38.0,-772.5,50.8,118.0,5.704,0.0,False,False,False,2.98,
0,111,2026-01-04 12:46:43.380,19.61,0.43,29.33,0.00,0.000,0.000,0.000,6.03,-1.74,-8.74,81.4,44.4,-776.5,44.8,118.0,6.484,0.0,False,False,False,3.11,
0,112,2026-01-04 12:46:43.717,19.61,0.31,-212.93,0.00,0.000,0.000,0.000,-8.19,0.09,-9.70,87.8,50.2,-779.8,39.2,117.9,6.218,0.0,False,False,False,0.88,
0,113,2026-01-04 12:46:44.054,19.95,0.82,-166.58,0.00,0.000,0.000,0.000,-8.59,-1.85,-8.84,94.3,56.6,-783.9,34.0,117.9,6.242,0.0,False,False,False,3.20,
0,114,2026-01-04 12:46:44.405,21.17,0.89,150.20,0.00,0.000,0.000,0.000,0.80,-4.80,-9.48,101.4,63.6,-789.0,29.0,117.8,6.815,0.0,False,False,False,1.87,
0,115,2026-01-04 12:46:44.757,21.15,0.74,-189.02,0.09,0.000,0.000,0.000,-7.02,1.06,-10.74,108.9,71.1,-794.4,23.9,117.8,7.106,0.0,False,False,False,1.82,
0,116,2026-01-04 12:46:45.123,21.49,0.77,-124.95,0.00,0.000,0.000,0.000,-9.57,-2.31,-9.69,116.6,78.9,-800.6,19.1,117.8,7.099,0.0,False,False,False,3.67,
0,117,2026-01-04 12:46:45.473,22.05,0.67,78.95,0.01,0.000,0.000,0.000,-5.90,-3.20,-10.07,124.0,86.4,-807.2,15.4,117.7,7.235,0.0,False,False,False,2.61,
0,118,2026-01-04 12:46:45.824,23.18,0.94,73.10,0.00,0.000,0.000,0.000,6.03,-0.45,-11.03,131.5,94.1,-814.4,12.0,117.7,7.559,0.0,False,False,False,3.80,
0,119,2026-01-04 12:46:46.175,23.23,0.48,-82.32,0.00,0.000,0.000,0.000,-1.35,-0.47,-8.69,139.4,102.2,-821.6,8.3,117.7,7.736,0.0,False,False,False,3.85,
0,120,2026-01-04 12:46:46.523,24.17,0.76,122.92,0.00,0.000,0.000,0.000,3.06,-1.69,-2.67,147.4,110.4,-829.0,4.5,117.5,7.898,0.0,False,False,False,3.14,
0,121,2026-01-04 12:46:46.892,23.18,0.31,-112.22,0.00,97.930,0.000,97.930,4.50,5.16,-14.79,156.0,119.1,-836.7,0.4,117.7,7.955,0.0,True,False,False,-27.31,CRASH
0,122,2026-01-04 12:46:50.306,6.59,0.33,-220.77,0.00,0.000,0.000,0.000,-4.58,-0.05,-9.89,12.0,144.4,-728.0,95.4,118.5,2.150,0.0,False,False,False,200.83,
0,123,2026-01-04 12:46:50.645,7.31,0.97,153.21,0.00,0.000,0.000,0.000,4.93,-2.67,-10.20,14.2,142.3,-730.2,94.8,118.4,2.181,0.0,False,False,False,-0.60,
0,124,2026-01-04 12:46:50.978,7.23,0.63,-176.38,0.08,0.000,0.000,0.000,-5.28,0.50,-9.84,16.7,140.0,-732.5,93.9,118.4,2.315,0.0,False,False,False,-0.27,
0,125,2026-01-04 12:46:51.329,8.41,0.83,185.17,0.10,0.000,0.000,0.000,4.14,-4.10,-10.50,19.3,137.6,-735.1,93.2,118.4,2.566,0.0,False,False,False,-0.42,
0,126,2026-01-04 12:46:51.679,9.66,0.54,73.60,0.08,0.000,0.000,0.000,2.23,-3.52,-9.65,22.5,134.6,-738.0,92.0,118.4,3.025,0.0,False,False,False,1.54,
0,127,2026-01-04 12:46:52.047,10.53,0.42,-146.83,0.00,0.001,0.001,0.001,-7.51,-0.10,-23.79,26.2,131.1,-741.4,90.4,118.4,3.416,0.0,False,False,False,1.81,
0,128,2026-01-04 12:46:52.381,10.33,0.33,-173.69,0.00,0.001,0.001,0.001,-10.55,-0.34,-13.57,29.6,128.0,-744.7,89.4,118.5,3.269,0.0,False,False,False,2.00,
0,129,2026-01-04 12:46:52.732,10.22,0.76,-189.08,0.02,3000.000,0.000,3000.000,-5.54,0.91,-6.85,33.2,125.1,-748.3,88.8,118.5,3.469,0.0,True,False,False,-29.00,CRASH
0,130,2026-01-04 12:46:56.154,3.31,0.90,4.04,0.00,0.000,0.000,0.000,-0.11,-1.98,-9.11,2.2,31.2,-718.9,99.3,118.5,1.000,0.0,False,False,False,200.42,
0,131,2026-01-04 12:46:56.504,4.05,0.31,233.20,0.00,0.000,0.000,0.000,2.02,-1.53,-9.42,3.4,30.1,-719.7,98.3,118.5,1.227,0.0,False,False,False,0.11,
0,132,2026-01-04 12:46:56.854,4.46,0.75,-176.53,0.05,0.000,0.000,0.000,-3.59,-1.35,-10.18,4.9,28.9,-720.6,97.1,118.5,1.421,0.0,False,False,False,-1.05,
0,133,2026-01-04 12:46:57.203,5.82,0.79,-141.44,0.00,0.000,0.000,0.000,-2.25,-4.49,-9.69,6.7,27.3,-721.9,96.0,118.5,1.700,0.0,False,False,False,1.32,
0,134,2026-01-04 12:46:57.538,7.72,0.92,204.45,0.00,0.000,0.000,0.000,5.00,-5.51,-9.20,8.9,25.3,-723.6,94.5,118.5,2.148,0.0,False,False,False,0.48,
0,135,2026-01-04 12:46:57.903,9.48,0.56,152.34,0.02,0.000,0.000,0.000,5.17,-3.89,-10.28,12.1,22.9,-725.5,91.9,118.4,2.905,0.0,False,False,False,2.36,
0,136,2026-01-04 12:46:58.254,10.97,0.76,-54.96,0.00,0.000,0.000,0.000,-2.51,-4.35,-8.90,15.6,20.9,-727.4,88.9,118.4,3.423,0.0,False,False,False,2.88,
0,137,2026-01-04 12:46:58.588,11.97,0.48,-103.59,0.00,0.000,0.000,0.000,-5.37,-2.58,-9.62,19.4,18.8,-729.7,85.8,118.4,3.649,0.0,False,False,False,3.92,
0,138,2026-01-04 12:46:58.937,13.24,0.46,243.20,0.03,0.000,0.000,0.000,6.08,-1.39,-9.29,23.9,17.0,-732.5,82.4,118.3,4.241,0.0,False,False,False,2.31,
0,139,2026-01-04 12:46:59.287,14.02,0.42,153.18,0.00,0.000,0.000,0.000,8.53,-2.25,-8.84,28.6,17.1,-734.9,78.3,118.3,4.543,0.0,False,False,False,5.28,
0,140,2026-01-04 12:46:59.654,14.27,0.79,-207.23,0.00,0.000,0.000,0.000,-7.19,0.74,-10.45,33.6,19.2,-736.9,73.4,118.3,4.752,0.0,False,False,False,804.38,
0,141,2026-01-04 12:46:59.988,14.23,0.91,-305.88,0.00,0.000,0.000,0.000,-5.01,0.12,-5.91,38.3,21.6,-739.2,69.3,118.5,4.484,0.0,False,False,False,805.49,
0,142,2026-01-04 12:47:00.338,15.22,0.60,291.31,0.00,0.000,0.000,0.000,1.21,-3.79,-11.33,43.4,24.5,-742.2,65.2,118.4,4.869,0.0,False,False,False,803.09,
0,143,2026-01-04 12:47:00.688,13.67,0.48,-196.53,0.00,1155.543,0.000,1155.543,-5.27,10.17,-5.29,48.7,28.0,-745.3,61.0,118.4,4.996,0.0,True,False,False,771.78,CRASH
0,144,2026-01-04 12:47:04.089,7.04,0.50,216.86,0.02,0.000,0.000,0.000,4.98,-1.95,-9.86,12.2,37.9,-727.7,94.5,118.4,2.112,0.0,False,False,False,199.94,
0,145,2026-01-04 12:47:04.437,7.78,0.62,148.01,0.00,0.000,0.000,0.000,3.21,-1.60,-9.55,14.7,35.4,-729.6,92.7,118.4,2.483,0.0,False,False,False,1.91,
0,146,2026-01-04 12:47:04.787,8.06,0.42,-81.16,0.08,0.000,0.000,0.000,-3.40,-2.21,-10.59,17.4,32.8,-731.5,90.7,118.4,2.629,0.0,False,False,False,2.01,
0,147,2026-01-04 12:47:05.138,9.82,0.72,55.87,0.00,0.000,0.000,0.000,1.90,-5.30,-9.64,20.5,29.9,-733.7,88.5,118.4,2.967,0.0,False,False,False,3.22,
0,148,2026-01-04 12:47:05.487,11.15,0.72,-217.22,0.00,0.000,0.000,0.000,-6.16,-3.29,-9.40,24.1,26.5,-736.3,85.9,118.4,3.526,0.0,False,False,False,2.32,
0,149,2026-01-04 12:47:05.855,12.37,0.44,210.47,0.00,0.000,0.000,0.000,5.25,-2.97,-9.15,28.4,23.0,-739.7,83.3,118.3,3.918,0.0,False,False,False,0.68,
0,150,2026-01-04 12:47:06.188,13.29,0.64,-74.27,0.00,0.000,0.000,0.000,-0.48,-3.29,-9.67,32.7,19.6,-742.9,80.4,118.3,4.049,0.0,False,False,False,802.29,
0,151,2026-01-04 12:47:06.539,14.29,0.46,-64.10,0.00,0.000,0.000,0.000,-5.17,-2.79,-9.47,37.5,16.4,-746.6,77.3,118.3,4.599,0.0,False,False,False,804.22,
0,152,2026-01-04 12:47:06.889,15.33,0.38,115.29,0.00,0.000,0.000,0.000,6.76,-1.30,-9.80,42.7,14.3,-750.7,74.2,118.2,4.961,0.0,False,False,False,802.96,
0,153,2026-01-04 12:47:07.237,16.07,0.77,184.71,0.00,0.000,0.000,0.000,8.50,-1.02,-8.99,48.2,13.1,-754.6,70.3,118.2,5.230,0.0,False,False,False,802.12,
0,154,2026-01-04 12:47:07.604,16.17,0.36,261.13,0.00,0.000,0.000,0.000,7.72,0.12,-8.27,53.8,13.2,-757.8,65.3,118.1,5.384,0.0,False,False,False,800.55,
0,155,2026-01-04 12:47:07.940,16.16,0.36,-76.39,0.05,0.000,0.000,0.000,-0.49,0.21,-9.51,58.8,14.7,-760.0,60.4,118.1,5.124,0.0,False,False,False,800.14,
0,156,2026-01-04 12:47:08.287,16.82,0.90,-216.58,0.00,0.000,0.000,0.000,-8.01,-1.84,-8.74,64.2,18.2,-762.6,55.2,118.1,5.492,0.0,False,False,False,801.35,
0,157,2026-01-04 12:47:08.638,18.14,0.50,242.59,0.00,0.000,0.000,0.000,6.50,-2.94,-7.87,70.2,23.3,-765.9,50.1,118.0,5.820,0.0,False,False,False,0.32,
0,158,2026-01-04 12:47:08.988,18.41,0.74,-222.23,0.00,0.000,0.000,0.000,-2.16,-0.06,-9.23,76.4,28.9,-769.0,44.5,118.0,6.112,0.0,False,False,False,-0.32,
0,159,2026-01-04 12:47:09.354,18.18,0.88,-208.91,0.06,209.484,0.000,209.484,-13.03,-2.02,-15.71,83.1,35.2,-772.8,39.0,118.1,6.098,0.0,True,False,False,-27.40,CRASH
0,160,2026-01-04 12:47:12.772,3.37,0.83,200.69,0.00,0.000,0.000,0.000,2.90,-1.36,-9.48,2.2,80.9,-718.8,99.2,118.5,1.006,0.0,False,False,False,198.67,
0,161,2026-01-04 12:47:13.121,3.78,0.55,-107.84,0.03,0.000,0.000,0.000,-2.65,-1.35,-9.80,3.4,79.7,-719.6,98.3,118.5,1.196,0.0,False,False,False,-0.35,
0,162,2026-01-04 12:47:13.456,4.77,0.87,210.86,0.00,0.000,0.000,0.000,4.29,-3.06,-9.92,4.8,78.3,-720.6,97.2,118.5,1.340,0.0,False,False,False,-0.46,
0,163,2026-01-04 12:47:13.805,6.28,0.90,268.34,0.00,0.000,0.000,0.000,3.89,-4.26,-9.22,6.7,76.4,-721.5,95.5,118.5,1.835,0.0,False,False,False,2.17,
0,164,2026-01-04 12:47:14.155,7.87,0.73,-107.06,0.00,0.000,0.000,0.000,-3.30,-4.42,-10.06,9.1,74.1,-722.4,93.2,118.5,2.376,0.0,False,False,False,0.76,
0,165,2026-01-04 12:47:14.504,9.30,0.44,-97.78,0.00,0.000,0.000,0.000,-3.14,-3.62,-10.13,12.1,71.1,-723.9,90.6,118.4,2.753,0.0,False,False,False,2.96,
0,166,2026-01-04 12:47:14.854,11.07,0.76,195.75,0.00,0.000,0.000,0.000,5.70,-4.75,-10.09,15.7,67.7,-725.8,87.6,118.4,3.403,0.0,False,False,False,2.02,
0,167,2026-01-04 12:47:15.188,11.93,0.50,-90.65,0.00,0.000,0.000,0.000,-4.17,-0.90,-11.12,19.5,64.0,-727.5,84.1,118.4,3.674,0.0,False,False,False,1.90,
0,168,2026-01-04 12:47:15.538,12.88,0.52,180.53,0.06,5.320,0.000,5.320,7.22,-3.47,-15.37,23.8,59.9,-729.4,80.2,118.4,4.142,0.0,False,False,False,0.31,
0,169,2026-01-04 12:47:15.888,11.77,0.94,193.66,0.00,2524.603,0.000,2524.603,-35.55,43.84,-1.94,28.4,55.9,-730.9,75.9,118.5,4.389,0.0,True,False,False,-26.30,CRASH
0,170,2026-01-04 12:47:19.322,1.01,0.42,136.53,0.00,8990.675,0.000,8990.675,5.15,1.26,-2.90,15.2,14.3,-720.8,86.0,118.6,0.622,0.0,True,False,False,170.49,CRASH
0,171,2026-01-04 12:47:22.739,6.90,0.50,197.93,0.01,0.000,0.000,0.000,5.30,-1.57,-10.15,12.3,3.7,-722.1,89.4,118.4,2.190,0.0,False,False,False,201.95,
0,172,2026-01-04 12:47:23.088,6.99,0.88,-167.29,0.00,0.000,0.000,0.000,2.78,0.34,-5.99,14.8,2.3,-722.8,87.1,118.5,2.340,0.0,False,False,False,-0.01,
0,173,2026-01-04 12:47:23.438,7.06,0.65,-342.72,0.00,0.000,0.000,0.000,-7.06,2.05,-16.17,17.3,3.2,-723.8,84.8,118.6,2.363,0.0,False,False,False,3.27,
0,174,2026-01-04 12:47:23.788,7.98,0.83,186.70,0.02,0.000,0.000,0.000,1.72,-7.04,-10.47,19.7,5.5,-725.2,82.7,118.5,2.403,0.0,False,False,False,0.93,
0,175,2026-01-04 12:47:24.140,9.53,0.51,68.27,0.00,0.000,0.000,0.000,2.30,-4.63,-10.89,22.8,8.4,-726.8,80.1,118.5,2.951,0.0,False,False,False,3.21,
0,176,2026-01-04 12:47:24.505,6.42,0.40,-257.31,0.00,5739.989,0.000,5739.989,0.31,5.21,-10.39,25.6,11.3,-728.7,77.9,118.6,2.580,0.0,True,False,False,-27.62,CRASH
0,177,2026-01-04 12:47:27.922,6.68,0.50,-30.52,0.00,0.000,0.000,0.000,-0.82,-1.85,-9.33,11.5,21.6,-728.8,99.5,118.5,2.123,0.0,False,False,False,199.32,
0,178,2026-01-04 12:47:28.271,7.12,0.45,36.84,0.00,0.000,0.000,0.000,1.04,-1.02,-10.10,13.9,21.6,-731.2,99.3,118.4,2.312,0.0,False,False,False,2.14,
0,179,2026-01-04 12:47:28.623,5.71,0.50,-134.40,0.00,2769.357,0.000,2769.357,0.33,0.24,-2.30,16.1,21.7,-733.4,99.1,118.6,2.078,0.0,True,False,False,-28.91,CRASH
0,180,2026-01-04 12:47:32.040,7.21,0.50,142.11,0.00,0.000,0.000,0.000,3.79,-2.33,-10.01,12.2,5.8,-728.5,95.9,118.5,2.248,0.0,False,False,False,199.97,
0,181,2026-01-04 12:47:32.390,7.97,0.71,-38.18,0.00,0.000,0.000,0.000,-2.36,-0.92,-9.35,14.8,5.2,-730.8,94.6,118.4,2.554,0.0,False,False,False,1.71,
0,182,2026-01-04 12:47:32.738,9.03,0.81,242.20,0.00,0.000,0.000,0.000,6.53,-3.01,-10.63,17.8,6.0,-733.4,93.1,118.4,2.825,0.0,False,False,False,2.36,
0,183,2026-01-04 12:47:33.072,10.38,0.81,-31.23,0.04,0.000,0.000,0.000,-1.33,-3.86,-8.74,20.9,8.5,-735.8,91.0,118.4,3.088,0.0,False,False,False,3.24,
0,184,2026-01-04 12:47:33.422,11.19,0.35,-116.27,0.00,0.000,0.000,0.000,-5.30,-1.89,-9.41,24.7,11.8,-738.8,88.7,118.4,3.626,0.0,False,False,False,5.29,
0,185,2026-01-04 12:47:33.788,12.82,0.50,117.35,0.00,0.000,0.000,0.000,4.72,-4.95,-10.71,29.0,15.7,-742.5,86.3,118.3,3.991,0.0,False,False,False,4.47,
0,186,2026-01-04 12:47:34.138,13.61,0.97,-220.43,0.00,0.000,0.000,0.000,-7.32,0.11,-8.64,33.7,20.2,-746.3,83.6,118.3,4.451,0.0,False,False,False,803.85,
0,187,2026-01-04 12:47:34.476,14.50,0.39,76.20,0.00,0.000,0.000,0.000,-0.23,-4.46,-14.33,38.4,24.6,-750.5,81.5,118.3,4.431,0.0,False,False,False,803.12,
0,188,2026-01-04 12:47:34.822,14.73,0.50,-126.22,0.00,0.000,0.000,0.000,-1.00,-1.00,-12.13,43.5,29.5,-755.0,79.2,118.4,4.877,0.0,False,False,False,802.92,
0,189,2026-01-04 12:47:35.172,15.42,0.99,156.07,0.00,0.000,0.000,0.000,5.30,-1.10,-10.29,48.7,34.5,-759.8,77.0,118.4,5.023,0.0,False,False,False,801.12,
0,190,2026-01-04 12:47:35.538,14.34,0.78,12.85,0.00,1126.352,0.000,1126.352,3.41,3.26,-8.08,54.2,40.1,-764.3,73.7,118.3,5.062,0.0,True,False,False,772.45,CRASH
0,191,2026-01-04 12:47:38.955,9.66,0.47,-211.03,0.00,0.000,0.000,0.000,-5.94,-2.36,-9.96,16.5,39.5,-727.5,87.8,118.4,3.059,0.0,False,False,False,201.89,
0,192,2026-01-04 12:47:39.290,10.77,0.34,79.84,0.00,0.000,0.000,0.000,2.64,-3.64,-10.01,19.8,36.3,-730.0,85.6,118.4,3.227,0.0,False,False,False,1.76,
0,193,2026-01-04 12:47:39.621,12.15,0.95,49.12,0.00,0.000,0.000,0.000,2.37,-4.29,-9.63,23.6,33.0,-732.7,82.8,118.4,3.628,0.0,False,False,False,3.93,
0,194,2026-01-04 12:47:39.970,13.71,0.50,114.80,0.00,0.000,0.000,0.000,5.17,-4.14,-9.56,28.1,29.4,-735.5,79.3,118.3,4.330,0.0,False,False,False,4.60,
0,195,2026-01-04 12:47:40.323,14.79,0.62,-103.10,0.00,0.000,0.000,0.000,-4.60,-2.76,-10.48,33.1,26.1,-738.3,75.2,118.3,4.777,0.0,False,False,False,804.10,
0,196,2026-01-04 12:47:40.688,16.20,0.78,-14.27,0.01,0.000,0.000,0.000,-2.39,-4.05,-9.44,38.8,22.7,-741.8,70.7,118.3,5.161,0.0,False,False,False,805.31,
0,197,2026-01-04 12:47:41.038,16.72,0.40,203.25,0.00,0.000,0.000,0.000,3.79,1.04,-10.83,44.6,20.3,-745.4,66.2,118.2,5.543,0.0,False,False,False,803.87,
0,198,2026-01-04 12:47:41.373,17.07,0.97,36.25,0.00,0.000,0.000,0.000,10.46,-1.99,-12.31,50.2,20.0,-748.5,61.5,118.3,5.345,0.0,False,False,False,799.55,
0,199,2026-01-04 12:47:41.724,11.20,0.50,259.11,0.08,14762.484,0.000,14762.484,4.90,7.69,-4.93,55.1,22.1,-750.2,56.6,118.3,4.835,0.0,True,False,False,770.18,CRASH
0,200,2026-01-04 12:47:45.125,3.31,0.33,145.09,0.00,0.000,0.000,0.000,2.02,-1.89,-10.68,2.1,53.0,-718.7,99.3,118.5,0.940,0.0,False,False,False,200.63,
0,201,2026-01-04 12:47:45.472,3.85,0.85,-76.56,0.00,0.000,0.000,0.000,-1.96,-1.32,-10.11,3.3,51.8,-719.6,98.3,118.5,1.201,0.0,False,False,False,0.28,
0,202,2026-01-04 12:47:45.823,4.83,0.97,-10.91,0.00,0.000,0.000,0.000,-0.31,-3.28,-10.22,4.8,50.3,-720.6,97.3,118.5,1.436,0.0,False,False,False,1.73,
0,203,2026-01-04 12:47:46.172,6.01,0.36,201.01,0.05,0.000,0.000,0.000,3.84,-3.16,-9.61,6.7,48.4,-721.9,95.8,118.5,1.819,0.0,False,False,False,0.89,
0,204,2026-01-04 12:47:46.523,7.57,0.60,78.51,0.03,0.000,0.000,0.000,1.98,-4.74,-9.80,9.0,46.0,-723.1,93.8,118.5,2.262,0.0,False,False,False,1.64,
0,205,2026-01-04 12:47:46.890,8.87,0.42,140.06,0.08,0.000,0.000,0.000,4.56,-3.02,-9.25,12.0,43.0,-724.5,91.2,118.4,2.778,0.0,False,False,False,2.95,
0,206,2026-01-04 12:47:47.241,10.20,0.91,-193.78,0.00,0.000,0.000,0.000,-5.58,-3.40,-9.43,15.3,39.8,-725.9,88.1,118.4,3.181,0.0,False,False,False,1.56,
0,207,2026-01-04 12:47:47.590,11.54,0.72,-114.35,0.00,0.000,0.000,0.000,-5.41,-3.84,-8.82,19.1,36.0,-728.0,84.9,118.4,3.624,0.0,False,False,False,3.09,
0,208,2026-01-04 12:47:47.939,13.27,0.50,106.97,0.00,0.000,0.000,0.000,4.55,-4.91,-9.57,23.4,31.7,-730.7,81.5,118.4,4.134,0.0,False,False,False,3.54,
0,209,2026-01-04 12:47:48.291,13.89,0.54,73.01,0.00,0.000,0.000,0.000,4.50,-1.94,-9.19,28.2,26.9,-733.3,77.6,118.4,4.527,0.0,False,False,False,4.67,
0,210,2026-01-04 12:47:48.657,1.26,0.00,-133.04,1.00,23688.389,0.000,23688.389,9.52,-2.69,-5.59,28.7,26.3,-733.9,77.3,118.4,0.468,0.0,True,False,False,-30.42,CRASH
0,211,2026-01-04 12:47:52.056,3.21,0.79,-156.75,0.00,0.000,0.000,0.000,-1.98,-1.51,-10.55,2.1,26.7,-718.8,99.4,118.5,0.976,0.0,False,False,False,201.26,
0,212,2026-01-04 12:47:52.407,3.83,0.53,-126.13,0.00,0.000,0.000,0.000,-0.47,-1.70,-9.24,3.3,25.6,-719.8,98.7,118.5,1.173,0.0,False,False,False,1.45,
0,213,2026-01-04 12:47:52.740,4.58,0.84,-204.72,0.00,0.000,0.000,0.000,-2.75,-2.43,-9.58,4.7,24.3,-721.0,97.9,118.5,1.325,0.0,False,False,False,1.56,
0,214,2026-01-04 12:47:53.090,5.83,0.68,-290.27,0.00,0.000,0.000,0.000,-4.11,-3.43,-8.82,6.4,22.9,-722.7,97.2,118.5,1.730,0.0,False,False,False,1.80,
0,215,2026-01-04 12:47:53.424,7.49,0.73,141.57,0.10,0.000,0.000,0.000,4.08,-4.81,-10.22,8.5,21.4,-724.8,96.7,118.5,2.107,0.0,False,False,False,-0.20,
0,216,2026-01-04 12:47:53.791,9.43,0.70,34.62,0.00,0.000,0.000,0.000,0.34,-5.31,-9.94,11.6,19.2,-727.6,95.4,118.5,2.845,0.0,False,False,False,1.83,
0,217,2026-01-04 12:47:54.124,10.81,0.80,-206.31,0.00,0.000,0.000,0.000,-5.85,-2.92,-9.27,15.0,17.1,-730.8,94.2,118.5,3.235,0.0,False,False,False,2.04,
0,218,2026-01-04 12:47:54.473,11.49,0.40,-208.03,0.00,0.000,0.000,0.000,-8.06,-1.48,-9.40,18.8,16.1,-734.6,93.4,118.4,3.718,0.0,False,False,False,2.63,
0,219,2026-01-04 12:47:54.823,12.58,0.50,196.46,0.07,0.149,0.149,0.149,3.11,-1.24,-17.92,22.8,16.7,-738.8,93.3,118.5,4.043,0.0,False,False,False,1.23,
0,220,2026-01-04 12:47:55.175,11.98,0.70,-188.97,0.00,0.207,0.207,0.207,1.20,5.88,-10.53,27.0,18.1,-743.1,92.9,118.6,4.120,0.0,False,False,False,0.77,
0,221,2026-01-04 12:47:55.540,2.86,0.73,125.36,0.00,19986.488,0.000,19986.488,-12.12,0.63,-16.35,29.4,18.6,-745.4,91.9,118.5,2.056,0.0,True,False,False,-30.13,CRASH
0,222,2026-01-04 12:47:58.958,9.40,0.64,165.72,0.00,0.000,0.000,0.000,4.34,-6.28,-8.06,15.5,22.8,-723.2,86.5,118.5,2.896,0.0,False,False,False,202.11,
0,223,2026-01-04 12:47:59.307,8.61,0.42,324.10,0.00,3000.000,0.000,3000.000,5.53,1.68,-4.82,18.8,23.2,-723.9,83.2,118.6,3.229,0.0,True,False,False,-26.44,CRASH
0,224,2026-01-04 12:48:02.708,6.01,1.00,147.86,0.00,0.000,0.000,0.000,5.53,-3.57,-6.88,11.4,8.6,-718.0,89.4,118.6,1.837,0.0,False,False,False,200.16,
0,225,2026-01-04 12:48:03.057,0.43,0.30,-190.40,0.00,6946.164,0.000,6946.164,0.45,-3.22,-9.70,11.6,8.3,-718.2,89.2,118.6,0.300,0.0,True,False,False,-31.66,CRASH
0,226,2026-01-04 12:48:06.473,6.75,0.47,231.50,0.00,0.000,0.000,0.000,5.13,-0.66,-10.15,11.6,14.5,-728.8,99.1,118.4,2.162,0.0,False,False,False,198.96,
0,227,2026-01-04 12:48:06.807,6.79,0.50,-39.91,0.00,0.000,0.000,0.000,-2.32,-0.43,-9.95,13.9,15.7,-731.0,98.4,118.4,2.152,0.0,False,False,False,1.23,
0,228,2026-01-04 12:48:07.158,7.78,0.68,157.46,0.00,0.000,0.000,0.000,4.12,-3.48,-10.45,16.4,17.3,-733.4,97.6,118.4,2.402,0.0,False,False,False,1.97,
0,229,2026-01-04 12:48:07.508,7.47,0.48,-150.59,0.06,127.225,0.000,127.225,-3.96,2.04,-6.43,19.0,19.1,-735.9,96.6,118.5,2.583,0.0,True,False,False,-28.59,CRASH
0,230,2026-01-04 12:48:10.924,3.30,0.63,47.56,0.01,0.000,0.000,0.000,0.23,-1.79,-9.30,2.2,17.3,-718.8,99.3,118.5,0.997,0.0,False,False,False,200.13,
0,231,2026-01-04 12:48:11.274,3.79,0.43,-188.82,0.00,0.000,0.000,0.000,-1.44,-1.59,-8.54,3.4,16.2,-719.7,98.4,118.5,1.188,0.0,False,False,False,0.15,
0,232,2026-01-04 12:48:11.624,4.43,0.60,-164.22,0.00,0.000,0.000,0.000,-1.16,-1.78,-9.58,4.8,15.0,-720.9,97.6,118.5,1.369,0.0,False,False,False,1.63,
0,233,2026-01-04 12:48:11.975,5.47,0.49,146.52,0.00,0.000,0.000,0.000,2.93,-3.41,-9.30,6.5,13.6,-722.3,96.6,118.5,1.645,0.0,False,False,False,0.35,
0,234,2026-01-04 12:48:12.324,6.73,0.69,13.61,0.00,0.000,0.000,0.000,-0.16,-4.32,-10.26,8.6,12.1,-723.9,95.2,118.5,2.034,0.0,False,False,False,1.46,
0,235,2026-01-04 12:48:12.676,8.20,0.47,66.89,0.01,0.000,0.000,0.000,1.60,-3.74,-10.29,11.3,10.5,-725.8,93.4,118.4,2.393,0.0,False,False,False,2.68,
0,236,2026-01-04 12:48:13.023,10.08,0.94,53.91,0.00,0.000,0.000,0.000,1.70,-5.94,-9.51,14.4,9.6,-728.0,91.1,118.4,3.043,0.0,False,False,False,3.34,
0,237,2026-01-04 12:48:13.374,11.79,0.99,226.96,0.00,0.000,0.000,0.000,6.79,-3.82,-8.96,18.2,10.1,-730.4,88.1,118.4,3.681,0.0,False,False,False,4.39,
0,238,2026-01-04 12:48:13.723,12.99,0.40,133.98,0.00,0.000,0.000,0.000,8.49,-3.30,-10.04,22.4,12.9,-732.4,84.2,118.4,4.139,0.0,False,False,False,5.49,
0,239,2026-01-04 12:48:14.075,13.75,0.70,-59.52,0.10,0.000,0.000,0.000,-2.34,-2.10,-11.56,26.7,16.9,-733.8,79.8,118.3,4.469,0.0,False,False,False,5.65,
0,240,2026-01-04 12:48:14.426,4.96,0.68,88.28,0.05,49769.250,0.000,49769.250,-2.67,18.80,-5.17,30.2,20.0,-735.4,76.6,118.3,3.107,0.0,True,False,False,773.57,CRASH
0,241,2026-01-04 12:48:17.825,3.32,0.73,95.49,0.00,0.000,0.000,0.000,0.63,-2.17,-9.16,2.1,28.1,-718.8,99.3,118.5,0.951,0.0,False,False,False,201.35,
0,242,2026-01-04 12:48:18.174,3.70,0.70,270.38,0.08,0.000,0.000,0.000,0.81,-1.13,-9.56,3.4,26.9,-719.5,98.3,118.5,1.178,0.0,False,False,False,0.69,
0,243,2026-01-04 12:48:18.524,4.39,0.71,-118.46,0.00,0.000,0.000,0.000,-2.95,-2.73,-9.30,4.7,25.5,-720.3,97.1,118.5,1.342,0.0,False,False,False,-0.43,
0,244,2026-01-04 12:48:18.873,4.93,0.31,-341.77,0.09,0.000,0.000,0.000,-4.66,-0.95,-9.41,6.4,23.9,-721.5,96.0,118.5,1.571,0.0,False,False,False,1.87,
0,245,2026-01-04 12:48:19.207,6.20,0.88,-240.41,0.05,0.000,0.000,0.000,-3.44,-3.65,-9.72,8.1,22.2,-723.1,95.1,118.5,1.745,0.0,False,False,False,1.95,
0,246,2026-01-04 12:48:19.576,7.91,0.53,182.21,0.09,0.000,0.000,0.000,4.82,-4.37,-9.97,10.6,20.0,-725.4,93.9,118.4,2.374,0.0,False,False,False,0.28,
0,247,2026-01-04 12:48:19.924,9.72,0.85,-10.28,0.00,0.000,0.000,0.000,-0.37,-5.34,-9.84,13.7,17.3,-727.9,92.2,118.4,2.946,0.0,False,False,False,1.82,
0,248,2026-01-04 12:48:20.258,11.36,0.64,133.36,0.00,0.000,0.000,0.000,5.24,-4.12,-10.06,17.2,14.3,-730.8,90.2,118.4,3.368,0.0,False,False,False,3.52,
0,249,2026-01-04 12:48:20.607,12.51,0.50,333.70,0.00,0.000,0.000,0.000,7.36,-2.22,-9.74,21.4,10.7,-733.8,87.2,118.4,4.004,0.0,False,False,False,2.94,
0,250,2026-01-04 12:48:20.958,13.48,0.91,-161.61,0.00,0.000,0.000,0.000,-1.41,-2.37,-8.31,25.8,7.0,-736.5,83.5,118.4,4.347,0.0,False,False,False,2.48,
0,251,2026-01-04 12:48:21.325,14.82,0.98,201.91,0.00,0.000,0.000,0.000,5.34,-2.98,-9.27,30.8,4.9,-739.5,79.3,118.3,4.701,0.0,False,False,False,803.01,
0,252,2026-01-04 12:48:21.674,15.69,0.99,-148.71,0.03,0.000,0.000,0.000,-4.35,-1.31,-9.87,36.1,7.1,-742.3,74.8,118.3,5.120,0.0,False,False,False,805.36,
0,253,2026-01-04 12:48:22.024,17.04,0.80,150.59,0.00,0.000,0.000,0.000,5.42,-3.17,-8.19,41.7,12.0,-745.5,70.1,118.2,5.449,0.0,False,False,False,806.70,
0,254,2026-01-04 12:48:22.376,17.62,0.99,-126.18,0.05,0.000,0.000,0.000,-2.96,-0.73,-9.85,47.7,17.7,-748.6,64.8,118.2,5.808,0.0,False,False,False,806.74,
0,255,2026-01-04 12:48:22.724,18.57,0.50,21.86,0.00,26.898,0.000,26.898,-0.89,-1.75,-12.99,54.0,23.8,-752.2,59.6,118.2,6.022,0.0,False,False,False,793.03,
0,256,2026-01-04 12:48:23.092,18.74,0.76,67.78,0.00,285.616,0.000,285.616,7.74,-2.16,-8.30,60.7,30.6,-756.2,54.1,118.2,6.188,0.0,True,False,False,773.20,CRASH
0,257,2026-01-04 12:48:26.508,9.89,0.79,-161.64,0.00,0.000,0.000,0.000,-5.34,-4.02,-9.43,16.1,44.9,-725.7,87.1,118.4,3.046,0.0,False,False,False,201.80,
0,258,2026-01-04 12:48:26.858,11.27,0.51,183.85,0.00,0.000,0.000,0.000,5.41,-3.69,-11.76,19.8,41.2,-727.9,84.1,118.4,3.558,0.0,False,False,False,1.79,
0,259,2026-01-04 12:48:27.209,11.25,0.50,-170.13,0.00,0.000,0.000,0.000,-5.02,1.76,-9.03,23.7,37.4,-730.0,80.8,118.4,3.754,0.0,False,False,False,1.84,
0,260,2026-01-04 12:48:27.558,12.09,0.70,-233.27,0.00,0.000,0.000,0.000,-4.00,-1.41,-6.53,27.8,33.3,-732.7,77.6,118.4,3.900,0.0,False,False,False,4.19,
0,261,2026-01-04 12:48:27.892,1.43,0.50,124.68,0.00,22155.479,0.000,22155.479,8.14,-2.20,-14.51,28.4,32.5,-733.4,77.3,118.4,0.660,0.0,True,False,False,-30.93,CRASH
0,262,2026-01-04 12:48:31.325,6.36,0.50,-66.24,0.02,152.248,0.000,152.248,-2.21,-0.22,-10.40,12.3,17.0,-721.2,89.1,118.5,2.084,0.0,True,False,False,170.63,CRASH
0,263,2026-01-04 12:48:34.740,3.21,0.74,-214.05,0.00,0.000,0.000,0.000,-2.20,-1.03,-9.54,2.2,10.4,-718.9,99.3,118.5,0.983,0.0,False,False,False,200.21,
0,264,2026-01-04 12:48:35.074,3.62,0.66,-368.61,0.00,0.000,0.000,0.000,-3.50,-0.92,-10.18,3.3,9.7,-719.9,98.8,118.5,1.081,0.0,False,False,False,1.41,
0,265,2026-01-04 12:48:35.424,4.75,0.99,-4.44,0.00,0.000,0.000,0.000,2.49,-3.93,-9.72,4.7,9.1,-721.2,98.2,118.5,1.379,0.0,False,False,False,0.09,
0,266,2026-01-04 12:48:35.758,6.22,0.63,-10.93,0.00,0.000,0.000,0.000,-0.27,-4.68,-9.14,6.5,8.4,-722.8,97.4,118.5,1.740,0.0,False,False,False,1.88,
0,267,2026-01-04 12:48:36.107,7.66,0.65,-242.31,0.00,0.000,0.000,0.000,-6.09,-3.08,-10.03,8.9,8.3,-725.1,96.4,118.5,2.342,0.0,False,False,False,1.01,
0,268,2026-01-04 12:48:36.474,9.67,0.67,74.68,0.00,0.000,0.000,0.000,2.60,-5.80,-11.07,12.0,9.6,-728.1,95.7,118.5,2.885,0.0,False,False,False,1.86,
0,269,2026-01-04 12:48:36.808,11.23,0.85,199.65,0.00,0.000,0.000,0.000,6.72,-3.52,-8.70,15.4,11.6,-731.4,94.5,118.4,3.342,0.0,False,False,False,4.43,
0,270,2026-01-04 12:48:37.158,12.49,0.50,180.04,0.00,0.000,0.000,0.000,8.27,-3.03,-9.72,19.6,14.2,-735.0,92.4,118.4,3.965,0.0,False,False,False,5.51,
0,271,2026-01-04 12:48:37.493,12.91,0.51,-229.32,0.00,0.000,0.000,0.000,-3.73,3.33,-8.93,23.8,17.1,-738.3,89.6,118.4,4.086,0.0,False,False,False,3.35,
0,272,2026-01-04 12:48:37.825,12.93,0.69,-313.01,0.03,0.000,0.000,0.000,-8.78,-0.39,-10.31,28.0,20.8,-741.9,87.4,118.3,4.073,0.0,False,False,False,5.18,
0,273,2026-01-04 12:48:38.192,13.62,0.53,203.39,0.06,0.283,0.283,0.283,0.34,-4.28,-18.96,32.9,25.5,-746.4,85.6,118.4,4.430,0.0,False,False,False,2.59,
0,274,2026-01-04 12:48:38.541,13.59,0.74,343.55,0.06,2.374,0.000,2.374,11.76,2.20,-13.32,37.6,30.0,-750.7,83.3,118.4,4.525,0.0,False,False,False,802.76,
0,275,2026-01-04 12:48:38.892,12.90,0.37,-295.57,0.00,2.374,0.000,2.374,-1.35,1.30,-7.99,42.1,34.1,-754.1,80.3,118.4,4.382,0.0,False,False,False,802.14,
0,276,2026-01-04 12:48:39.242,12.63,0.85,-170.46,0.04,2.374,0.000,2.374,2.34,-0.57,-9.97,46.4,38.0,-757.3,77.2,118.4,4.212,0.0,False,False,False,802.93,
0,277,2026-01-04 12:48:39.591,13.91,0.81,261.69,0.00,2.374,0.000,2.374,2.84,-0.55,-8.52,50.9,42.1,-760.4,73.7,118.3,4.455,0.0,False,False,False,800.49,
0,278,2026-01-04 12:48:39.958,15.18,0.91,79.90,0.01,2.374,0.000,2.374,8.57,-3.14,-9.80,55.8,46.6,-763.4,69.4,118.2,4.848,0.0,False,False,False,801.25,
0,279,2026-01-04 12:48:40.308,14.57,0.50,-130.89,0.00,920.090,0.000,920.090,-10.88,1.53,-13.78,60.5,50.9,-765.9,64.8,118.1,4.959,0.0,True,False,False,771.33,CRASH
0,280,2026-01-04 12:48:43.708,8.78,0.33,-172.57,0.00,0.000,0.000,0.000,-5.27,-1.42,-9.44,14.9,46.0,-730.8,94.5,118.4,2.682,0.0,False,False,False,201.15,
0,281,2026-01-04 12:48:44.057,9.77,0.72,-316.68,0.00,0.000,0.000,0.000,-7.40,-2.61,-9.27,18.0,43.2,-734.0,93.9,118.4,3.080,0.0,False,False,False,2.16,
0,282,2026-01-04 12:48:44.408,11.31,0.84,139.85,0.02,0.000,0.000,0.000,0.82,-4.18,-18.97,21.4,40.7,-737.7,94.0,118.4,3.516,0.0,False,False,False,-0.65,
0,283,2026-01-04 12:48:44.759,10.87,0.58,-90.03,0.09,0.000,0.000,0.000,-1.52,-0.94,-5.84,25.2,38.0,-741.6,94.0,118.6,3.726,0.0,False,False,False,0.06,
0,284,2026-01-04 12:48:45.108,3.11,0.30,-122.92,0.00,25559.791,0.000,25559.791,-0.64,-4.37,-14.21,26.8,36.6,-743.1,93.5,118.6,1.483,0.0,True,False,False,-29.13,CRASH
0,285,2026-01-04 12:48:48.542,6.70,0.89,106.95,0.07,0.000,0.000,0.000,2.01,-0.55,-9.75,12.4,15.2,-728.0,94.5,118.4,2.180,0.0,False,False,False,200.78,
0,286,2026-01-04 12:48:48.890,6.84,0.93,230.67,0.07,0.000,0.000,0.000,5.16,-0.02,-8.80,14.7,13.3,-729.8,93.0,118.4,2.254,0.0,False,False,False,2.58,
0,287,2026-01-04 12:48:49.242,7.77,0.96,-75.14,0.00,0.000,0.000,0.000,-3.17,-3.78,-9.97,17.2,11.8,-731.5,91.1,118.4,2.406,0.0,False,False,False,1.33,
0,288,2026-01-04 12:48:49.591,9.28,0.66,143.29,0.08,0.000,0.000,0.000,4.69,-4.44,-9.75,20.1,10.5,-733.6,89.0,118.4,2.846,0.0,False,False,False,1.84,
0,289,2026-01-04 12:48:49.927,10.21,0.44,-168.91,0.00,0.000,0.000,0.000,-4.79,-2.23,-8.71,23.3,10.1,-735.8,86.6,118.4,3.112,0.0,False,False,False,1.42,
0,290,2026-01-04 12:48:50.290,11.52,0.44,85.30,0.00,0.000,0.000,0.000,3.53,-4.09,-10.42,27.2,10.5,-738.7,83.9,118.3,3.612,0.0,False,False,False,3.66,
0,291,2026-01-04 12:48:50.626,12.05,0.40,202.66,0.08,0.000,0.000,0.000,8.67,-1.43,-8.49,31.1,12.6,-741.4,81.0,118.3,3.742,0.0,False,False,False,805.65,
0,292,2026-01-04 12:48:50.975,11.95,0.45,-221.80,0.07,0.000,0.000,0.000,-5.95,2.76,-8.74,35.2,15.9,-743.8,77.5,118.3,4.039,0.0,False,False,False,803.64,
0,293,2026-01-04 12:48:51.309,12.36,0.50,-364.98,0.00,0.000,0.000,0.000,-6.95,-2.21,-8.73,39.2,19.1,-746.6,74.6,118.3,3.806,0.0,False,False,False,805.31,
0,294,2026-01-04 12:48:51.657,13.13,0.50,-271.48,0.00,0.000,0.000,0.000,-10.72,-2.13,-12.58,43.6,22.5,-750.2,72.1,118.2,4.237,0.0,False,False,False,804.63,
0,295,2026-01-04 12:48:52.009,13.99,0.34,143.21,0.00,0.000,0.000,0.000,4.81,-2.36,-8.62,48.2,25.9,-754.5,70.2,118.2,4.272,0.0,False,False,False,799.92,
0,296,2026-01-04 12:48:52.358,15.08,0.79,67.78,0.00,0.000,0.000,0.000,5.33,-3.36,-9.61,53.1,30.1,-759.0,67.9,118.2,4.835,0.0,False,False,False,802.32,
0,297,2026-01-04 12:48:52.693,15.76,0.42,9.01,0.05,0.000,0.000,0.000,1.09,-1.71,-10.72,58.2,34.9,-763.3,65.0,118.1,4.900,0.0,False,False,False,802.48,
0,298,2026-01-04 12:48:53.041,16.50,0.60,-119.21,0.00,0.000,0.000,0.000,-7.00,-2.13,-8.77,63.9,40.1,-768.1,62.0,118.1,5.382,0.0,False,False,False,802.66,
0,299,2026-01-04 12:48:53.376,16.78,0.72,-77.90,0.07,0.000,0.000,0.000,-2.29,0.57,-6.28,69.3,45.2,-773.2,59.7,118.2,5.305,0.0,False,False,False,2.64,
0,300,2026-01-04 12:48:53.741,17.13,0.47,-67.55,0.00,0.436,0.436,0.436,-2.07,-0.95,-2.33,75.3,50.7,-779.0,57.6,118.3,5.651,0.0,False,False,False,2.72,
0,301,2026-01-04 12:48:54.091,2.82,0.00,39.49,1.00,39213.002,0.000,39213.002,-3.35,-0.38,-11.50,76.6,52.0,-780.0,56.8,118.2,1.015,0.0,True,False,False,-29.51,CRASH
0,302,2026-01-04 12:48:57.494,3.19,0.80,-167.00,0.00,0.000,0.000,0.000,-1.76,-1.14,-10.01,2.1,74.5,-718.8,99.4,118.5,0.933,0.0,False,False,False,200.14,
0,303,2026-01-04 12:48:57.824,3.83,0.88,-179.64,0.00,0.000,0.000,0.000,-1.55,-2.44,-10.62,3.2,73.4,-719.8,98.7,118.5,1.106,0.0,False,False,False,1.47,
0,304,2026-01-04 12:48:58.176,5.16,0.42,187.48,0.00,0.000,0.000,0.000,3.22,-3.71,-10.64,4.8,71.8,-721.0,97.8,118.5,1.492,0.0,False,False,False,-0.22,
0,305,2026-01-04 12:48:58.509,6.45,0.54,-89.04,0.00,0.000,0.000,0.000,-2.81,-4.48,-9.09,6.7,69.9,-722.4,96.5,118.5,1.849,0.0,False,False,False,0.52,
0,306,2026-01-04 12:48:58.860,7.93,0.49,-114.06,0.00,0.000,0.000,0.000,-2.45,-3.99,-10.71,9.2,67.4,-724.5,95.0,118.5,2.407,0.0,False,False,False,2.73,
0,307,2026-01-04 12:48:59.224,9.81,0.56,200.00,0.00,0.000,0.000,0.000,5.79,-4.18,-10.56,12.4,64.2,-727.2,93.2,118.4,2.985,0.0,False,False,False,1.60,
0,308,2026-01-04 12:48:59.575,10.92,0.53,-118.48,0.00,0.000,0.000,0.000,-4.71,-2.46,-10.15,16.1,60.5,-730.0,90.9,118.4,3.483,0.0,False,False,False,1.88,
0,309,2026-01-04 12:48:59.909,12.20,0.50,9.59,0.00,0.000,0.000,0.000,0.09,-4.25,-10.29,19.9,56.7,-733.1,88.6,118.4,3.653,0.0,False,False,False,3.12,
0,310,2026-01-04 12:49:00.259,13.49,0.90,-150.39,0.00,0.000,0.000,0.000,-6.39,-3.78,-9.56,24.4,52.2,-736.8,86.1,118.4,4.303,0.0,False,False,False,3.64,
0,311,2026-01-04 12:49:00.608,14.19,0.61,-272.34,0.00,0.000,0.000,0.000,-9.68,-1.81,-10.70,29.2,47.4,-741.2,84.1,118.3,4.621,0.0,False,False,False,2.61,
0,312,2026-01-04 12:49:00.975,14.53,0.43,-227.47,0.07,0.000,0.000,0.000,-9.28,0.52,-9.92,34.1,42.6,-746.4,82.9,118.3,4.823,0.0,False,False,False,802.51,
0,313,2026-01-04 12:49:01.310,14.31,0.57,-127.48,0.06,198.933,0.000,198.933,-3.42,-1.33,-3.38,38.3,38.9,-751.2,82.8,118.5,4.571,0.0,True,False,False,770.26,CRASH
0,314,2026-01-04 12:49:04.728,3.22,0.69,-192.25,0.00,0.000,0.000,0.000,-1.46,-0.70,-9.27,2.1,36.3,-718.9,99.3,118.5,0.986,0.0,False,False,False,201.27,
0,315,2026-01-04 12:49:05.228,3.93,0.64,63.61,0.00,0.000,0.000,0.000,2.38,-2.02,-10.12,3.4,35.0,-719.9,98.6,118.5,1.190,0.0,False,False,False,0.08,
0,316,2026-01-04 12:49:05.579,5.34,0.68,55.54,0.00,0.000,0.000,0.000,0.89,-3.50,-10.09,5.7,32.9,-721.5,96.9,118.5,1.595,0.0,False,False,False,1.99,
0,317,2026-01-04 12:49:05.928,6.43,0.41,-58.98,0.06,0.000,0.000,0.000,-1.34,-2.88,-10.33,7.7,30.9,-723.0,95.5,118.5,1.977,0.0,False,False,False,2.27,
0,318,2026-01-04 12:49:06.278,8.40,0.80,219.26,0.00,0.000,0.000,0.000,6.65,-5.47,-9.10,10.3,28.6,-724.8,93.7,118.4,2.464,0.0,False,False,False,1.17,
0,319,2026-01-04 12:49:06.646,9.83,0.87,-165.05,0.08,0.000,0.000,0.000,-4.32,-3.12,-10.13,13.6,25.7,-726.8,91.0,118.4,3.079,0.0,False,False,False,1.05,
0,320,2026-01-04 12:49:06.994,11.03,0.35,153.64,0.00,0.000,0.000,0.000,5.78,-2.94,-9.96,17.3,22.6,-729.2,88.3,118.4,3.482,0.0,False,False,False,1.85,
0,321,2026-01-04 12:49:07.345,11.76,0.72,302.73,0.07,0.000,0.000,0.000,7.39,-1.34,-9.93,21.2,19.9,-731.3,84.9,118.4,3.801,0.0,False,False,False,4.03,
0,322,2026-01-04 12:49:07.681,12.56,0.50,-68.78,0.00,0.000,0.000,0.000,0.81,-3.26,-8.70,25.0,18.5,-732.8,81.1,118.3,3.836,0.0,False,False,False,2.39,
0,323,2026-01-04 12:49:08.030,3.92,0.91,49.91,0.00,19449.435,0.000,19449.435,-34.56,129.02,-37.18,29.2,18.1,-734.1,76.9,118.4,4.168,0.0,True,False,False,773.76,CRASH
0,324,2026-01-04 12:49:11.462,10.71,0.49,206.18,0.05,0.000,0.000,0.000,6.58,-2.52,-9.88,18.6,10.6,-728.5,85.9,118.4,3.384,0.0,False,False,False,202.55,
0,325,2026-01-04 12:49:11.796,11.55,0.76,-208.24,0.00,0.000,0.000,0.000,-4.72,-1.54,-9.29,22.3,6.9,-730.2,82.6,118.4,3.552,0.0,False,False,False,0.56,
0,326,2026-01-04 12:49:12.146,12.08,0.50,-162.57,0.00,0.006,0.006,0.006,-6.39,-4.27,-8.78,26.3,2.8,-732.6,79.3,118.4,3.846,0.0,False,False,False,3.19,
0,327,2026-01-04 12:49:12.479,12.83,0.35,147.90,0.00,0.006,0.006,0.006,5.14,-2.54,-14.03,30.5,1.5,-735.5,76.3,118.3,3.966,0.0,False,False,False,802.67,
0,328,2026-01-04 12:49:12.829,13.48,0.79,-177.03,0.01,0.006,0.006,0.006,-3.49,-1.82,-9.08,35.1,6.0,-738.5,72.8,118.3,4.390,0.0,False,False,False,805.22,
0,329,2026-01-04 12:49:13.196,14.35,0.54,-145.39,0.00,0.006,0.006,0.006,-7.48,-2.51,-9.20,40.1,11.1,-742.3,69.5,118.3,4.628,0.0,False,False,False,807.23,
0,330,2026-01-04 12:49:13.532,15.49,0.86,141.56,0.01,0.006,0.006,0.006,4.88,-8.00,-11.11,44.8,16.0,-746.4,66.7,118.2,4.666,0.0,False,False,False,806.32,
0,331,2026-01-04 12:49:13.878,16.22,0.56,-30.28,0.00,0.006,0.006,0.006,-0.55,-2.49,-8.13,50.2,21.5,-750.8,63.4,118.2,5.298,0.0,False,False,False,804.36,
0,332,2026-01-04 12:49:14.230,17.34,0.97,44.57,0.06,0.006,0.006,0.006,3.39,-2.76,-10.32,56.0,27.4,-755.4,59.7,118.1,5.607,0.0,False,False,False,802.86,
0,333,2026-01-04 12:49:14.580,17.59,0.68,-151.09,0.09,0.006,0.006,0.006,-6.92,-0.26,-10.25,62.1,33.5,-760.2,55.9,118.1,5.847,0.0,False,False,False,801.88,
0,334,2026-01-04 12:49:14.947,17.82,0.96,-200.26,0.07,0.006,0.006,0.006,-8.34,-0.83,-8.93,68.4,40.0,-765.7,52.5,118.1,5.892,0.0,False,False,False,2.60,
0,335,2026-01-04 12:49:15.296,18.44,0.77,-21.77,0.03,0.006,0.006,0.006,-9.07,-2.35,-11.20,74.2,46.1,-771.5,50.1,118.0,6.013,0.0,False,False,False,1.85,
0,336,2026-01-04 12:49:15.632,19.62,0.50,121.36,0.00,0.006,0.006,0.006,6.80,-2.82,-9.83,80.0,52.1,-777.6,48.3,118.0,6.034,0.0,False,False,False,2.27,
0,337,2026-01-04 12:49:15.978,19.75,0.37,-227.62,0.00,0.006,0.006,0.006,-7.29,0.40,-10.76,86.4,58.8,-784.2,46.0,117.9,6.598,0.0,False,False,False,0.82,
0,338,2026-01-04 12:49:16.328,19.66,0.78,170.42,0.07,2.405,0.000,2.405,-6.83,0.04,-8.18,92.7,65.5,-790.8,44.3,118.1,6.558,0.0,False,False,False,-0.86,
0,339,2026-01-04 12:49:16.698,3.89,0.00,256.52,1.00,33940.965,0.000,33940.965,-6.46,-0.14,-6.31,96.3,69.1,-794.2,42.9,118.4,3.054,0.0,True,False,False,-29.01,CRASH
0,340,2026-01-04 12:49:20.097,3.28,0.81,44.67,0.00,0.000,0.000,0.000,0.35,-1.89,-10.34,2.1,94.2,-718.8,99.3,118.5,0.987,0.0,False,False,False,200.45,
0,341,2026-01-04 12:49:20.445,3.98,0.49,217.18,0.00,0.000,0.000,0.000,2.74,-2.12,-9.07,3.3,93.0,-719.6,98.3,118.5,1.212,0.0,False,False,False,0.51,
0,342,2026-01-04 12:49:20.781,4.60,0.64,356.71,0.04,0.000,0.000,0.000,4.48,-1.42,-9.86,4.7,91.7,-720.2,97.1,118.5,1.357,0.0,False,False,False,1.61,
0,343,2026-01-04 12:49:21.128,5.38,0.30,-76.16,0.00,0.000,0.000,0.000,-3.80,-1.82,-10.05,6.4,90.3,-720.9,95.4,118.5,1.677,0.0,False,False,False,-0.13,
0,344,2026-01-04 12:49:21.479,6.83,0.63,190.94,0.00,0.000,0.000,0.000,4.73,-4.24,-9.89,8.5,88.4,-721.8,93.5,118.5,2.019,0.0,False,False,False,0.63,
0,345,2026-01-04 12:49:21.846,7.87,0.38,-170.54,0.00,0.000,0.000,0.000,-4.80,-1.68,-9.62,11.2,86.2,-722.7,91.0,118.5,2.495,0.0,False,False,False,0.34,
0,346,2026-01-04 12:49:22.197,9.62,0.84,210.41,0.00,0.000,0.000,0.000,9.54,-3.25,-9.23,14.2,83.7,-723.9,88.2,118.4,2.907,0.0,False,False,False,0.40,
0,347,2026-01-04 12:49:22.545,9.60,0.50,308.37,0.00,0.000,0.000,0.000,8.02,1.42,-10.28,17.5,81.3,-724.6,84.9,118.5,3.192,0.0,False,False,False,2.76,
0,348,2026-01-04 12:49:22.880,3.47,0.88,-155.10,0.00,11424.002,0.000,11424.002,-14.66,67.46,-5.97,20.1,79.6,-725.0,82.2,118.6,2.571,0.0,True,False,False,-30.43,CRASH
0,349,2026-01-04 12:49:26.531,7.82,0.92,-90.97,0.00,6420.143,0.000,6420.143,1.52,0.54,-5.21,16.3,19.4,-733.6,99.6,118.7,2.752,0.0,True,False,False,170.36,CRASH
0,350,2026-01-04 12:49:29.934,11.13,0.80,221.97,0.00,0.000,0.000,0.000,7.17,-4.58,-9.88,18.3,8.4,-732.9,91.2,118.4,3.271,0.0,False,False,False,200.68,
0,351,2026-01-04 12:49:30.279,12.13,0.50,359.48,0.00,0.000,0.000,0.000,6.60,-2.82,-8.13,22.3,11.4,-735.9,88.4,118.4,3.896,0.0,False,False,False,5.85,
0,352,2026-01-04 12:49:30.614,13.01,0.39,-64.80,0.00,0.000,0.000,0.000,0.16,-2.48,-10.45,26.3,15.3,-738.4,85.1,118.3,3.985,0.0,False,False,False,4.66,
0,353,2026-01-04 12:49:30.947,13.99,0.47,176.80,0.00,0.000,0.000,0.000,6.46,-1.90,-10.28,30.6,19.7,-740.9,81.3,118.3,4.286,0.0,False,False,False,805.70,
0,354,2026-01-04 12:49:31.296,14.42,0.90,-226.82,0.08,0.000,0.000,0.000,-5.00,0.78,-8.89,35.3,24.7,-743.2,76.9,118.3,4.774,0.0,False,False,False,804.64,
0,355,2026-01-04 12:49:31.648,15.83,0.95,136.72,0.00,0.000,0.000,0.000,3.12,-5.78,-9.03,40.3,29.9,-746.1,72.5,118.3,4.744,0.0,False,False,False,805.41,
0,356,2026-01-04 12:49:31.996,16.60,0.68,249.17,0.00,0.000,0.000,0.000,9.55,-1.36,-10.72,45.8,35.6,-748.8,67.5,118.2,5.428,0.0,False,False,False,808.47,
0,357,2026-01-04 12:49:32.345,16.79,0.48,-111.73,0.00,0.000,0.000,0.000,-2.84,-0.10,-8.69,51.3,41.4,-750.9,62.0,118.2,5.572,0.0,False,False,False,801.16,
0,358,2026-01-04 12:49:32.680,4.16,0.00,-178.95,1.00,66824.332,0.000,66824.332,5.45,-2.96,-12.71,53.2,43.1,-752.4,60.8,118.2,1.743,0.0,True,False,False,770.81,CRASH
0,359,2026-01-04 12:49:36.079,3.34,0.46,224.56,0.00,0.000,0.000,0.000,3.24,-1.83,-10.64,2.1,51.1,-718.8,99.3,118.5,0.948,0.0,False,False,False,199.18,
0,360,2026-01-04 12:49:36.414,3.94,0.77,170.81,0.00,0.000,0.000,0.000,-0.04,-1.81,-9.79,3.3,49.9,-719.4,98.3,118.5,1.160,0.0,False,False,False,0.65,
0,361,2026-01-04 12:49:36.762,4.53,0.89,71.89,0.07,0.000,0.000,0.000,0.37,-2.27,-10.40,4.7,48.5,-720.2,97.0,118.5,1.402,0.0,False,False,False,1.67,
0,362,2026-01-04 12:49:37.113,5.86,0.76,-81.38,0.00,0.000,0.000,0.000,-1.56,-4.08,-9.12,6.5,46.7,-721.2,95.5,118.5,1.723,0.0,False,False,False,1.40,
0,363,2026-01-04 12:49:37.462,7.56,0.45,110.42,0.00,0.000,0.000,0.000,3.95,-4.67,-9.37,8.9,44.4,-722.6,93.6,118.5,2.254,0.0,False,False,False,1.64,
0,364,2026-01-04 12:49:37.828,9.50,0.90,-74.86,0.00,0.000,0.000,0.000,-3.07,-5.71,-9.82,12.0,41.3,-724.2,90.9,118.4,2.862,0.0,False,False,False,2.16,
0,365,2026-01-04 12:49:38.180,11.38,0.96,182.82,0.00,0.000,0.000,0.000,5.23,-4.24,-10.48,15.6,37.8,-726.1,87.8,118.4,3.504,0.0,False,False,False,2.40,
0,366,2026-01-04 12:49:38.531,12.19,0.75,-156.56,0.04,0.000,0.000,0.000,-2.55,-1.45,-10.13,19.8,33.8,-727.9,84.1,118.4,3.976,0.0,False,False,False,1.99,
0,367,2026-01-04 12:49:38.880,12.69,0.50,202.20,0.00,1000.000,0.000,1000.000,7.73,1.09,-11.97,24.2,29.6,-730.1,80.2,118.4,4.238,0.0,True,False,False,-27.96,CRASH
0,368,2026-01-04 12:49:42.282,0.65,0.80,-190.15,0.00,8668.788,0.000,8668.788,1.16,-3.92,-9.88,11.5,15.0,-718.2,89.3,118.6,0.256,0.0,True,False,False,167.90,CRASH
0,369,2026-01-04 12:49:45.697,8.83,0.86,113.37,0.08,1873.155,0.000,1873.155,4.13,2.67,-9.92,15.6,17.7,-732.8,99.1,118.5,2.964,0.0,True,False,False,169.81,CRASH
0,370,2026-01-04 12:49:49.114,2.94,0.67,-95.91,0.08,0.000,0.000,0.000,-0.90,-0.77,-10.20,2.1,14.0,-718.8,99.3,118.5,0.939,0.0,False,False,False,200.29,
0,371,2026-01-04 12:49:49.463,3.55,0.84,-117.56,0.00,0.000,0.000,0.000,-0.77,-1.93,-9.33,3.2,13.1,-719.7,98.6,118.5,1.081,0.0,False,False,False,1.37,
0,372,2026-01-04 12:49:49.812,4.58,0.45,115.80,0.00,0.000,0.000,0.000,1.88,-3.41,-9.82,4.6,12.1,-720.8,97.7,118.5,1.356,0.0,False,False,False,0.50,
0,373,2026-01-04 12:49:50.164,5.93,0.95,198.50,0.00,0.000,0.000,0.000,2.74,-3.91,-10.05,6.4,11.2,-722.0,96.4,118.5,1.751,0.0,False,False,False,2.05,
0,374,2026-01-04 12:49:50.513,6.99,0.49,-97.47,0.09,0.000,0.000,0.000,-2.94,-2.88,-10.06,8.7,10.5,-723.3,94.5,118.5,2.178,0.0,False,False,False,1.11,
0,375,2026-01-04 12:49:50.880,8.19,0.78,-288.49,0.07,0.000,0.000,0.000,-6.35,-2.19,-9.39,11.4,9.8,-725.4,92.7,118.5,2.542,0.0,False,False,False,2.20,
0,376,2026-01-04 12:49:51.230,9.59,0.36,176.56,0.00,0.000,0.000,0.000,4.99,-3.94,-9.80,14.5,9.5,-728.0,91.0,118.4,2.967,0.0,False,False,False,0.66,
0,377,2026-01-04 12:49:51.580,10.52,0.42,13.55,0.01,0.000,0.000,0.000,0.26,-3.06,-9.44,18.0,10.5,-730.7,88.8,118.4,3.351,0.0,False,False,False,3.72,
0,378,2026-01-04 12:49:51.914,11.63,0.97,-222.14,0.00,0.000,0.000,0.000,-5.89,-2.73,-9.56,21.7,12.6,-733.7,86.6,118.4,3.523,0.0,False,False,False,4.27,
0,379,2026-01-04 12:49:52.265,12.96,0.50,126.22,0.08,0.000,0.000,0.000,3.37,-4.03,-10.85,25.9,15.4,-737.4,84.4,118.3,4.088,0.0,False,False,False,4.43,
0,380,2026-01-04 12:49:52.632,13.54,0.34,108.23,0.08,0.000,0.000,0.000,5.98,-1.63,-9.91,30.8,19.5,-741.4,81.6,118.3,4.447,0.0,False,False,False,806.44,
0,381,2026-01-04 12:49:52.980,13.74,0.32,66.79,0.09,0.000,0.000,0.000,4.77,-1.22,-9.54,35.5,24.0,-744.8,78.3,118.3,4.548,0.0,False,False,False,806.86,
0,382,2026-01-04 12:49:53.330,14.35,0.78,-173.08,0.07,0.000,0.000,0.000,-7.75,-1.32,-10.43,40.4,28.8,-748.1,74.7,118.2,4.690,0.0,False,False,False,805.79,
0,383,2026-01-04 12:49:53.682,15.02,0.78,-153.55,0.00,0.000,0.000,0.000,-6.42,-0.82,-7.25,45.5,33.7,-752.2,71.5,118.2,4.909,0.0,False,False,False,805.40,
0,384,2026-01-04 12:49:54.032,15.35,0.72,-149.72,0.09,0.000,0.000,0.000,-10.68,-1.06,-10.02,50.7,38.5,-756.9,69.1,118.2,5.088,0.0,False,False,False,802.55,
0,385,2026-01-04 12:49:54.381,15.64,0.58,-235.22,0.00,0.000,0.000,0.000,-8.97,-1.22,-9.84,55.7,43.0,-762.2,67.7,118.2,4.896,0.0,False,False,False,802.37,
0,386,2026-01-04 12:49:54.732,12.14,0.31,-8.04,0.00,38219.434,0.000,38219.434,-6.31,-1.60,-2.60,60.0,46.8,-766.8,66.9,118.4,4.425,0.0,True,False,False,770.99,CRASH
0,387,2026-01-04 12:49:58.147,7.02,0.30,203.38,0.00,0.000,0.000,0.000,5.01,-1.56,-10.51,12.4,47.6,-727.7,94.1,118.4,2.226,0.0,False,False,False,200.45,
0,388,2026-01-04 12:49:58.482,7.22,0.81,-95.44,0.00,0.000,0.000,0.000,-3.50,-0.24,-9.78,14.7,45.2,-729.5,92.5,118.4,2.268,0.0,False,False,False,0.62,
0,389,2026-01-04 12:49:58.815,7.24,0.78,-304.27,0.03,0.000,0.000,0.000,-7.67,0.23,-9.78,17.1,42.9,-731.5,91.2,118.4,2.277,0.0,False,False,False,1.70,
0,390,2026-01-04 12:49:59.164,8.50,0.49,-21.40,0.04,0.000,0.000,0.000,0.59,-4.53,-10.62,19.7,40.3,-734.1,90.4,118.4,2.595,0.0,False,False,False,0.91,
0,391,2026-01-04 12:49:59.498,9.83,0.82,-217.00,0.00,0.000,0.000,0.000,-5.78,-3.59,-9.30,22.7,37.4,-737.1,89.6,118.4,2.911,0.0,False,False,False,1.04,
0,392,2026-01-04 12:49:59.863,11.65,0.80,93.38,0.00,0.000,0.000,0.000,2.58,-6.20,-10.70,26.3,34.1,-740.9,89.1,118.3,3.567,0.0,False,False,False,0.30,
0,393,2026-01-04 12:50:00.216,12.36,0.41,217.74,0.00,199.753,0.000,199.753,4.63,-4.98,-3.39,30.4,30.5,-745.0,88.2,118.5,3.998,0.0,True,False,False,-27.91,CRASH
0,394,2026-01-04 12:50:03.632,6.42,0.50,248.33,0.00,176.194,0.000,176.194,7.77,-1.27,-8.03,12.2,23.4,-721.6,89.4,118.5,2.036,0.0,True,False,False,171.02,CRASH
0,395,2026-01-04 12:50:07.048,1.55,0.48,-225.72,0.00,7207.434,0.000,7207.434,1.35,-7.74,-11.13,9.8,5.5,-716.4,91.1,118.6,0.215,0.0,True,False,False,167.03,CRASH
0,396,2026-01-04 12:50:10.467,6.88,0.39,199.50,0.00,0.000,0.000,0.000,4.66,-2.20,-10.24,11.4,15.1,-728.7,99.9,118.4,2.149,0.0,False,False,False,199.04,
0,397,2026-01-04 12:50:10.814,7.52,0.74,-52.02,0.00,0.000,0.000,0.000,-2.94,-2.17,-9.42,13.9,17.0,-731.2,99.4,118.4,2.407,0.0,False,False,False,1.41,
0,398,2026-01-04 12:50:11.150,7.48,0.55,168.34,0.00,203.814,0.000,203.814,2.99,-0.18,-4.77,16.4,18.9,-733.6,98.9,118.5,2.358,0.0,True,False,False,-28.52,CRASH
0,399,2026-01-04 12:50:14.565,6.80,0.38,16.39,0.00,0.000,0.000,0.000,0.52,-2.58,-9.73,12.4,16.5,-720.6,88.8,118.5,2.155,0.0,False,False,False,201.43,
0,400,2026-01-04 12:50:14.916,7.15,0.35,-162.34,0.00,0.000,0.000,0.000,-7.07,0.01,-11.27,14.9,17.6,-721.2,86.4,118.5,2.376,0.0,False,False,False,2.16,
0,401,2026-01-04 12:50:15.266,6.09,0.50,-162.50,0.00,3109.925,0.000,3109.925,0.27,-1.09,-10.15,17.1,18.3,-722.4,84.5,118.6,2.178,0.0,True,False,False,-26.97,CRASH
0,402,2026-01-04 12:50:18.665,8.76,0.50,137.93,0.05,0.000,0.000,0.000,4.10,-3.95,-9.81,14.1,12.7,-730.1,94.7,118.4,2.704,0.0,False,False,False,201.12,
0,403,2026-01-04 12:50:19.016,9.65,0.45,-235.66,0.00,0.000,0.000,0.000,-6.52,-1.23,-10.38,17.4,13.6,-732.9,93.1,118.4,3.103,0.0,False,False,False,1.98,
0,404,2026-01-04 12:50:19.349,9.71,0.45,-398.91,0.08,0.000,0.000,0.000,-6.80,0.05,-9.96,20.5,15.6,-736.0,92.2,118.4,3.056,0.0,False,False,False,3.85,
0,405,2026-01-04 12:50:19.698,9.77,0.31,-303.43,0.00,0.000,0.000,0.000,-12.20,4.78,-15.61,23.7,18.6,-739.4,92.1,118.4,3.246,0.0,False,False,False,3.09,
0,406,2026-01-04 12:50:20.048,7.98,0.56,182.03,0.10,6075.007,0.000,6075.007,-6.52,3.38,-15.66,26.5,21.5,-742.4,92.3,118.7,2.894,0.0,True,False,False,-30.49,CRASH
0,407,2026-01-04 12:50:23.466,3.32,0.56,171.06,0.00,0.000,0.000,0.000,1.44,-2.54,-9.93,2.1,24.7,-718.8,99.3,118.5,0.952,0.0,False,False,False,201.35,
0,408,2026-01-04 12:50:23.814,3.86,0.86,-96.72,0.00,0.000,0.000,0.000,-0.89,-1.67,-9.04,3.4,23.6,-719.6,98.3,118.5,1.207,0.0,False,False,False,-0.11,
0,409,2026-01-04 12:50:24.165,4.50,0.38,-239.96,0.03,0.000,0.000,0.000,-3.13,-1.43,-9.83,4.8,22.3,-720.7,97.4,118.5,1.397,0.0,False,False,False,1.68,
0,410,2026-01-04 12:50:24.515,5.59,0.96,-253.22,0.00,0.000,0.000,0.000,-3.19,-3.16,-9.55,6.5,20.6,-722.2,96.5,118.5,1.672,0.0,False,False,False,1.86,
0,411,2026-01-04 12:50:24.865,7.34,0.53,-21.52,0.00,0.000,0.000,0.000,0.69,-5.17,-10.40,8.7,18.4,-724.3,95.6,118.5,2.158,0.0,False,False,False,1.28,
0,412,2026-01-04 12:50:25.230,8.88,0.52,-116.45,0.00,0.000,0.000,0.000,-4.12,-3.83,-9.49,11.6,15.5,-727.1,94.6,118.5,2.737,0.0,False,False,False,2.72,
0,413,2026-01-04 12:50:25.566,10.48,0.84,158.31,0.07,0.000,0.000,0.000,5.15,-4.87,-9.80,14.7,12.3,-730.2,93.5,118.4,3.074,0.0,False,False,False,1.30,
0,414,2026-01-04 12:50:25.916,11.17,0.45,-143.93,0.07,0.000,0.000,0.000,-5.46,-0.35,-10.97,18.5,8.7,-733.7,92.1,118.4,3.655,0.0,False,False,False,1.36,
0,415,2026-01-04 12:50:26.264,11.79,0.44,-308.59,0.00,0.000,0.000,0.000,-6.46,-1.82,-8.39,22.4,5.0,-737.6,91.1,118.4,3.813,0.0,False,False,False,2.83,
0,416,2026-01-04 12:50:26.615,12.60,0.93,178.85,0.00,0.871,0.000,0.871,0.32,-2.89,-3.36,26.5,1.6,-741.8,90.8,118.5,4.068,0.0,False,False,False,-2.49,
0,417,2026-01-04 12:50:26.985,11.93,0.38,-131.90,0.00,1.204,0.333,1.204,-2.08,1.11,-5.37,30.8,4.3,-746.3,90.3,118.6,4.073,0.0,False,False,False,1.49,
0,418,2026-01-04 12:50:27.331,2.45,0.90,178.20,0.00,25787.945,0.000,25787.945,-0.86,-5.25,-7.71,32.1,5.6,-747.4,89.6,118.5,1.136,0.0,True,False,False,-30.20,CRASH
0,419,2026-01-04 12:50:30.735,1.79,0.82,-35.49,0.00,7807.184,0.000,7807.184,-1.83,2.07,-9.26,15.2,26.5,-721.1,86.0,118.6,1.171,0.0,True,False,False,169.66,CRASH
0,420,2026-01-04 12:50:34.133,9.94,0.42,226.78,0.04,0.000,0.000,0.000,5.99,-2.73,-9.81,16.8,9.7,-730.1,89.8,118.4,2.988,0.0,False,False,False,202.15,
0,421,2026-01-04 12:50:34.484,10.86,0.52,56.93,0.07,0.000,0.000,0.000,3.29,-2.94,-9.14,20.4,11.2,-732.3,86.9,118.4,3.470,0.0,False,False,False,3.92,
0,422,2026-01-04 12:50:34.832,12.24,0.50,208.69,0.00,0.000,0.000,0.000,7.54,-3.41,-9.96,24.3,13.5,-734.3,83.4,118.4,3.857,0.0,False,False,False,5.12,
0,423,2026-01-04 12:50:35.166,13.37,0.38,101.91,0.00,0.000,0.000,0.000,6.54,-3.22,-9.71,28.2,16.1,-735.8,79.4,118.3,4.069,0.0,False,False,False,5.85,
0,424,2026-01-04 12:50:35.517,14.47,0.94,-135.42,0.00,0.000,0.000,0.000,-2.79,-2.17,-13.80,32.7,19.5,-736.9,74.7,118.3,4.653,0.0,False,False,False,804.99,
0,425,2026-01-04 12:50:35.883,14.66,0.37,-98.77,0.02,0.000,0.000,0.000,-8.12,-2.26,-13.55,37.8,24.1,-738.8,69.7,118.4,4.862,0.0,False,False,False,806.26,
0,426,2026-01-04 12:50:36.233,15.38,0.68,-39.68,0.04,0.000,0.000,0.000,-6.05,-2.97,-9.01,43.0,29.1,-741.3,65.1,118.4,4.968,0.0,False,False,False,805.88,
0,427,2026-01-04 12:50:36.582,14.45,0.43,-155.01,0.00,1109.465,0.000,1109.465,-9.58,-1.87,-9.61,47.8,34.0,-744.8,61.7,118.4,4.700,0.0,True,False,False,774.30,CRASH
0,428,2026-01-04 12:50:39.999,6.68,0.50,-135.10,0.00,0.000,0.000,0.000,-3.44,-1.29,-9.34,11.8,39.1,-728.6,97.2,118.5,2.139,0.0,False,False,False,200.98,
0,429,2026-01-04 12:50:40.332,7.37,0.80,217.43,0.04,0.000,0.000,0.000,6.83,-0.77,-10.36,14.2,37.8,-730.9,96.8,118.4,2.229,0.0,False,False,False,-0.37,
0,430,2026-01-04 12:50:40.682,7.64,0.48,-125.32,0.01,0.000,0.000,0.000,-4.59,-0.74,-10.27,16.8,36.1,-733.4,96.0,118.4,2.506,0.0,False,False,False,-0.16,
0,431,2026-01-04 12:50:41.033,8.38,0.65,-366.58,0.02,0.000,0.000,0.000,-9.46,2.03,-19.71,19.6,35.0,-736.2,95.6,118.5,2.699,0.0,False,False,False,0.84,
0,432,2026-01-04 12:50:41.384,7.95,0.46,-243.79,0.02,0.000,0.000,0.000,-14.26,-1.37,-17.51,22.2,34.6,-739.0,95.8,118.6,2.660,0.0,False,False,False,0.79,
0,433,2026-01-04 12:50:41.750,2.69,0.69,38.29,0.00,8160.805,0.000,8160.805,-3.92,1.50,-4.58,23.6,34.5,-740.4,95.9,118.6,1.181,0.0,True,False,False,-30.86,CRASH
0,434,2026-01-04 12:50:45.150,8.74,0.30,44.26,0.00,0.000,0.000,0.000,1.81,-2.95,-10.62,14.7,15.0,-726.8,89.6,118.4,2.752,0.0,False,False,False,203.04,
0,435,2026-01-04 12:50:45.483,9.77,0.31,41.96,0.00,0.000,0.000,0.000,1.37,-2.96,-9.49,17.8,14.7,-728.7,87.1,118.4,2.942,0.0,False,False,False,3.32,
0,436,2026-01-04 12:50:45.833,11.01,0.79,-173.05,0.00,0.000,0.000,0.000,-5.34,-3.31,-9.54,21.4,15.1,-730.9,84.2,118.4,3.465,0.0,False,False,False,3.80,
0,437,2026-01-04 12:50:46.184,12.00,0.75,-226.55,0.00,0.000,0.000,0.000,-8.61,-1.98,-9.92,25.4,15.9,-733.8,81.4,118.4,3.852,0.0,False,False,False,5.59,
0,438,2026-01-04 12:50:46.533,13.19,0.42,110.04,0.00,0.000,0.000,0.000,2.32,-4.05,-10.01,29.6,17.1,-737.5,79.1,118.3,4.182,0.0,False,False,False,804.47,
0,439,2026-01-04 12:50:46.884,14.19,0.76,282.94,0.00,0.000,0.000,0.000,8.11,-2.28,-9.56,34.4,19.8,-741.3,76.2,118.3,4.352,0.0,False,False,False,805.03,
0,440,2026-01-04 12:50:47.232,14.52,0.45,-141.42,0.02,0.000,0.000,0.000,-2.92,0.74,-9.75,39.4,23.8,-744.8,72.5,118.3,4.817,0.0,False,False,False,805.26,
0,441,2026-01-04 12:50:47.583,15.82,0.85,231.98,0.00,0.000,0.000,0.000,6.59,-2.79,-7.43,44.7,28.4,-748.5,68.7,118.2,5.054,0.0,False,False,False,805.33,
0,442,2026-01-04 12:50:47.918,16.48,0.98,-167.17,0.00,0.000,0.000,0.000,-2.12,-0.81,-11.47,50.1,33.5,-751.8,64.5,118.2,5.135,0.0,False,False,False,801.73,
0,443,2026-01-04 12:50:48.268,17.12,0.50,-103.36,0.00,0.000,0.000,0.000,-8.28,-2.99,-8.76,56.0,38.9,-755.8,60.1,118.2,5.593,0.0,False,False,False,802.76,
0,444,2026-01-04 12:50:48.633,18.58,0.56,191.68,0.00,0.000,0.000,0.000,5.50,-3.63,-7.82,62.4,44.9,-760.7,55.9,118.1,5.961,0.0,False,False,False,801.48,
0,445,2026-01-04 12:50:49.200,18.51,0.52,-249.13,0.03,0.000,0.000,0.000,-1.31,1.88,-10.72,73.0,55.2,-767.9,48.1,118.0,6.233,0.0,False,False,False,1.15,
0,446,2026-01-04 12:50:49.549,19.34,0.87,175.36,0.00,0.000,0.000,0.000,0.78,-4.78,-10.38,79.6,61.6,-772.3,43.2,118.0,6.244,0.0,False,False,False,1.26,
0,447,2026-01-04 12:50:49.884,20.18,0.97,-54.27,0.00,0.000,0.000,0.000,0.37,-1.48,-8.81,86.2,68.1,-776.7,38.3,117.9,6.302,0.0,False,False,False,2.35,
0,448,2026-01-04 12:50:50.217,21.01,0.75,-53.78,0.00,0.000,0.000,0.000,-6.83,-2.99,-9.80,93.1,74.9,-781.5,33.3,117.9,6.533,0.0,False,False,False,3.38,
0,449,2026-01-04 12:50:50.583,21.74,0.64,-177.44,0.00,0.000,0.000,0.000,-8.82,-1.84,-9.81,100.9,82.4,-787.5,28.3,117.9,7.151,0.0,False,False,False,1.99,
0,450,2026-01-04 12:50:50.932,22.07,0.99,-145.51,0.08,0.000,0.000,0.000,-9.68,-0.12,-10.56,108.4,89.5,-794.0,24.2,117.8,7.319,0.0,False,False,False,3.56,
0,451,2026-01-04 12:50:51.268,23.11,0.75,227.07,0.00,0.000,0.000,0.000,5.39,-2.47,-10.02,115.5,96.3,-800.7,20.8,117.7,7.156,0.0,False,False,False,0.71,
0,452,2026-01-04 12:50:51.616,22.93,0.82,-210.26,0.09,0.000,0.000,0.000,-4.49,1.01,-10.33,123.4,103.8,-807.7,16.8,117.7,7.696,0.0,False,False,False,1.39,
0,453,2026-01-04 12:50:51.950,22.74,0.48,-115.32,0.04,0.000,0.000,0.000,-10.85,-0.22,-10.34,130.6,110.8,-814.6,13.6,117.7,7.222,0.0,False,False,False,3.60,
0,454,2026-01-04 12:50:52.317,23.17,0.74,242.02,0.00,0.000,0.000,0.000,-7.01,-3.06,-7.04,138.4,118.2,-822.5,10.9,117.8,7.626,0.0,False,False,False,1.78,
0,455,2026-01-04 12:50:52.651,19.01,0.34,-16.63,0.08,13322.688,0.000,13322.688,-7.67,13.31,-25.55,145.0,124.5,-829.5,8.9,118.1,6.874,0.0,True,False,False,-27.84,CRASH
0,456,2026-01-04 12:50:56.051,3.04,0.40,-228.66,0.03,0.000,0.000,0.000,-2.40,-0.86,-9.40,2.0,143.0,-718.8,99.4,118.5,0.946,0.0,False,False,False,200.03,
0,457,2026-01-04 12:50:56.399,3.75,0.78,96.25,0.00,0.000,0.000,0.000,1.78,-2.24,-9.55,3.2,141.8,-719.7,98.7,118.5,1.130,0.0,False,False,False,-0.62,
0,458,2026-01-04 12:50:56.750,3.97,0.47,-230.64,0.08,0.000,0.000,0.000,-2.68,-0.60,-9.51,4.6,140.5,-720.8,97.8,118.5,1.299,0.0,False,False,False,-0.52,
0,459,2026-01-04 12:50:57.099,5.07,0.96,79.24,0.00,0.000,0.000,0.000,2.34,-3.38,-10.12,6.1,138.9,-722.1,97.0,118.5,1.482,0.0,False,False,False,-0.09,
0,460,2026-01-04 12:50:57.450,6.25,0.42,-192.16,0.00,0.000,0.000,0.000,-4.58,-2.75,-10.65,8.1,136.9,-723.7,95.8,118.5,1.903,0.0,False,False,False,0.69,
0,461,2026-01-04 12:50:57.800,7.01,0.57,-380.90,0.10,0.000,0.000,0.000,-5.91,-1.34,-9.22,10.3,134.7,-725.9,95.0,118.5,2.114,0.0,False,False,False,2.09,
0,462,2026-01-04 12:50:58.149,9.02,0.83,-4.29,0.00,0.000,0.000,0.000,0.98,-7.30,-9.88,12.9,132.4,-728.6,94.7,118.5,2.633,0.0,False,False,False,0.57,
0,463,2026-01-04 12:50:58.499,10.53,0.90,-179.13,0.05,0.000,0.000,0.000,-6.49,-2.60,-9.41,16.1,129.6,-732.1,94.4,118.4,3.308,0.0,False,False,False,1.48,
0,464,2026-01-04 12:50:58.850,11.68,0.50,-202.26,0.00,0.000,0.000,0.000,-7.61,-3.34,-9.22,19.5,127.1,-735.9,94.9,118.4,3.695,0.0,False,False,False,1.37,
0,465,2026-01-04 12:50:59.199,11.61,0.95,192.22,0.00,0.167,0.167,0.167,-0.06,0.00,-14.33,23.0,125.1,-739.9,96.1,118.6,3.906,0.0,False,False,False,-1.64,
0,466,2026-01-04 12:50:59.567,1.37,0.00,-128.10,1.00,20739.620,0.000,20739.620,-5.43,-8.03,-17.78,23.7,124.4,-740.4,95.7,118.6,0.540,0.0,True,False,False,-31.47,CRASH
0,467,2026-01-04 12:51:02.983,3.25,0.36,-115.80,0.00,0.000,0.000,0.000,-0.78,-1.73,-9.29,2.1,21.9,-718.8,99.3,118.5,0.990,0.0,False,False,False,201.27,
0,468,2026-01-04 12:51:03.333,3.99,0.52,146.10,0.00,0.000,0.000,0.000,1.75,-1.71,-9.23,3.4,20.9,-719.8,98.5,118.5,1.209,0.0,False,False,False,0.02,
0,469,2026-01-04 12:51:03.682,4.50,0.84,-99.50,0.01,0.000,0.000,0.000,-2.06,-1.93,-9.73,4.9,19.7,-720.8,97.4,118.5,1.420,0.0,False,False,False,0.29,
0,470,2026-01-04 12:51:04.033,5.77,0.45,45.85,0.00,0.000,0.000,0.000,1.12,-4.18,-9.34,6.6,18.4,-722.1,96.2,118.5,1.702,0.0,False,False,False,1.27,
0,471,2026-01-04 12:51:04.382,6.66,0.35,-178.65,0.02,0.000,0.000,0.000,-4.05,-1.67,-10.11,8.8,16.8,-723.7,94.7,118.5,2.095,0.0,False,False,False,1.13,
0,472,2026-01-04 12:51:04.749,8.22,0.86,102.93,0.07,0.000,0.000,0.000,3.61,-4.64,-10.24,11.5,14.8,-725.9,93.1,118.4,2.460,0.0,False,False,False,1.04,
0,473,2026-01-04 12:51:05.101,9.48,0.51,-74.05,0.04,0.000,0.000,0.000,-3.46,-3.44,-9.37,14.6,13.0,-728.3,91.1,118.4,2.975,0.0,False,False,False,2.36,
0,474,2026-01-04 12:51:05.449,11.05,0.85,-98.86,0.00,0.000,0.000,0.000,-3.74,-4.23,-9.09,18.2,11.3,-731.3,89.1,118.4,3.423,0.0,False,False,False,3.55,
0,475,2026-01-04 12:51:05.784,11.93,0.46,-236.31,0.00,0.000,0.000,0.000,-7.97,-2.18,-9.95,21.9,10.0,-734.7,87.5,118.4,3.659,0.0,False,False,False,2.77,
0,476,2026-01-04 12:51:06.133,13.47,0.51,96.69,0.00,0.000,0.000,0.000,1.44,-6.02,-10.21,26.0,9.6,-738.9,86.3,118.3,4.193,0.0,False,False,False,1.85,
0,477,2026-01-04 12:51:06.501,14.38,0.39,13.77,0.00,0.000,0.000,0.000,1.63,-2.09,-8.62,31.0,11.5,-743.8,84.7,118.3,4.676,0.0,False,False,False,4.97,
0,478,2026-01-04 12:51:06.849,14.75,0.56,-180.50,0.08,0.351,0.351,0.351,-5.83,1.07,-21.24,36.0,14.9,-748.8,83.3,118.3,4.879,0.0,False,False,False,803.36,
0,479,2026-01-04 12:51:07.184,14.63,0.97,115.10,0.00,0.351,0.351,0.351,0.70,1.51,-4.71,40.6,18.7,-753.5,82.4,118.5,4.616,0.0,False,False,False,801.26,
0,480,2026-01-04 12:51:07.535,5.35,0.50,130.14,0.00,24809.293,0.000,24809.293,-8.08,24.28,-8.13,44.2,22.1,-756.8,80.8,118.4,3.375,0.0,True,False,False,771.63,CRASH
0,481,2026-01-04 12:51:10.933,7.00,0.50,-218.03,0.00,0.000,0.000,0.000,-4.96,-0.97,-9.58,12.5,33.4,-725.0,90.9,118.4,2.244,0.0,False,False,False,200.94,
0,482,2026-01-04 12:51:11.284,7.95,0.58,115.23,0.00,0.000,0.000,0.000,4.41,-1.90,-10.31,15.1,31.0,-726.9,89.1,118.4,2.497,0.0,False,False,False,0.77,
0,483,2026-01-04 12:51:11.632,8.31,0.34,-189.36,0.00,0.000,0.000,0.000,-5.56,-1.67,-9.38,17.9,28.6,-728.9,87.1,118.4,2.713,0.0,False,False,False,1.16,
0,484,2026-01-04 12:51:11.985,10.03,0.76,76.33,0.00,0.000,0.000,0.000,2.89,-5.65,-9.88,21.0,25.8,-731.4,85.2,118.4,3.024,0.0,False,False,False,1.84,
0,485,2026-01-04 12:51:12.332,11.44,0.50,133.55,0.00,0.000,0.000,0.000,5.84,-3.20,-10.11,24.8,22.8,-734.1,82.5,118.3,3.614,0.0,False,False,False,3.91,
0,486,2026-01-04 12:51:12.700,12.35,0.77,290.76,0.06,0.000,0.000,0.000,7.94,-1.99,-9.28,29.1,20.3,-736.6,79.0,118.3,3.988,0.0,False,False,False,803.50,
0,487,2026-01-04 12:51:13.050,13.11,0.50,-193.76,0.00,0.000,0.000,0.000,-2.21,-1.81,-8.83,33.4,19.3,-738.5,74.9,118.3,4.244,0.0,False,False,False,801.85,
0,488,2026-01-04 12:51:13.385,13.75,0.48,89.51,0.00,0.000,0.000,0.000,-3.83,0.14,-11.33,37.8,19.0,-740.5,70.9,118.3,4.245,0.0,False,False,False,802.53,
0,489,2026-01-04 12:51:13.734,14.32,0.50,119.03,0.00,0.000,0.000,0.000,7.91,-1.69,-2.41,42.6,20.2,-742.6,66.5,118.4,4.689,0.0,False,False,False,805.35,
0,490,2026-01-04 12:51:14.085,9.83,0.33,-94.03,0.10,5815.294,0.000,5815.294,-60.45,65.53,-14.48,47.2,22.5,-744.4,62.1,118.3,4.496,0.0,True,False,False,771.70,CRASH
0,491,2026-01-04 12:51:17.500,3.33,0.81,144.75,0.00,0.000,0.000,0.000,0.67,-2.27,-9.22,2.1,45.1,-718.8,99.3,118.5,0.996,0.0,False,False,False,200.34,
0,492,2026-01-04 12:51:17.835,3.99,0.63,234.27,0.00,0.000,0.000,0.000,2.48,-1.85,-10.36,3.3,43.9,-719.5,98.3,118.5,1.161,0.0,False,False,False,1.45,
0,493,2026-01-04 12:51:18.184,4.65,0.59,-194.84,0.00,0.000,0.000,0.000,-3.14,-1.82,-9.37,4.8,42.4,-720.3,97.0,118.5,1.441,0.0,False,False,False,-0.44,
0,494,2026-01-04 12:51:18.532,5.76,0.32,-117.78,0.00,0.000,0.000,0.000,-1.52,-3.12,-9.74,6.6,40.6,-721.6,95.7,118.5,1.741,0.0,False,False,False,1.15,
0,495,2026-01-04 12:51:18.884,7.22,0.91,-102.64,0.00,0.000,0.000,0.000,-2.50,-4.42,-9.82,8.9,38.4,-723.3,94.3,118.5,2.158,0.0,False,False,False,2.44,
0,496,2026-01-04 12:51:19.251,9.29,0.72,139.81,0.00,0.000,0.000,0.000,5.25,-5.23,-9.92,11.9,35.6,-725.7,92.3,118.4,2.773,0.0,False,False,False,2.11,
0,497,2026-01-04 12:51:19.599,10.42,0.49,-159.40,0.00,0.000,0.000,0.000,-4.82,-2.58,-9.39,15.3,32.2,-728.2,90.0,118.4,3.320,0.0,False,False,False,2.20,
0,498,2026-01-04 12:51:19.934,11.71,0.90,-7.65,0.07,0.000,0.000,0.000,-1.01,-4.11,-10.02,19.0,28.9,-731.1,87.8,118.4,3.490,0.0,False,False,False,2.86,
0,499,2026-01-04 12:51:20.283,12.15,0.32,-224.52,0.00,0.000,0.000,0.000,-6.79,0.02,-9.52,23.1,25.3,-734.7,85.5,118.4,4.019,0.0,False,False,False,2.84,
0,500,2026-01-04 12:51:20.634,13.52,0.50,-43.85,0.00,0.000,0.000,0.000,-4.27,-4.79,-10.04,27.4,22.4,-738.8,83.8,118.3,4.250,0.0,False,False,False,2.69,
0,501,2026-01-04 12:51:21.000,14.89,0.93,-195.63,0.00,0.000,0.000,0.000,-6.75,-3.67,-9.12,32.2,20.4,-743.8,82.5,118.3,4.758,0.0,False,False,False,802.13,
0,502,2026-01-04 12:51:21.335,16.31,0.75,148.32,0.00,0.000,0.000,0.000,3.99,-3.54,-13.15,37.0,20.1,-749.0,81.7,118.3,4.936,0.0,False,False,False,799.68,
0,503,2026-01-04 12:51:21.684,15.97,0.31,-66.70,0.03,8.278,0.000,8.278,-1.93,0.74,-6.61,42.4,20.9,-754.5,80.4,118.4,5.411,0.0,False,False,False,799.27,
0,504,2026-01-04 12:51:22.020,3.91,0.00,-143.40,1.00,61547.742,0.000,61547.742,-11.77,166.20,-28.45,46.5,22.2,-758.6,79.2,118.4,3.958,0.0,True,False,False,770.64,CRASH
0,505,2026-01-04 12:51:25.418,3.20,0.76,-168.34,0.00,0.000,0.000,0.000,-2.11,-1.47,-10.48,2.1,44.6,-718.8,99.4,118.5,0.932,0.0,False,False,False,201.22,
0,506,2026-01-04 12:51:25.769,3.74,0.33,93.79,0.04,0.000,0.000,0.000,2.48,-1.24,-10.47,3.3,43.4,-719.7,98.6,118.5,1.155,0.0,False,False,False,-0.14,
0,507,2026-01-04 12:51:26.118,4.36,0.66,-10.85,0.00,0.000,0.000,0.000,0.24,-2.36,-9.81,4.7,42.0,-720.8,97.6,118.5,1.347,0.0,False,False,False,1.64,
0,508,2026-01-04 12:51:26.466,5.26,0.42,221.99,0.04,0.000,0.000,0.000,4.52,-3.04,-8.22,6.3,40.5,-721.9,96.4,118.5,1.606,0.0,False,False,False,0.53,
0,509,2026-01-04 12:51:26.819,6.23,0.47,-117.21,0.02,0.000,0.000,0.000,-3.49,-2.35,-9.49,8.3,38.7,-723.2,94.8,118.5,1.926,0.0,False,False,False,0.28,
0,510,2026-01-04 12:51:27.183,7.76,0.56,177.78,0.05,0.000,0.000,0.000,4.48,-4.13,-10.36,10.9,36.4,-724.9,92.9,118.4,2.336,0.0,False,False,False,0.90,
0,511,2026-01-04 12:51:27.534,9.28,0.60,-37.48,0.00,0.000,0.000,0.000,-1.39,-4.45,-9.48,13.8,33.9,-726.6,90.5,118.4,2.857,0.0,False,False,False,1.97,
0,512,2026-01-04 12:51:27.883,10.01,0.32,-266.25,0.00,0.000,0.000,0.000,-8.15,-0.73,-10.88,17.3,31.0,-728.8,87.9,118.4,3.257,0.0,False,False,False,1.83,
0,513,2026-01-04 12:51:28.217,10.94,0.61,-153.34,0.00,0.000,0.000,0.000,-6.56,-3.06,-9.75,20.7,27.7,-731.6,85.9,118.4,3.290,0.0,False,False,False,2.60,
0,514,2026-01-04 12:51:28.550,12.24,0.50,-89.20,0.00,0.000,0.000,0.000,-4.92,-4.15,-9.00,24.3,24.0,-735.1,84.2,118.4,3.663,0.0,False,False,False,3.58,
0,515,2026-01-04 12:51:28.919,13.56,0.62,-119.95,0.00,0.000,0.000,0.000,-7.02,-2.82,-9.23,28.6,19.3,-739.6,82.8,118.3,4.329,0.0,False,False,False,3.55,
0,516,2026-01-04 12:51:29.267,14.26,0.41,-163.49,0.00,0.000,0.000,0.000,-7.75,-1.74,-9.06,32.8,14.4,-744.5,82.3,118.3,4.644,0.0,False,False,False,802.42,
0,517,2026-01-04 12:51:29.603,14.24,0.69,237.62,0.09,5472.805,0.000,5472.805,-12.92,12.62,-44.90,37.0,9.7,-749.3,82.3,118.3,4.633,0.0,True,False,False,768.20,CRASH
0,518,2026-01-04 12:51:33.018,3.22,0.87,-134.79,0.00,0.000,0.000,0.000,-1.06,-1.22,-9.81,2.1,34.9,-718.8,99.3,118.5,0.981,0.0,False,False,False,199.22,
0,519,2026-01-04 12:51:33.369,3.80,0.33,-187.58,0.00,0.000,0.000,0.000,-0.90,-1.89,-8.66,3.3,33.7,-719.8,98.6,118.5,1.171,0.0,False,False,False,1.44,
0,520,2026-01-04 12:51:33.719,4.53,0.87,185.93,0.07,0.000,0.000,0.000,2.14,-2.55,-10.13,4.8,32.3,-721.0,97.8,118.5,1.381,0.0,False,False,False,-0.28,
0,521,2026-01-04 12:51:34.069,5.41,0.31,-195.01,0.00,0.000,0.000,0.000,-3.71,-1.69,-9.34,6.5,30.6,-722.3,96.6,118.5,1.676,0.0,False,False,False,-0.63,
0,522,2026-01-04 12:51:34.419,7.21,0.64,-3.48,0.00,0.000,0.000,0.000,0.35,-5.72,-10.79,8.7,28.4,-724.1,95.4,118.5,2.080,0.0,False,False,False,0.91,
0,523,2026-01-04 12:51:34.785,8.97,0.64,-155.85,0.00,0.000,0.000,0.000,-5.08,-3.94,-9.99,11.6,25.5,-726.6,93.8,118.5,2.740,0.0,False,False,False,2.98,
0,524,2026-01-04 12:51:35.134,10.55,0.86,172.82,0.09,0.000,0.000,0.000,4.95,-4.12,-9.55,15.0,22.0,-729.6,92.2,118.4,3.270,0.0,False,False,False,1.68,
0,525,2026-01-04 12:51:35.470,11.72,0.99,-120.42,0.04,0.000,0.000,0.000,-4.00,-2.80,-10.24,18.7,18.3,-732.8,90.2,118.4,3.551,0.0,False,False,False,1.88,
0,526,2026-01-04 12:51:35.818,12.70,0.50,-190.89,0.00,0.000,0.000,0.000,-6.78,-3.08,-7.95,23.0,14.1,-736.6,88.3,118.4,4.068,0.0,False,False,False,3.77,
0,527,2026-01-04 12:51:36.170,13.73,0.45,-87.15,0.01,0.000,0.000,0.000,-8.01,-2.64,-11.15,27.4,9.6,-741.1,87.1,118.3,4.416,0.0,False,False,False,3.03,
0,528,2026-01-04 12:51:36.534,14.95,0.96,164.02,0.03,0.001,0.001,0.001,6.91,-2.61,-2.20,32.4,5.1,-746.3,86.4,118.4,4.827,0.0,False,False,False,0.60,
0,529,2026-01-04 12:51:36.884,14.70,0.67,-158.84,0.01,0.014,0.014,0.014,-7.50,-0.53,-8.09,37.4,3.6,-751.4,85.3,118.5,4.915,0.0,False,False,False,-0.55,
0,530,2026-01-04 12:51:37.237,2.70,0.00,166.43,1.00,47676.484,0.000,47676.484,-2.95,-6.80,-10.30,38.7,3.7,-752.4,84.4,118.4,1.161,0.0,True,False,False,768.72,CRASH
0,531,2026-01-04 12:51:40.637,3.21,0.44,-65.13,0.00,0.000,0.000,0.000,-0.07,-1.98,-9.29,2.0,36.8,-718.8,99.4,118.5,0.926,0.0,False,False,False,200.01,
0,532,2026-01-04 12:51:40.985,3.63,0.96,-79.52,0.06,0.000,0.000,0.000,-0.79,-1.01,-9.77,3.2,35.7,-719.7,98.6,118.5,1.146,0.0,False,False,False,1.44,
0,533,2026-01-04 12:51:41.336,4.40,0.45,-160.61,0.03,0.000,0.000,0.000,-1.67,-2.54,-10.39,4.6,34.3,-720.8,97.8,118.5,1.337,0.0,False,False,False,1.61,
0,534,2026-01-04 12:51:41.684,5.90,0.56,142.05,0.00,0.000,0.000,0.000,2.83,-4.20,-9.59,6.4,32.6,-722.2,96.7,118.5,1.706,0.0,False,False,False,0.44,
0,535,2026-01-04 12:51:42.019,6.79,0.32,-166.88,0.00,0.000,0.000,0.000,-4.04,-1.46,-9.93,8.5,30.5,-723.9,95.4,118.5,2.044,0.0,False,False,False,0.26,
0,536,2026-01-04 12:51:42.385,8.30,0.56,130.20,0.06,0.000,0.000,0.000,4.24,-4.85,-10.33,11.2,27.9,-726.1,93.8,118.4,2.503,0.0,False,False,False,0.79,
0,537,2026-01-04 12:51:42.720,9.46,0.37,136.92,0.00,0.000,0.000,0.000,3.89,-2.80,-9.46,14.2,25.1,-728.4,91.9,118.4,2.832,0.0,False,False,False,3.09,
0,538,2026-01-04 12:51:43.069,10.45,0.60,296.11,0.10,0.000,0.000,0.000,8.08,-1.84,-9.72,17.6,22.3,-730.5,89.1,118.4,3.331,0.0,False,False,False,3.00,
0,539,2026-01-04 12:51:43.419,11.65,0.50,-119.69,0.00,0.000,0.000,0.000,-2.97,-3.85,-9.21,21.3,20.0,-732.4,85.7,118.4,3.687,0.0,False,False,False,2.01,
0,540,2026-01-04 12:51:43.768,13.25,0.50,-7.46,0.00,0.000,0.000,0.000,-0.82,-4.48,-10.29,25.5,17.9,-734.6,82.0,118.4,4.147,0.0,False,False,False,3.76,
0,541,2026-01-04 12:51:44.120,13.99,0.36,-173.88,0.00,0.000,0.000,0.000,-6.86,-0.80,-9.08,30.3,16.4,-737.3,78.0,118.3,4.368,0.0,False,False,False,803.95,
0,542,2026-01-04 12:51:44.469,15.28,0.80,146.47,0.04,0.000,0.000,0.000,4.39,-3.39,-10.37,35.4,15.7,-740.5,74.1,118.3,4.864,0.0,False,False,False,803.65,
0,543,2026-01-04 12:51:44.803,16.09,0.49,94.39,0.00,0.000,0.000,0.000,7.67,-2.18,-8.63,40.6,17.1,-743.5,69.8,118.2,4.976,0.0,False,False,False,806.96,
0,544,2026-01-04 12:51:45.138,16.21,0.43,-159.04,0.00,0.000,0.000,0.000,-8.85,0.23,-8.76,45.9,20.3,-746.1,65.1,118.2,5.150,0.0,False,False,False,805.16,
0,545,2026-01-04 12:51:45.470,15.90,0.94,-27.07,0.01,4000.000,0.000,4000.000,-0.92,0.05,-7.69,51.4,24.1,-749.2,60.5,118.3,5.226,0.0,True,False,False,771.64,CRASH
0,546,2026-01-04 12:51:48.904,3.37,0.61,19.62,0.00,0.000,0.000,0.000,0.03,-1.79,-10.41,2.2,49.1,-718.9,99.2,118.5,1.013,0.0,False,False,False,201.30,
0,547,2026-01-04 12:51:49.252,3.70,0.44,-2.76,0.08,0.000,0.000,0.000,0.07,-0.86,-10.67,3.5,47.9,-719.8,98.3,118.5,1.184,0.0,False,False,False,1.48,
0,548,2026-01-04 12:51:49.603,4.35,0.89,-113.24,0.00,0.000,0.000,0.000,-2.48,-2.15,-10.51,4.9,46.5,-720.8,97.4,118.5,1.334,0.0,False,False,False,1.63,
0,549,2026-01-04 12:51:49.952,5.65,1.00,-93.69,0.00,0.000,0.000,0.000,-1.47,-4.18,-9.61,6.6,44.8,-722.1,96.3,118.5,1.657,0.0,False,False,False,1.93,
0,550,2026-01-04 12:51:50.287,7.47,0.97,118.91,0.00,0.000,0.000,0.000,3.41,-5.65,-9.91,8.8,42.7,-723.8,94.9,118.5,2.077,0.0,False,False,False,1.39,
0,551,2026-01-04 12:51:50.653,9.31,0.58,285.68,0.00,0.000,0.000,0.000,6.37,-3.64,-9.38,11.8,39.7,-725.9,92.6,118.4,2.838,0.0,False,False,False,3.14,
0,552,2026-01-04 12:51:51.003,10.39,0.51,-3.92,0.05,0.000,0.000,0.000,0.13,-2.55,-9.12,15.2,36.2,-727.6,89.6,118.4,3.302,0.0,False,False,False,2.42,
0,553,2026-01-04 12:51:51.353,11.83,0.72,232.89,0.00,0.000,0.000,0.000,7.16,-3.04,-10.34,18.9,32.4,-729.2,86.1,118.4,3.718,0.0,False,False,False,2.45,
0,554,2026-01-04 12:51:51.703,12.85,0.50,367.96,0.00,0.000,0.000,0.000,8.54,-1.81,-9.24,22.9,28.5,-730.3,81.9,118.4,4.116,0.0,False,False,False,3.28,
0,555,2026-01-04 12:51:52.038,13.19,0.56,32.31,0.00,0.196,0.196,0.196,3.57,-1.27,-4.25,26.7,25.3,-730.5,77.5,118.5,4.122,0.0,False,False,False,1.39,
0,556,2026-01-04 12:51:52.405,2.22,0.88,-193.13,0.00,22603.354,0.000,22603.354,11.21,-0.67,-12.97,28.4,23.7,-731.4,76.1,118.4,1.315,0.0,True,False,False,-29.94,CRASH
0,557,2026-01-04 12:51:55.821,8.11,0.32,114.70,0.01,6210.897,0.000,6210.897,3.13,1.34,-1.25,16.5,23.0,-733.7,99.1,118.6,2.863,0.0,True,False,False,168.42,CRASH
0,558,2026-01-04 12:51:59.220,3.25,0.75,-75.13,0.00,0.000,0.000,0.000,-0.32,-1.72,-9.73,2.1,14.9,-718.8,99.3,118.5,0.987,0.0,False,False,False,200.48,
0,559,2026-01-04 12:51:59.571,3.98,0.88,154.27,0.02,0.000,0.000,0.000,2.15,-2.25,-8.91,3.4,14.0,-719.7,98.4,118.5,1.201,0.0,False,False,False,0.28,
0,560,2026-01-04 12:51:59.919,4.66,0.88,-176.94,0.09,0.000,0.000,0.000,-3.34,-2.52,-9.01,4.9,13.1,-720.8,97.3,118.5,1.441,0.0,False,False,False,-0.20,
0,561,2026-01-04 12:52:00.269,6.37,0.60,179.51,0.03,0.000,0.000,0.000,4.36,-4.83,-9.90,6.8,11.9,-722.2,96.0,118.5,1.829,0.0,False,False,False,-0.21,
0,562,2026-01-04 12:52:00.619,8.20,0.74,-38.94,0.00,0.000,0.000,0.000,-1.49,-5.59,-10.33,9.3,11.0,-723.9,94.1,118.5,2.446,0.0,False,False,False,1.38,
0,563,2026-01-04 12:52:00.986,10.11,0.55,236.75,0.00,0.000,0.000,0.000,6.45,-3.63,-9.95,12.7,10.7,-726.0,91.5,118.4,3.108,0.0,False,False,False,1.96,
0,564,2026-01-04 12:52:01.337,10.75,0.61,310.62,0.06,0.000,0.000,0.000,9.04,-1.30,-8.15,16.3,12.3,-727.8,88.3,118.4,3.486,0.0,False,False,False,5.13,
0,565,2026-01-04 12:52:01.686,11.56,0.50,-147.68,0.00,0.000,0.000,0.000,-1.47,-2.94,-9.25,19.9,15.2,-728.9,84.6,118.4,3.713,0.0,False,False,False,3.15,
0,566,2026-01-04 12:52:02.036,13.08,0.69,53.67,0.00,0.000,0.000,0.000,1.80,-4.84,-9.47,24.0,18.9,-730.2,80.5,118.4,4.085,0.0,False,False,False,4.76,
0,567,2026-01-04 12:52:02.387,13.69,0.75,-86.71,0.00,0.000,0.000,0.000,-3.86,-0.48,-4.40,28.6,23.2,-731.6,76.0,118.5,4.517,0.0,False,False,False,6.04,
0,568,2026-01-04 12:52:02.755,9.64,0.37,197.24,0.00,17383.463,0.000,17383.463,0.18,0.88,-18.42,32.6,26.4,-733.7,72.6,118.4,3.562,0.0,True,False,False,773.35,CRASH
0,569,2026-01-04 12:52:06.170,5.82,0.50,-131.69,0.00,0.000,0.000,0.000,-3.46,2.50,-14.85,11.7,22.2,-719.0,89.2,118.6,1.930,0.0,False,False,False,199.21,
0,570,2026-01-04 12:52:06.504,4.81,0.76,-281.81,0.00,246.191,0.000,246.191,3.72,14.69,-19.89,13.6,20.5,-719.5,87.4,118.6,1.818,0.0,True,False,False,-28.93,CRASH
0,571,2026-01-04 12:52:09.921,8.56,0.75,141.77,0.00,462.538,0.000,462.538,4.13,1.68,-2.52,14.7,18.3,-732.0,100.7,118.6,2.829,0.0,True,False,False,169.34,CRASH
0,572,2026-01-04 12:52:13.688,9.44,0.52,-121.25,0.00,0.000,0.000,0.000,-4.00,-3.26,-13.73,15.8,16.5,-723.8,86.4,118.5,2.961,0.0,False,False,False,202.33,
0,573,2026-01-04 12:52:14.037,9.61,0.31,-231.07,0.04,0.000,0.000,0.000,-7.21,-0.67,-14.57,19.1,18.3,-725.6,83.6,118.5,3.184,0.0,False,False,False,4.60,
0,574,2026-01-04 12:52:14.389,10.00,0.75,-313.40,0.00,0.000,0.000,0.000,-7.25,-2.29,-10.16,22.3,19.9,-728.0,81.2,118.5,3.200,0.0,False,False,False,4.78,
0,575,2026-01-04 12:52:14.737,10.79,0.83,173.66,0.00,0.000,0.000,0.000,-5.53,-4.58,-15.11,25.5,21.4,-731.1,79.3,118.4,3.441,0.0,False,False,False,2.88,
0,576,2026-01-04 12:52:15.087,11.19,0.80,171.00,0.00,0.000,0.000,0.000,8.45,-1.30,-7.64,29.1,23.6,-734.3,77.2,118.4,3.679,0.0,False,False,False,805.61,
0,577,2026-01-04 12:52:15.439,11.59,0.43,-209.22,0.00,0.000,0.000,0.000,-2.72,-0.10,-11.25,33.0,26.7,-737.4,74.6,118.3,3.636,0.0,False,False,False,803.83,
0,578,2026-01-04 12:52:15.788,12.30,0.77,-129.79,0.00,0.000,0.000,0.000,-8.52,-3.69,-11.98,36.9,29.8,-740.7,72.2,118.3,3.926,0.0,False,False,False,806.05,
0,579,2026-01-04 12:52:16.515,12.95,0.64,-136.43,0.09,0.000,0.000,0.000,-6.82,-1.76,-10.11,40.9,32.9,-744.7,70.4,118.3,4.218,0.0,False,False,False,806.18,
0,580,2026-01-04 12:52:16.853,15.30,0.80,146.45,0.00,0.000,0.000,0.000,5.83,-3.34,-9.64,49.1,39.1,-754.5,68.8,118.2,4.827,0.0,False,False,False,800.87,
0,581,2026-01-04 12:52:17.205,16.19,0.68,139.92,0.00,0.000,0.000,0.000,8.27,-2.14,-9.52,54.0,43.4,-759.9,67.5,118.2,5.257,0.0,False,False,False,802.43,
0,582,2026-01-04 12:52:17.571,16.51,0.74,-231.04,0.07,0.000,0.000,0.000,-5.90,0.09,-9.78,59.8,48.6,-765.6,65.6,118.1,5.485,0.0,False,False,False,800.22,
0,583,2026-01-04 12:52:17.922,15.99,0.79,-262.14,0.03,41.593,0.000,41.593,-2.01,0.50,-5.69,65.0,53.5,-771.1,64.3,118.4,5.372,0.0,False,False,False,-7.78,
0,584,2026-01-04 12:52:18.271,7.03,0.32,-208.21,0.00,21972.432,0.000,21972.432,-0.82,-3.92,0.52,68.6,57.0,-774.3,62.6,118.4,3.428,0.0,True,False,False,-28.63,CRASH
0,585,2026-01-04 12:52:21.672,6.58,0.50,-160.38,0.00,0.000,0.000,0.000,-4.02,-0.74,-9.75,11.6,58.1,-728.7,98.5,118.5,2.131,0.0,False,False,False,200.65,
0,586,2026-01-04 12:52:22.020,7.29,0.99,87.31,0.00,0.000,0.000,0.000,2.90,-1.27,-10.31,14.0,56.2,-731.2,98.5,118.4,2.319,0.0,False,False,False,0.03,
0,587,2026-01-04 12:52:22.356,6.91,0.42,-219.51,0.04,318.120,0.000,318.120,1.29,3.57,-9.78,16.4,54.2,-733.6,98.3,118.5,2.286,0.0,True,False,False,-30.66,CRASH
0,588,2026-01-04 12:52:25.772,3.25,0.79,-106.86,0.00,0.000,0.000,0.000,-1.18,-1.54,-9.32,2.1,14.7,-718.9,99.3,118.5,0.990,0.0,False,False,False,200.17,
0,589,2026-01-04 12:52:26.122,3.90,0.98,-255.35,0.00,0.000,0.000,0.000,-3.48,-1.71,-10.49,3.4,13.7,-719.9,98.6,118.5,1.187,0.0,False,False,False,0.66,
0,590,2026-01-04 12:52:26.470,5.38,0.73,199.56,0.00,0.000,0.000,0.000,4.26,-4.68,-9.94,5.0,12.3,-721.2,97.7,118.5,1.532,0.0,False,False,False,-0.96,
0,591,2026-01-04 12:52:26.822,6.91,0.63,-175.37,0.00,0.000,0.000,0.000,-4.16,-4.16,-9.55,7.1,10.9,-722.9,96.3,118.5,2.070,0.0,False,False,False,-0.24,
0,592,2026-01-04 12:52:27.155,8.86,0.90,161.73,0.00,0.000,0.000,0.000,5.42,-5.95,-9.61,9.7,9.2,-725.0,94.8,118.5,2.492,0.0,False,False,False,0.78,
0,593,2026-01-04 12:52:27.521,10.57,0.95,-181.06,0.00,0.000,0.000,0.000,-5.47,-3.47,-9.56,13.3,8.2,-727.8,92.5,118.5,3.303,0.0,False,False,False,1.70,
0,594,2026-01-04 12:52:27.870,11.75,0.45,196.36,0.00,0.000,0.000,0.000,6.65,-2.15,-9.47,17.2,8.5,-731.0,90.2,118.4,3.737,0.0,False,False,False,2.72,
0,595,2026-01-04 12:52:28.204,12.69,0.50,18.78,0.00,0.000,0.000,0.000,1.59,-3.92,-10.12,21.3,10.8,-733.9,87.5,118.4,3.845,0.0,False,False,False,4.57,
0,596,2026-01-04 12:52:28.539,14.00,0.50,228.29,0.02,0.000,0.000,0.000,7.23,-2.99,-10.79,25.7,14.5,-736.9,84.2,118.3,4.248,0.0,False,False,False,5.74,
0,597,2026-01-04 12:52:28.888,14.64,0.63,233.08,0.09,0.000,0.000,0.000,7.74,-1.33,-8.83,30.5,19.3,-739.7,80.0,118.3,4.790,0.0,False,False,False,807.47,
0,598,2026-01-04 12:52:29.255,14.82,0.54,-275.56,0.04,0.000,0.000,0.000,-6.39,1.07,-9.76,35.7,24.7,-742.1,75.1,118.3,4.949,0.0,False,False,False,804.55,
0,599,2026-01-04 12:52:29.604,15.35,0.80,-174.05,0.01,0.000,0.000,0.000,-8.36,-1.86,-8.68,40.9,29.8,-745.0,70.8,118.3,5.011,0.0,False,False,False,807.80,
0,600,2026-01-04 12:52:29.942,15.68,0.44,-215.77,0.00,0.000,0.000,0.000,-10.60,-0.91,-11.18,46.0,34.7,-748.7,67.1,118.2,4.921,0.0,False,False,False,807.30,
0,601,2026-01-04 12:52:30.289,16.35,0.76,-97.00,0.00,0.000,0.000,0.000,-7.69,-2.50,-7.65,51.5,39.6,-753.3,64.0,118.2,5.325,0.0,False,False,False,801.75,
0,602,2026-01-04 12:52:30.638,17.73,0.91,150.53,0.00,0.000,0.000,0.000,6.35,-3.00,-9.75,57.2,44.7,-758.6,61.3,118.1,5.694,0.0,False,False,False,801.55,
0,603,2026-01-04 12:52:31.005,18.39,0.50,-104.06,0.00,0.000,0.000,0.000,-3.60,-1.33,-11.18,63.6,50.8,-764.3,57.9,118.1,6.034,0.0,False,False,False,802.10,
0,604,2026-01-04 12:52:31.354,19.46,0.42,155.15,0.00,0.000,0.000,0.000,6.33,-2.45,-9.34,70.1,57.0,-770.1,54.6,118.0,6.317,0.0,False,False,False,2.17,
0,605,2026-01-04 12:52:31.705,19.71,0.44,149.12,0.00,0.000,0.000,0.000,10.71,-1.16,-10.39,77.0,63.7,-775.6,50.5,118.0,6.526,0.0,False,False,False,3.34,
0,606,2026-01-04 12:52:32.054,19.59,0.72,-282.18,0.01,0.000,0.000,0.000,-1.56,-0.56,-7.84,83.8,70.5,-780.6,45.8,118.0,6.538,0.0,False,False,False,0.22,
0,607,2026-01-04 12:52:32.406,19.55,0.37,-121.12,0.00,0.000,0.000,0.000,-9.38,-0.80,-9.07,90.7,77.3,-785.9,41.4,117.9,6.514,0.0,False,False,False,3.24,
0,608,2026-01-04 12:52:32.771,19.10,0.60,-58.22,0.09,0.000,0.000,0.000,-7.44,-0.04,-8.86,97.7,84.1,-792.0,37.9,117.9,6.453,0.0,False,False,False,3.14,
0,609,2026-01-04 12:52:33.122,18.46,0.69,344.06,0.05,281.238,0.000,281.238,4.36,4.62,-22.33,103.9,90.1,-798.1,35.4,117.8,6.227,0.0,True,False,False,-28.39,CRASH
0,610,2026-01-04 12:52:36.506,3.30,0.70,108.15,0.00,0.000,0.000,0.000,1.42,-2.01,-10.80,2.1,101.9,-718.8,99.3,118.5,0.940,0.0,False,False,False,201.33,
0,611,2026-01-04 12:52:36.854,3.91,0.95,-92.24,0.00,0.000,0.000,0.000,-1.92,-2.16,-9.88,3.3,100.6,-719.6,98.4,118.5,1.198,0.0,False,False,False,0.52,
0,612,2026-01-04 12:52:37.206,4.56,0.34,-290.77,0.08,0.000,0.000,0.000,-4.26,-2.04,-9.69,4.8,99.1,-720.8,97.5,118.5,1.416,0.0,False,False,False,0.67,
0,613,2026-01-04 12:52:37.554,6.19,0.50,48.88,0.00,0.000,0.000,0.000,3.09,-4.71,-10.24,6.6,97.3,-722.4,96.5,118.5,1.769,0.0,False,False,False,0.22,
0,614,2026-01-04 12:52:37.906,7.36,0.44,-248.31,0.00,0.000,0.000,0.000,-5.74,-2.21,-9.36,9.0,94.9,-724.4,95.3,118.5,2.287,0.0,False,False,False,0.71,
0,615,2026-01-04 12:52:38.271,9.27,0.66,140.82,0.00,0.000,0.000,0.000,4.26,-6.14,-10.55,11.9,92.1,-727.2,94.1,118.4,2.754,0.0,False,False,False,0.16,
0,616,2026-01-04 12:52:38.622,11.07,0.82,80.64,0.00,0.000,0.000,0.000,2.95,-4.93,-9.88,15.4,88.6,-730.3,92.4,118.4,3.407,0.0,False,False,False,2.75,
0,617,2026-01-04 12:52:38.973,11.91,0.63,-184.05,0.05,0.000,0.000,0.000,-6.53,-1.50,-9.31,19.5,84.6,-733.8,90.3,118.4,3.871,0.0,False,False,False,2.63,
0,618,2026-01-04 12:52:39.322,12.96,0.31,154.67,0.00,0.000,0.000,0.000,4.72,-3.53,-9.27,23.8,80.4,-737.7,88.5,118.4,4.129,0.0,False,False,False,1.86,
0,619,2026-01-04 12:52:39.671,13.87,0.97,184.52,0.00,0.000,0.000,0.000,9.77,-2.45,-10.53,28.5,75.8,-741.6,86.0,118.3,4.473,0.0,False,False,False,4.03,
0,620,2026-01-04 12:52:40.039,14.38,0.45,161.50,0.00,0.000,0.000,0.000,9.19,-1.67,-8.61,33.5,70.6,-745.3,82.3,118.3,4.732,0.0,False,False,False,804.55,
0,621,2026-01-04 12:52:40.390,14.62,0.50,-127.10,0.00,0.000,0.000,0.000,-2.32,-0.93,-10.68,38.3,65.7,-748.1,78.1,118.2,4.847,0.0,False,False,False,803.56,
0,622,2026-01-04 12:52:40.738,15.96,0.66,137.67,0.00,0.000,0.000,0.000,5.97,-2.20,-10.16,43.3,60.6,-751.1,73.6,118.2,5.107,0.0,False,False,False,803.36,
0,623,2026-01-04 12:52:41.091,16.56,0.67,184.60,0.00,0.000,0.000,0.000,7.87,-0.09,-11.53,48.6,55.4,-753.7,68.5,118.2,5.446,0.0,False,False,False,803.64,
0,624,2026-01-04 12:52:41.438,16.63,0.39,-233.09,0.00,0.000,0.000,0.000,-6.27,0.79,-11.49,53.7,50.7,-755.6,63.0,118.2,5.556,0.0,False,False,False,797.74,
0,625,2026-01-04 12:52:41.805,16.89,0.57,-219.70,0.02,0.000,0.000,0.000,-8.72,-1.15,-9.63,59.5,45.6,-758.1,57.4,118.1,5.580,0.0,False,False,False,799.61,
0,626,2026-01-04 12:52:42.156,18.16,0.75,191.54,0.00,0.000,0.000,0.000,0.11,-4.51,-11.00,65.5,40.4,-761.4,52.3,118.1,5.799,0.0,False,False,False,797.77,
0,627,2026-01-04 12:52:43.405,4.76,0.78,-167.18,0.03,51737.902,0.000,51737.902,-1.10,2.86,-8.82,79.7,30.9,-767.4,38.8,118.1,1.663,0.0,True,False,False,-31.64,CRASH
0,628,2026-01-04 12:52:46.822,3.38,0.56,246.37,0.00,0.000,0.000,0.000,2.93,-0.94,-9.35,2.2,77.5,-718.8,99.2,118.5,1.006,0.0,False,False,False,198.69,
0,629,2026-01-04 12:52:47.172,4.01,0.39,193.21,0.00,0.000,0.000,0.000,1.29,-1.71,-9.70,3.4,76.3,-719.5,98.1,118.5,1.236,0.0,False,False,False,0.72,
0,630,2026-01-04 12:52:47.522,4.51,0.69,-95.54,0.00,0.000,0.000,0.000,-2.60,-1.57,-9.94,4.9,74.8,-720.3,96.9,118.5,1.422,0.0,False,False,False,0.38,
0,631,2026-01-04 12:52:47.856,5.57,0.78,113.77,0.00,0.000,0.000,0.000,2.26,-3.49,-9.92,6.6,73.1,-721.3,95.5,118.5,1.582,0.0,False,False,False,0.76,
0,632,2026-01-04 12:52:48.205,6.86,0.76,-202.86,0.00,0.000,0.000,0.000,-4.68,-3.39,-10.17,8.8,71.0,-722.5,93.7,118.5,2.081,0.0,False,False,False,0.48,
0,633,2026-01-04 12:52:48.571,8.45,0.40,92.16,0.00,0.000,0.000,0.000,4.08,-4.29,-9.65,11.5,68.2,-724.4,91.7,118.4,2.563,0.0,False,False,False,1.05,
0,634,2026-01-04 12:52:48.921,10.03,0.95,288.91,0.00,0.000,0.000,0.000,6.27,-3.17,-10.17,14.8,64.9,-726.2,89.0,118.4,3.098,0.0,False,False,False,2.72,
0,635,2026-01-04 12:52:49.272,10.93,0.47,41.98,0.07,0.000,0.000,0.000,4.20,-2.28,-8.76,18.4,61.4,-727.6,85.6,118.4,3.509,0.0,False,False,False,2.55,
0,636,2026-01-04 12:52:49.623,11.52,0.41,-143.52,0.00,0.000,0.000,0.000,-5.76,-1.38,-9.52,22.2,57.8,-728.9,81.9,118.4,3.761,0.0,False,False,False,2.88,
0,637,2026-01-04 12:52:49.973,11.21,0.89,-187.13,0.00,2.056,0.000,2.056,-2.91,-0.01,-2.76,26.1,53.9,-730.8,78.4,118.5,3.746,0.0,False,False,False,1.70,
0,638,2026-01-04 12:52:50.341,3.89,0.57,79.48,0.03,17247.587,0.000,17247.587,13.67,44.44,-0.50,29.2,50.9,-732.4,75.8,118.5,2.698,0.0,True,False,False,-28.38,CRASH
0,639,2026-01-04 12:52:53.722,3.22,0.76,218.44,0.03,0.000,0.000,0.000,2.92,-1.12,-10.53,2.1,27.2,-718.7,99.3,118.5,0.927,0.0,False,False,False,200.14,
0,640,2026-01-04 12:52:54.071,3.59,0.37,-135.21,0.02,0.000,0.000,0.000,-1.39,-1.31,-8.54,3.2,26.0,-719.5,98.4,118.5,1.138,0.0,False,False,False,-0.85,
0,641,2026-01-04 12:52:54.424,4.06,0.80,213.70,0.09,0.000,0.000,0.000,3.13,-1.20,-10.19,4.6,24.7,-720.4,97.4,118.5,1.263,0.0,False,False,False,-0.73,
0,642,2026-01-04 12:52:54.772,4.67,0.49,-130.08,0.10,0.000,0.000,0.000,-2.81,-2.10,-8.75,6.1,23.2,-721.3,96.2,118.5,1.451,0.0,False,False,False,-0.47,
0,643,2026-01-04 12:52:55.123,6.44,0.73,143.40,0.00,0.000,0.000,0.000,4.10,-5.54,-11.09,8.0,21.3,-722.5,94.7,118.5,1.838,0.0,False,False,False,0.60,
0,644,2026-01-04 12:52:55.472,8.05,0.85,359.23,0.00,0.000,0.000,0.000,6.35,-2.17,-10.89,10.5,18.8,-723.8,92.5,118.4,2.353,0.0,False,False,False,1.78,
0,645,2026-01-04 12:52:55.823,9.47,0.96,-98.43,0.00,0.000,0.000,0.000,-1.10,-3.94,-9.98,13.4,15.8,-724.7,89.5,118.4,2.928,0.0,False,False,False,0.70,
0,646,2026-01-04 12:52:56.173,10.89,0.98,195.88,0.06,0.000,0.000,0.000,5.85,-1.06,-10.68,16.9,12.3,-725.7,86.1,118.4,3.438,0.0,False,False,False,1.63,
0,647,2026-01-04 12:52:56.523,10.73,0.50,-183.59,0.00,0.000,0.000,0.000,-4.66,-0.58,-5.02,20.5,8.9,-726.4,82.4,118.5,3.593,0.0,False,False,False,0.83,
0,648,2026-01-04 12:52:56.872,7.52,0.47,107.04,0.00,1807.750,0.000,1807.750,-11.35,21.38,-22.89,24.0,5.9,-727.5,79.0,118.6,3.356,0.0,True,False,False,-28.82,CRASH
0,649,2026-01-04 12:53:00.306,6.93,0.37,-125.31,0.00,0.000,0.000,0.000,-3.17,-1.46,-9.71,12.5,11.5,-723.3,89.7,118.4,2.216,0.0,False,False,False,201.16,
0,650,2026-01-04 12:53:00.654,7.53,0.82,-52.32,0.04,0.000,0.000,0.000,-1.20,-0.99,-9.27,15.1,9.1,-724.7,87.7,118.4,2.416,0.0,False,False,False,2.64,
0,651,2026-01-04 12:53:00.990,7.69,0.53,-259.10,0.00,0.000,0.000,0.000,-5.41,0.11,-9.90,17.5,6.8,-726.4,85.8,118.4,2.385,0.0,False,False,False,1.36,
0,652,2026-01-04 12:53:01.340,8.85,0.34,13.58,0.01,0.000,0.000,0.000,1.35,-3.85,-10.48,20.2,5.2,-728.6,84.0,118.4,2.733,0.0,False,False,False,1.46,
0,653,2026-01-04 12:53:01.689,10.54,0.84,261.04,0.00,0.000,0.000,0.000,6.15,-4.08,-10.41,23.5,4.7,-731.2,81.8,118.4,3.236,0.0,False,False,False,1.65,
0,654,2026-01-04 12:53:02.055,11.47,0.41,-18.03,0.00,0.000,0.000,0.000,0.38,-1.70,-8.95,27.6,6.3,-733.7,78.7,118.3,3.704,0.0,False,False,False,3.78,
0,655,2026-01-04 12:53:02.407,12.21,0.47,51.58,0.00,0.000,0.000,0.000,0.38,-3.53,-10.35,31.7,9.5,-736.2,75.3,118.3,3.942,0.0,False,False,False,806.01,
0,656,2026-01-04 12:53:02.756,13.02,0.71,236.67,0.04,0.000,0.000,0.000,4.93,-1.90,-17.68,36.1,13.3,-738.5,71.5,118.3,4.213,0.0,False,False,False,804.39,
0,657,2026-01-04 12:53:03.106,13.51,0.54,15.98,0.00,0.000,0.000,0.000,3.18,-1.37,-4.28,40.6,17.4,-740.3,67.2,118.4,4.435,0.0,False,False,False,803.98,
0,658,2026-01-04 12:53:03.457,9.49,0.41,-46.01,0.00,8827.847,0.000,8827.847,4.59,-1.57,-17.04,44.4,21.1,-742.4,64.2,118.3,3.529,0.0,True,False,False,774.04,CRASH
0,659,2026-01-04 12:53:06.874,7.05,0.50,95.59,0.00,0.000,0.000,0.000,2.33,-2.20,-9.53,12.4,32.4,-726.5,92.4,118.4,2.230,0.0,False,False,False,202.38,
0,660,2026-01-04 12:53:07.223,7.29,0.55,-147.71,0.00,0.000,0.000,0.000,-4.51,-0.35,-10.39,15.0,30.0,-728.3,90.7,118.4,2.409,0.0,False,False,False,1.52,
0,661,2026-01-04 12:53:07.572,8.46,0.73,-5.54,0.00,0.000,0.000,0.000,0.18,-4.65,-10.35,17.7,27.5,-730.5,89.0,118.4,2.586,0.0,False,False,False,2.00,
0,662,2026-01-04 12:53:07.922,10.19,0.96,170.67,0.00,0.000,0.000,0.000,5.43,-4.25,-9.59,20.9,24.6,-732.9,86.9,118.4,3.118,0.0,False,False,False,2.45,
0,663,2026-01-04 12:53:08.272,11.20,0.40,321.57,0.00,0.000,0.000,0.000,8.02,-1.67,-10.16,24.6,21.0,-735.3,83.9,118.4,3.599,0.0,False,False,False,3.90,
0,664,2026-01-04 12:53:08.641,11.87,0.58,-62.07,0.04,0.000,0.000,0.000,0.76,-1.55,-8.18,28.6,16.8,-737.1,80.1,118.3,3.853,0.0,False,False,False,802.36,
0,665,2026-01-04 12:53:08.989,12.72,0.98,-61.39,0.08,0.000,0.000,0.000,-3.29,-2.51,-9.64,32.7,12.5,-739.0,76.3,118.3,4.103,0.0,False,False,False,804.23,
0,666,2026-01-04 12:53:09.323,13.72,0.50,-213.50,0.00,0.000,0.000,0.000,-8.30,-2.81,-10.13,37.1,8.4,-741.4,72.5,118.3,4.195,0.0,False,False,False,803.70,
0,667,2026-01-04 12:53:09.672,14.55,0.80,-138.64,0.01,0.000,0.000,0.000,-7.72,-1.62,-8.53,42.0,5.3,-744.8,68.9,118.3,4.723,0.0,False,False,False,805.08,
0,668,2026-01-04 12:53:10.006,15.29,0.47,-85.87,0.00,0.000,0.000,0.000,-8.18,-1.82,-9.62,46.9,6.6,-748.8,66.0,118.2,4.729,0.0,False,False,False,806.83,
0,669,2026-01-04 12:53:10.374,16.00,0.40,56.28,0.09,0.000,0.000,0.000,2.84,-1.48,-9.32,52.3,11.5,-753.8,63.3,118.2,5.238,0.0,False,False,False,801.91,
0,670,2026-01-04 12:53:10.724,16.94,0.72,198.59,0.00,0.000,0.000,0.000,8.48,-2.30,-9.55,58.0,16.8,-758.7,60.2,118.1,5.493,0.0,False,False,False,801.11,
0,671,2026-01-04 12:53:11.073,17.78,0.50,115.04,0.00,0.000,0.000,0.000,9.24,-2.83,-8.43,64.0,22.3,-763.2,56.2,118.1,5.787,0.0,False,False,False,802.09,
0,672,2026-01-04 12:53:11.407,18.33,0.80,-127.30,0.00,0.000,0.000,0.000,-3.57,-1.20,-10.78,70.0,27.8,-767.2,51.7,118.0,5.735,0.0,False,False,False,1.57,
0,673,2026-01-04 12:53:11.754,19.09,0.93,-75.71,0.00,0.000,0.000,0.000,-8.48,-2.10,-9.16,76.6,34.1,-771.9,47.1,118.0,6.221,0.0,False,False,False,3.11,
0,674,2026-01-04 12:53:12.123,20.37,0.63,232.21,0.00,0.000,0.000,0.000,5.75,-2.42,-9.64,83.8,41.3,-777.6,42.7,117.9,6.592,0.0,False,False,False,1.51,
0,675,2026-01-04 12:53:12.457,20.33,0.33,33.11,0.00,0.000,0.000,0.000,9.24,0.37,-9.69,90.5,47.9,-782.6,38.0,117.9,6.451,0.0,False,False,False,2.37,
0,676,2026-01-04 12:53:12.805,19.89,0.86,-269.46,0.09,0.000,0.000,0.000,-1.46,0.74,-9.39,97.5,54.7,-787.2,32.7,117.9,6.691,0.0,False,False,False,1.08,
0,677,2026-01-04 12:53:13.157,19.68,0.32,-105.59,0.00,0.000,0.000,0.000,-9.60,-0.44,-9.92,104.5,61.6,-792.1,27.9,117.8,6.583,0.0,False,False,False,3.27,
0,678,2026-01-04 12:53:13.505,18.94,0.44,-71.17,0.00,0.000,0.000,0.000,-8.43,0.33,-11.12,111.2,68.3,-797.6,23.9,117.8,6.443,0.0,False,False,False,3.18,
0,679,2026-01-04 12:53:13.872,17.77,0.76,231.83,0.00,0.000,0.000,0.000,-6.95,0.13,-11.00,117.7,75.0,-803.6,20.7,117.7,6.094,0.0,False,False,False,2.07,
0,680,2026-01-04 12:53:14.222,16.77,0.51,48.19,0.05,0.000,0.000,0.000,-8.67,-0.93,-9.75,123.3,80.9,-809.2,18.6,117.7,5.721,0.0,False,False,False,2.79,
0,681,2026-01-04 12:53:14.572,17.08,0.93,-95.06,0.01,0.000,0.000,0.000,-9.32,-1.51,-10.57,128.4,86.3,-815.0,17.5,117.7,5.622,0.0,False,False,False,2.74,
0,682,2026-01-04 12:53:14.923,17.90,0.51,61.97,0.00,0.000,0.000,0.000,3.83,-2.44,-11.49,133.3,91.7,-821.1,17.1,117.7,5.823,0.0,False,False,False,2.01,
0,683,2026-01-04 12:53:15.272,17.68,0.85,249.90,0.06,468.861,0.000,468.861,-3.88,2.21,-9.60,138.6,97.4,-827.3,16.4,118.1,5.969,0.0,True,False,False,-28.86,CRASH
0,684,2026-01-04 12:53:18.690,3.20,0.86,64.63,0.04,0.000,0.000,0.000,0.31,-1.35,-9.70,2.2,136.5,-718.8,99.2,118.5,0.938,0.0,False,False,False,200.00,
0,685,2026-01-04 12:53:19.038,3.80,0.74,-130.20,0.00,0.000,0.000,0.000,-2.11,-2.34,-9.08,3.4,135.3,-719.7,98.4,118.5,1.164,0.0,False,False,False,0.47,
0,686,2026-01-04 12:53:19.372,4.62,0.35,80.98,0.07,0.000,0.000,0.000,1.29,-2.77,-10.14,4.8,133.9,-720.7,97.4,118.5,1.336,0.0,False,False,False,0.39,
0,687,2026-01-04 12:53:19.722,5.62,0.85,281.07,0.09,0.000,0.000,0.000,4.24,-2.50,-9.15,6.5,132.2,-721.8,96.0,118.5,1.698,0.0,False,False,False,1.03,
0,688,2026-01-04 12:53:20.073,7.25,0.67,300.40,0.00,0.000,0.000,0.000,6.38,-3.80,-8.86,8.7,130.2,-722.7,94.0,118.5,2.147,0.0,False,False,False,2.32,
0,689,2026-01-04 12:53:20.439,8.64,0.86,340.59,0.00,0.000,0.000,0.000,8.05,-3.10,-9.74,11.3,128.2,-723.2,91.1,118.4,2.670,0.0,False,False,False,2.37,
0,690,2026-01-04 12:53:20.772,9.79,0.79,185.05,0.00,0.000,0.000,0.000,7.62,-1.83,-11.18,13.8,126.8,-722.7,88.1,118.4,2.941,0.0,False,False,False,1.84,
0,691,2026-01-04 12:53:21.108,1.48,0.91,-73.38,0.00,11955.245,0.000,11955.245,-17.48,165.65,-39.00,16.2,126.1,-721.7,85.2,118.6,2.849,0.0,True,False,False,-30.13,CRASH
0,692,2026-01-04 12:53:24.491,11.05,0.77,146.07,0.00,0.000,0.000,0.000,5.05,-4.80,-10.10,17.9,12.2,-732.4,91.1,118.4,3.237,0.0,False,False,False,201.55,
0,693,2026-01-04 12:53:24.839,11.79,0.35,-62.26,0.00,0.000,0.000,0.000,-2.25,-1.74,-9.20,22.0,14.2,-735.6,88.6,118.4,3.853,0.0,False,False,False,4.45,
0,694,2026-01-04 12:53:25.190,13.14,0.50,46.26,0.00,0.000,0.000,0.000,2.50,-4.03,-10.00,26.3,17.3,-739.0,85.9,118.3,4.144,0.0,False,False,False,6.01,
0,695,2026-01-04 12:53:25.539,14.30,0.50,-155.54,0.00,0.000,0.000,0.000,-6.17,-2.83,-9.43,31.1,21.2,-742.8,82.9,118.3,4.600,0.0,False,False,False,805.49,
0,696,2026-01-04 12:53:25.876,14.89,0.36,-134.03,0.00,0.000,0.000,0.000,-8.16,-1.34,-9.67,36.0,25.7,-747.0,80.4,118.3,4.647,0.0,False,False,False,805.94,
0,697,2026-01-04 12:53:26.240,15.92,0.56,76.44,0.08,0.000,0.000,0.000,2.35,-2.62,-10.34,41.5,31.2,-752.2,78.3,118.2,5.137,0.0,False,False,False,803.78,
0,698,2026-01-04 12:53:26.590,15.84,0.80,-198.57,0.09,0.119,0.119,0.119,-2.19,-1.98,-6.28,47.0,36.8,-757.3,76.1,118.3,5.323,0.0,False,False,False,801.02,
0,699,2026-01-04 12:53:26.940,16.10,0.61,-118.35,0.00,0.119,0.119,0.119,-4.09,-1.50,-3.05,52.5,42.3,-762.6,74.3,118.4,5.317,0.0,False,False,False,802.02,
0,700,2026-01-04 12:53:27.291,10.92,0.61,-239.85,0.00,49759.605,0.000,49759.605,-4.00,1.66,-8.99,56.6,46.2,-765.9,71.7,118.3,3.961,0.0,True,False,False,770.75,CRASH
0,701,2026-01-04 12:53:30.705,7.49,0.55,-71.07,0.06,0.000,0.000,0.000,-1.77,-3.32,-9.68,12.1,46.8,-729.4,101.0,118.5,2.329,0.0,False,False,False,198.88,
0,702,2026-01-04 12:53:31.058,7.73,0.94,-58.24,0.07,0.000,0.000,0.000,-2.08,-3.85,-7.08,14.8,45.0,-732.1,101.4,118.6,2.549,0.0,False,False,False,0.95,
0,703,2026-01-04 12:53:31.407,3.10,0.66,-253.63,0.00,8159.417,0.000,8159.417,0.32,8.00,-2.60,16.4,43.8,-733.7,101.3,118.7,1.469,0.0,True,False,False,-30.47,CRASH
0,704,2026-01-04 12:53:34.824,8.32,0.54,127.02,0.05,0.000,0.000,0.000,3.53,-3.72,-10.81,13.0,3.5,-730.4,100.4,118.4,2.557,0.0,False,False,False,198.26,
0,705,2026-01-04 12:53:35.157,8.52,0.87,162.68,0.03,440.447,0.000,440.447,3.15,-3.22,-7.63,15.8,1.5,-733.1,100.0,118.5,2.593,0.0,True,False,False,-28.33,CRASH
0,706,2026-01-04 12:53:38.573,3.01,0.82,187.45,0.09,0.000,0.000,0.000,1.31,-1.33,-9.58,2.1,14.3,-718.8,99.3,118.5,0.953,0.0,False,False,False,201.35,
0,707,2026-01-04 12:53:38.925,3.63,0.85,-31.13,0.00,0.000,0.000,0.000,-0.37,-2.38,-9.66,3.3,13.7,-719.5,98.3,118.5,1.107,0.0,False,False,False,0.27,
0,708,2026-01-04 12:53:39.273,4.91,0.99,211.22,0.00,0.000,0.000,0.000,3.09,-4.01,-9.92,4.7,13.0,-720.4,97.2,118.5,1.417,0.0,False,False,False,0.34,
0,709,2026-01-04 12:53:39.624,6.68,0.77,244.82,0.00,0.000,0.000,0.000,3.71,-4.83,-9.05,6.7,12.6,-721.3,95.4,118.5,1.938,0.0,False,False,False,2.14,
0,710,2026-01-04 12:53:39.975,8.30,0.89,-203.24,0.00,0.000,0.000,0.000,-5.42,-3.84,-9.90,9.3,12.9,-722.3,92.9,118.5,2.529,0.0,False,False,False,1.06,
0,711,2026-01-04 12:53:40.340,9.91,0.55,-54.08,0.00,0.000,0.000,0.000,-2.19,-4.38,-10.61,12.6,13.4,-724.0,90.1,118.4,3.041,0.0,False,False,False,3.05,
0,712,2026-01-04 12:53:40.691,11.30,0.75,124.71,0.10,0.000,0.000,0.000,5.21,-3.41,-10.45,16.3,14.9,-725.9,86.9,118.4,3.553,0.0,False,False,False,4.46,
0,713,2026-01-04 12:53:41.041,12.23,0.50,-0.75,0.00,0.000,0.000,0.000,-1.09,-3.41,-10.91,20.4,17.6,-727.8,83.2,118.4,3.932,0.0,False,False,False,5.63,
0,714,2026-01-04 12:53:41.393,12.54,0.80,-163.78,0.01,0.000,0.000,0.000,-5.51,-2.54,-14.82,24.8,20.8,-729.9,79.4,118.4,4.176,0.0,False,False,False,5.39,
0,715,2026-01-04 12:53:41.741,9.42,0.75,-251.43,0.08,5948.246,0.000,5948.246,-4.49,30.87,-0.82,29.2,24.1,-732.6,75.9,118.5,4.193,0.0,True,False,False,-24.69,CRASH
0,716,2026-01-04 12:53:45.174,3.37,0.47,162.73,0.00,0.000,0.000,0.000,2.52,-1.56,-9.32,2.2,27.1,-718.8,99.2,118.5,1.006,0.0,False,False,False,199.18,
0,717,2026-01-04 12:53:45.523,4.02,0.77,171.34,0.00,0.000,0.000,0.000,1.49,-1.67,-10.71,3.4,25.8,-719.6,98.2,118.5,1.239,0.0,False,False,False,1.53,
0,718,2026-01-04 12:53:45.875,4.70,0.38,31.18,0.00,0.000,0.000,0.000,-0.13,-2.40,-9.32,5.0,24.3,-720.4,96.9,118.5,1.457,0.0,False,False,False,1.73,
0,719,2026-01-04 12:53:46.223,5.48,0.37,232.00,0.05,0.000,0.000,0.000,3.68,-2.22,-9.15,6.7,22.5,-721.3,95.4,118.5,1.698,0.0,False,False,False,0.84,
0,720,2026-01-04 12:53:46.575,6.64,0.84,250.21,0.00,0.000,0.000,0.000,4.40,-3.21,-10.30,8.7,20.4,-722.0,93.4,118.5,2.009,0.0,False,False,False,2.08,
0,721,2026-01-04 12:53:46.939,8.10,0.90,383.82,0.00,0.000,0.000,0.000,6.14,-2.66,-9.97,11.2,18.1,-722.2,90.7,118.4,2.479,0.0,False,False,False,2.15,
0,722,2026-01-04 12:53:47.275,8.74,0.95,-140.48,0.06,0.000,0.000,0.000,-1.56,-2.75,-7.68,13.6,16.1,-721.8,87.9,118.5,2.667,0.0,False,False,False,-1.40,
0,723,2026-01-04 12:53:47.624,1.83,0.59,32.11,0.00,12223.240,0.000,12223.240,-2.31,95.03,-5.10,16.0,14.4,-721.7,85.4,118.6,2.393,0.0,True,False,False,-30.16,CRASH
0,724,2026-01-04 12:53:51.542,7.59,0.50,-181.41,0.04,0.000,0.000,0.000,-4.53,-1.61,-9.61,13.2,7.1,-726.2,90.9,118.4,2.412,0.0,False,False,False,201.68,
0,725,2026-01-04 12:53:51.874,8.70,0.84,-199.07,0.00,0.000,0.000,0.000,-5.84,-3.80,-9.62,15.9,7.8,-728.4,89.4,118.4,2.566,0.0,False,False,False,3.79,
0,726,2026-01-04 12:53:52.224,10.34,0.50,186.27,0.00,0.000,0.000,0.000,6.12,-3.85,-9.81,19.1,9.9,-731.3,87.8,118.4,3.189,0.0,False,False,False,2.76,
0,727,2026-01-04 12:53:52.574,11.56,0.90,-109.34,0.03,0.000,0.000,0.000,-3.79,-3.28,-9.96,22.9,12.8,-734.5,85.6,118.4,3.658,0.0,False,False,False,3.84,
0,728,2026-01-04 12:53:52.923,12.73,0.85,-245.84,0.00,0.000,0.000,0.000,-7.37,-2.54,-9.37,27.0,16.6,-738.2,83.6,118.4,4.066,0.0,False,False,False,5.97,
0,729,2026-01-04 12:53:53.290,13.24,0.95,-245.55,0.00,0.000,0.000,0.000,-7.60,-2.55,-8.76,31.5,21.3,-742.8,82.3,118.3,4.331,0.0,False,False,False,805.36,
0,730,2026-01-04 12:53:53.641,13.77,0.73,-81.10,0.00,0.000,0.000,0.000,-10.54,-1.77,-10.57,35.5,26.0,-747.5,82.1,118.3,4.531,0.0,False,False,False,802.97,
0,731,2026-01-04 12:53:53.991,12.96,0.60,76.29,0.05,9433.481,0.000,9433.481,-3.41,5.93,-14.15,39.3,30.6,-752.2,82.6,118.6,4.437,0.0,True,False,False,771.36,CRASH
0,732,2026-01-04 12:53:57.712,3.28,0.93,101.55,0.00,0.000,0.000,0.000,1.22,-1.74,-9.58,2.0,37.4,-718.7,99.3,118.5,0.937,0.0,False,False,False,201.23,
0,733,2026-01-04 12:53:58.047,3.97,0.80,57.82,0.02,0.000,0.000,0.000,-0.01,-2.68,-10.01,3.2,36.3,-719.5,98.4,118.5,1.143,0.0,False,False,False,1.44,
0,734,2026-01-04 12:53:58.394,5.08,0.33,146.92,0.03,0.000,0.000,0.000,2.07,-3.24,-9.58,4.8,34.9,-720.5,97.2,118.5,1.513,0.0,False,False,False,1.81,
0,735,2026-01-04 12:53:58.729,6.32,0.47,-40.14,0.00,0.000,0.000,0.000,-1.52,-3.79,-9.43,6.7,33.3,-721.5,95.6,118.5,1.812,0.0,False,False,False,1.30,
0,736,2026-01-04 12:53:59.082,7.89,0.93,-205.69,0.00,0.000,0.000,0.000,-5.64,-4.20,-10.37,9.2,31.1,-723.2,93.7,118.5,2.378,0.0,False,False,False,1.77,
0,737,2026-01-04 12:53:59.446,9.69,0.68,210.25,0.06,0.000,0.000,0.000,4.92,-4.65,-9.18,12.3,28.1,-725.5,91.6,118.4,2.947,0.0,False,False,False,0.73,
0,738,2026-01-04 12:53:59.795,10.63,0.81,252.94,0.00,0.000,0.000,0.000,7.73,-2.46,-9.52,15.9,25.3,-727.7,88.8,118.4,3.368,0.0,False,False,False,3.65,
0,739,2026-01-04 12:54:00.132,11.24,0.34,258.81,0.00,0.000,0.000,0.000,9.07,-1.19,-8.49,19.4,23.3,-729.1,85.4,118.4,3.483,0.0,False,False,False,3.49,
0,740,2026-01-04 12:54:00.483,11.93,0.50,-142.05,0.00,0.000,0.000,0.000,-2.30,-3.08,-9.16,23.1,22.3,-729.9,81.4,118.4,3.849,0.0,False,False,False,1.57,
0,741,2026-01-04 12:54:00.831,13.06,0.96,90.56,0.00,0.000,0.000,0.000,-3.44,-1.37,-15.26,27.2,21.9,-730.9,77.2,118.5,4.180,0.0,False,False,False,2.40,
0,742,2026-01-04 12:54:01.198,7.82,0.54,-122.23,0.09,22784.611,0.000,22784.611,7.72,-4.91,-9.58,30.8,21.3,-732.6,74.0,118.5,3.181,0.0,True,False,False,772.31,CRASH
0,743,2026-01-04 12:54:04.601,3.16,0.80,-187.71,0.00,0.000,0.000,0.000,-2.30,-1.36,-9.72,2.0,28.9,-718.8,99.4,118.5,0.965,0.0,False,False,False,200.49,
0,744,2026-01-04 12:54:04.936,3.76,0.45,76.17,0.02,0.000,0.000,0.000,1.69,-1.51,-10.19,3.2,27.8,-719.7,98.7,118.5,1.096,0.0,False,False,False,-0.22,
0,745,2026-01-04 12:54:05.285,4.60,0.71,256.83,0.00,0.000,0.000,0.000,3.41,-2.63,-9.77,4.6,26.4,-720.7,97.6,118.5,1.391,0.0,False,False,False,1.05,
0,746,2026-01-04 12:54:05.635,5.73,0.37,45.63,0.00,0.000,0.000,0.000,-0.51,-3.54,-10.05,6.4,24.7,-721.7,96.1,118.5,1.731,0.0,False,False,False,1.06,
0,747,2026-01-04 12:54:05.971,6.94,0.58,-175.24,0.00,0.000,0.000,0.000,-4.16,-3.75,-9.96,8.5,22.6,-723.0,94.5,118.5,2.010,0.0,False,False,False,1.03,
0,748,2026-01-04 12:54:06.336,8.43,0.37,163.50,0.00,0.000,0.000,0.000,4.93,-3.65,-9.80,11.3,20.0,-725.0,92.4,118.4,2.584,0.0,False,False,False,0.77,
0,749,2026-01-04 12:54:06.673,9.71,0.47,72.81,0.00,0.000,0.000,0.000,2.26,-4.01,-9.79,14.3,17.0,-726.8,90.0,118.4,2.878,0.0,False,False,False,2.41,
0,750,2026-01-04 12:54:07.003,11.00,0.60,-48.34,0.00,0.000,0.000,0.000,-2.15,-3.75,-9.94,17.8,13.7,-728.7,87.2,118.4,3.291,0.0,False,False,False,3.55,
0,751,2026-01-04 12:54:07.339,12.57,0.50,64.34,0.00,0.000,0.000,0.000,3.04,-4.88,-9.35,21.7,10.1,-731.0,84.0,118.4,3.744,0.0,False,False,False,3.99,
0,752,2026-01-04 12:54:07.688,13.51,0.45,-208.16,0.00,0.000,0.000,0.000,-6.50,-0.92,-9.93,26.3,6.2,-733.6,80.2,118.3,4.392,0.0,False,False,False,3.10,
0,753,2026-01-04 12:54:08.056,13.96,0.69,-169.86,0.10,0.000,0.000,0.000,-8.87,-1.18,-10.10,31.3,5.2,-737.1,76.6,118.3,4.582,0.0,False,False,False,804.88,
0,754,2026-01-04 12:54:08.405,14.99,0.52,41.05,0.05,0.000,0.000,0.000,-1.55,-3.82,-10.31,36.2,8.6,-741.2,73.7,118.3,4.800,0.0,False,False,False,806.32,
0,755,2026-01-04 12:54:08.743,15.74,0.39,17.27,0.00,0.000,0.000,0.000,1.29,-2.16,-9.83,41.1,13.2,-745.4,70.7,118.2,4.877,0.0,False,False,False,807.49,
0,756,2026-01-04 12:54:09.088,16.74,0.99,-119.77,0.00,0.000,0.000,0.000,-6.53,-2.66,-10.20,46.7,18.6,-750.1,67.5,118.2,5.421,0.0,False,False,False,806.81,
0,757,2026-01-04 12:54:09.446,17.46,0.50,-188.37,0.00,0.000,0.000,0.000,-7.45,-1.39,-8.79,52.4,24.6,-755.5,64.8,118.2,5.714,0.0,False,False,False,802.26,
0,758,2026-01-04 12:54:09.805,18.68,0.94,35.15,0.00,0.000,0.000,0.000,-3.57,-4.07,-9.73,58.5,31.2,-761.7,62.8,118.1,6.010,0.0,False,False,False,801.88,
0,759,2026-01-04 12:54:10.142,19.33,0.69,169.63,0.09,0.000,0.000,0.000,8.74,-0.89,-9.26,64.3,37.5,-767.8,60.9,118.1,6.059,0.0,False,False,False,801.93,
0,760,2026-01-04 12:54:10.471,19.54,0.89,-228.80,0.00,0.180,0.180,0.180,-6.55,0.97,-22.30,70.6,44.0,-773.9,58.6,118.1,6.182,0.0,False,False,False,0.01,
0,761,2026-01-04 12:54:10.844,15.21,0.48,46.78,0.04,6500.000,0.000,6500.000,0.37,20.24,-4.29,77.4,51.2,-780.6,56.1,118.3,6.469,0.0,True,False,False,-28.63,CRASH
0,762,2026-01-04 12:54:14.243,3.24,0.55,-107.54,0.00,0.000,0.000,0.000,-0.48,-1.44,-10.34,2.1,75.3,-718.8,99.3,118.5,0.984,0.0,False,False,False,201.37,
0,763,2026-01-04 12:54:14.573,3.91,0.44,42.43,0.00,0.000,0.000,0.000,1.39,-2.06,-9.97,3.3,74.2,-719.7,98.5,118.5,1.134,0.0,False,False,False,1.43,
0,764,2026-01-04 12:54:14.924,4.60,0.56,221.99,0.00,0.000,0.000,0.000,3.01,-1.97,-9.69,4.8,72.7,-720.7,97.4,118.5,1.421,0.0,False,False,False,0.66,
0,765,2026-01-04 12:54:15.273,5.42,0.51,298.75,0.00,0.000,0.000,0.000,4.18,-1.71,-9.15,6.5,71.1,-721.6,95.9,118.5,1.667,0.0,False,False,False,2.02,
0,766,2026-01-04 12:54:15.627,6.58,0.94,274.18,0.00,0.000,0.000,0.000,4.91,-3.40,-10.14,8.4,69.5,-722.2,93.9,118.5,1.991,0.0,False,False,False,2.06,
0,767,2026-01-04 12:54:15.990,7.20,0.37,-198.17,0.08,0.000,0.000,0.000,-5.58,-0.76,-10.26,10.8,67.7,-722.7,91.4,118.5,2.346,0.0,False,False,False,-0.36,
0,768,2026-01-04 12:54:16.342,8.52,0.66,-55.77,0.09,0.000,0.000,0.000,-0.45,-4.40,-9.77,13.5,65.6,-723.7,88.9,118.4,2.594,0.0,False,False,False,1.30,
0,769,2026-01-04 12:54:16.690,9.22,0.60,265.88,0.00,0.000,0.000,0.000,7.59,-0.62,-8.98,16.6,63.3,-724.7,85.9,118.5,3.012,0.0,False,False,False,1.29,
0,770,2026-01-04 12:54:17.027,9.77,0.99,334.26,0.00,0.000,0.000,0.000,3.71,2.72,-18.23,19.7,61.4,-725.3,82.8,118.5,3.028,0.0,False,False,False,2.43,
0,771,2026-01-04 12:54:17.375,2.06,0.36,275.83,0.00,11600.838,0.000,11600.838,7.55,-1.84,-11.56,21.2,60.1,-726.0,81.5,118.5,1.355,0.0,True,False,False,-28.63,CRASH
0,772,2026-01-04 12:54:20.793,6.22,0.50,180.38,0.00,0.000,0.000,0.000,3.56,-1.49,-7.28,11.9,10.0,-719.6,89.1,118.6,1.986,0.0,False,False,False,201.19,
0,773,2026-01-04 12:54:21.129,2.20,0.40,-87.99,0.00,1026.936,0.000,1026.936,-15.89,60.29,-19.26,13.7,8.6,-719.7,87.3,118.6,1.776,0.0,True,False,False,-30.31,CRASH
0,774,2026-01-04 12:54:24.530,6.91,0.50,245.96,0.00,0.000,0.000,0.000,5.35,-1.13,-9.53,12.1,11.3,-727.9,95.0,118.4,2.188,0.0,False,False,False,200.44,
0,775,2026-01-04 12:54:24.878,7.35,0.99,305.95,0.00,0.000,0.000,0.000,6.92,-0.56,-10.54,14.4,11.6,-729.6,93.2,118.4,2.367,0.0,False,False,False,3.44,
0,776,2026-01-04 12:54:25.214,7.91,0.59,-78.97,0.06,0.000,0.000,0.000,-3.08,-2.59,-9.55,16.8,12.0,-731.0,91.1,118.4,2.404,0.0,False,False,False,1.84,
0,777,2026-01-04 12:54:25.561,9.68,0.79,162.26,0.00,0.000,0.000,0.000,5.01,-5.24,-9.49,19.7,13.2,-732.8,88.6,118.4,2.923,0.0,False,False,False,3.03,
0,778,2026-01-04 12:54:25.912,11.30,0.76,24.29,0.00,0.000,0.000,0.000,1.50,-4.60,-8.79,23.1,15.0,-734.6,85.4,118.4,3.514,0.0,False,False,False,4.59,
0,779,2026-01-04 12:54:26.279,12.07,0.68,-215.71,0.08,0.000,0.000,0.000,-6.43,-1.18,-9.43,27.2,17.9,-736.7,81.7,118.4,3.937,0.0,False,False,False,4.66,
0,780,2026-01-04 12:54:26.615,13.41,0.50,183.46,0.00,0.000,0.000,0.000,3.98,-4.06,-10.35,31.4,21.5,-739.2,78.3,118.3,4.011,0.0,False,False,False,803.87,
0,781,2026-01-04 12:54:26.966,14.13,0.55,-169.12,0.00,0.000,0.000,0.000,-5.00,-0.18,-9.72,36.2,25.8,-741.9,74.2,118.3,4.629,0.0,False,False,False,804.86,
0,782,2026-01-04 12:54:27.300,15.21,0.66,153.65,0.05,0.000,0.000,0.000,4.18,-2.67,-9.92,41.0,30.3,-744.8,70.3,118.2,4.631,0.0,False,False,False,805.40,
0,783,2026-01-04 12:54:27.636,15.41,0.45,-90.95,0.09,0.000,0.000,0.000,-3.48,0.27,-10.52,46.1,35.1,-747.7,66.1,118.2,4.867,0.0,False,False,False,806.12,
0,784,2026-01-04 12:54:27.984,15.89,0.37,235.60,0.05,0.000,0.000,0.000,6.60,-0.51,-8.93,51.5,40.4,-750.8,61.6,118.2,4.965,0.0,False,False,False,800.39,
0,785,2026-01-04 12:54:28.338,11.76,0.67,-176.88,0.00,44439.324,0.000,44439.324,1.97,2.17,-9.74,56.0,44.7,-753.6,58.2,118.1,4.160,0.0,True,False,False,769.70,CRASH
0,786,2026-01-04 12:54:31.724,8.94,0.79,103.24,0.00,0.000,0.000,0.000,3.62,-5.17,-8.87,13.8,44.2,-730.1,95.6,118.4,2.564,0.0,False,False,False,200.01,
0,787,2026-01-04 12:54:32.071,10.31,0.55,-133.79,0.00,0.000,0.000,0.000,-4.96,-3.18,-10.28,17.1,41.5,-733.2,94.3,118.4,3.241,0.0,False,False,False,1.63,
0,788,2026-01-04 12:54:32.406,11.41,0.40,79.20,0.00,0.000,0.000,0.000,3.06,-3.21,-8.89,20.8,38.9,-736.6,93.1,118.4,3.445,0.0,False,False,False,1.52,
0,789,2026-01-04 12:54:32.757,12.24,0.80,-76.69,0.01,0.086,0.086,0.086,2.12,0.06,-7.90,24.9,36.0,-740.5,91.7,118.4,3.987,0.0,False,False,False,2.22,
0,790,2026-01-04 12:54:33.106,12.37,0.31,216.07,0.01,0.086,0.086,0.086,4.20,1.21,-7.09,29.2,33.1,-744.5,90.0,118.5,4.091,0.0,False,False,False,1.24,
0,791,2026-01-04 12:54:33.473,13.05,0.50,-101.04,0.00,0.086,0.086,0.086,0.24,-3.63,-8.80,33.8,30.0,-748.5,87.8,118.5,4.215,0.0,False,False,False,1.13,
0,792,2026-01-04 12:54:33.824,13.94,0.33,191.21,0.08,0.086,0.086,0.086,6.59,-0.36,-9.42,38.5,27.1,-752.6,85.3,118.4,4.535,0.0,False,False,False,0.83,
0,793,2026-01-04 12:54:34.161,4.94,0.47,-142.49,0.05,65431.273,0.000,65431.273,31.03,119.31,7.61,41.8,24.8,-755.1,82.9,118.4,3.248,0.0,True,False,True,749.62,CRASH
0,794,2026-01-04 12:54:37.577,2.99,0.99,172.17,0.09,0.000,0.000,0.000,2.75,-0.75,-10.30,2.1,39.9,-718.8,99.3,118.5,0.944,0.0,False,False,False,199.23,
0,795,2026-01-04 12:54:37.929,3.86,0.90,221.94,0.00,0.000,0.000,0.000,1.09,-3.14,-8.49,3.2,38.9,-719.4,98.3,118.5,1.128,0.0,False,False,False,1.51,
0,796,2026-01-04 12:54:38.278,4.92,0.36,-208.16,0.00,0.000,0.000,0.000,-4.64,-2.51,-9.64,4.8,37.6,-720.3,97.0,118.5,1.475,0.0,False,False,False,-0.66,
0,797,2026-01-04 12:54:38.630,6.39,0.64,197.12,0.10,0.000,0.000,0.000,4.15,-4.76,-10.12,6.7,35.8,-721.6,95.6,118.5,1.872,0.0,False,False,False,-0.86,
0,798,2026-01-04 12:54:38.978,7.89,0.64,388.54,0.00,0.000,0.000,0.000,6.43,-2.22,-10.35,9.2,34.0,-722.8,93.4,118.5,2.417,0.0,False,False,False,2.72,
0,799,2026-01-04 12:54:39.352,9.24,0.76,-73.54,0.00,0.000,0.000,0.000,-1.27,-4.41,-10.22,12.2,32.4,-723.6,90.3,118.4,2.858,0.0,False,False,False,0.85,
0,800,2026-01-04 12:54:39.696,10.53,0.62,148.26,0.00,0.000,0.000,0.000,2.03,-0.71,-10.71,15.5,31.0,-724.3,86.9,118.4,3.353,0.0,False,False,False,2.09,
0,801,2026-01-04 12:54:40.032,10.65,0.86,101.25,0.04,0.000,0.000,0.000,2.34,-0.84,-9.54,18.9,30.4,-724.7,83.4,118.5,3.342,0.0,False,False,False,2.51,
0,802,2026-01-04 12:54:40.367,2.88,0.50,-208.81,0.00,13635.128,0.000,13635.128,7.77,-4.40,-12.92,20.5,29.6,-725.5,82.0,118.5,1.484,0.0,True,False,False,-30.24,CRASH
0,803,2026-01-04 12:54:43.757,5.18,0.84,-74.73,0.00,8022.722,0.000,8022.722,16.44,45.44,2.18,15.5,22.3,-732.6,103.1,118.8,2.471,0.0,True,False,True,149.67,CRASH
0,804,2026-01-04 12:54:47.157,10.16,0.41,-9.95,0.01,0.000,0.000,0.000,-0.50,-3.25,-9.63,17.1,12.2,-731.4,91.0,118.4,3.198,0.0,False,False,False,203.05,
0,805,2026-01-04 12:54:47.508,11.54,0.55,162.75,0.00,0.000,0.000,0.000,5.32,-3.05,-9.69,20.9,14.4,-734.5,88.8,118.4,3.625,0.0,False,False,False,4.36,
0,806,2026-01-04 12:54:47.839,12.67,0.50,-81.21,0.00,0.000,0.000,0.000,-3.27,-3.69,-9.02,24.9,17.7,-737.5,86.1,118.4,3.843,0.0,False,False,False,4.52,
0,807,2026-01-04 12:54:48.178,14.08,0.50,189.64,0.00,0.000,0.000,0.000,6.74,-2.69,-10.52,29.4,21.6,-740.9,83.2,118.3,4.258,0.0,False,False,False,4.72,
0,808,2026-01-04 12:54:48.523,14.65,0.79,277.83,0.04,0.000,0.000,0.000,7.76,-1.72,-9.83,34.3,26.4,-744.1,79.4,118.3,4.793,0.0,False,False,False,807.30,
0,809,2026-01-04 12:54:48.893,14.84,0.39,-236.33,0.00,0.000,0.000,0.000,-5.48,2.52,-11.20,39.5,31.8,-747.0,74.8,118.2,4.968,0.0,False,False,False,804.88,
0,810,2026-01-04 12:54:49.240,15.61,0.73,-9.51,0.02,0.000,0.000,0.000,-4.16,-3.20,-7.63,44.7,37.0,-750.3,70.6,118.2,5.036,0.0,False,False,False,805.89,
0,811,2026-01-04 12:54:49.593,16.90,0.99,280.23,0.00,0.000,0.000,0.000,7.63,-2.41,-10.73,50.4,42.6,-753.9,66.2,118.2,5.452,0.0,False,False,False,801.87,
0,812,2026-01-04 12:54:49.925,17.37,0.67,-186.47,0.00,0.000,0.000,0.000,-3.41,-0.26,-10.02,56.0,48.3,-757.1,61.4,118.2,5.447,0.0,False,False,False,800.10,
0,813,2026-01-04 12:54:50.276,18.59,0.50,190.17,0.00,0.000,0.000,0.000,4.43,-3.35,-9.91,62.1,54.6,-760.7,56.3,118.1,5.969,0.0,False,False,False,800.74,
0,814,2026-01-04 12:54:50.642,19.13,0.61,-138.42,0.00,0.000,0.000,0.000,-1.83,-0.15,-8.73,68.9,61.5,-764.4,50.5,118.1,6.329,0.0,False,False,False,1.53,
0,815,2026-01-04 12:54:50.981,20.15,0.89,-20.01,0.00,0.000,0.000,0.000,-4.37,-2.81,-8.32,75.4,68.0,-768.1,45.1,118.0,6.212,0.0,False,False,False,3.26,
0,816,2026-01-04 12:54:51.330,21.01,0.62,172.25,0.00,0.000,0.000,0.000,4.45,0.35,-11.20,82.6,75.3,-772.4,39.2,118.0,6.917,0.0,False,False,False,2.58,
0,817,2026-01-04 12:54:51.665,21.11,1.00,66.53,0.00,0.230,0.230,0.230,8.09,-1.01,-3.08,89.5,82.3,-776.0,33.2,118.1,6.664,0.0,False,False,False,3.44,
0,818,2026-01-04 12:54:52.017,17.23,0.44,-230.50,0.03,5684.931,0.000,5684.931,-63.50,66.58,-14.13,96.5,89.4,-779.4,26.9,118.0,6.813,0.0,True,False,False,-28.43,CRASH
0,819,2026-01-04 12:54:55.454,3.30,0.87,-89.81,0.00,0.000,0.000,0.000,-0.98,-1.63,-10.56,2.2,94.3,-718.9,99.3,118.5,1.004,0.0,False,False,False,201.29,
0,820,2026-01-04 12:54:55.802,4.03,0.71,-80.39,0.00,0.000,0.000,0.000,-1.14,-2.56,-10.19,3.5,93.1,-719.9,98.4,118.5,1.217,0.0,False,False,False,1.50,
0,821,2026-01-04 12:54:56.151,5.10,0.71,-217.69,0.00,0.000,0.000,0.000,-2.51,-3.33,-8.99,5.1,91.5,-721.2,97.5,118.5,1.520,0.0,False,False,False,1.13,
0,822,2026-01-04 12:54:56.486,6.64,0.89,-223.58,0.00,0.000,0.000,0.000,-4.11,-4.87,-9.71,7.0,89.8,-723.0,96.7,118.5,1.859,0.0,False,False,False,1.97,
0,823,2026-01-04 12:54:56.820,8.73,0.98,-49.82,0.00,0.000,0.000,0.000,-0.63,-6.51,-10.78,9.4,87.7,-725.4,96.0,118.5,2.430,0.0,False,False,False,1.69,
0,824,2026-01-04 12:54:57.168,10.84,0.94,85.77,0.00,0.000,0.000,0.000,2.93,-5.49,-9.33,12.8,84.9,-728.7,95.0,118.5,3.142,0.0,False,False,False,2.88,
0,825,2026-01-04 12:54:57.505,12.05,0.52,-1.37,0.00,0.000,0.000,0.000,0.09,-3.45,-9.47,16.6,81.7,-732.3,93.6,118.4,3.652,0.0,False,False,False,3.21,
0,826,2026-01-04 12:54:57.851,13.52,0.50,-15.73,0.00,0.000,0.000,0.000,-1.61,-4.23,-9.37,21.0,78.0,-736.4,92.0,118.4,4.280,0.0,False,False,False,3.49,
0,827,2026-01-04 12:54:58.188,14.10,0.71,-194.82,0.09,0.000,0.000,0.000,-6.42,0.41,-10.98,25.7,74.5,-740.9,90.6,118.4,4.423,0.0,False,False,False,2.03,
0,828,2026-01-04 12:54:58.539,13.84,0.98,194.53,0.05,68.616,0.000,68.616,-2.80,0.73,-3.17,30.5,71.2,-745.7,89.6,118.6,4.655,0.0,True,False,False,-30.17,CRASH
0,829,2026-01-04 12:55:01.958,3.25,0.76,-121.11,0.00,0.000,0.000,0.000,-1.76,-1.71,-9.80,2.2,28.5,-718.9,99.3,118.5,0.994,0.0,False,False,False,199.52,
0,830,2026-01-04 12:55:02.295,3.80,0.66,-190.31,0.00,0.000,0.000,0.000,-1.82,-1.96,-9.33,3.3,27.4,-719.8,98.6,118.5,1.120,0.0,False,False,False,1.39,
0,831,2026-01-04 12:55:02.640,4.74,0.31,102.19,0.00,0.000,0.000,0.000,2.63,-2.67,-10.16,4.8,25.9,-721.0,97.7,118.5,1.426,0.0,False,False,False,0.35,
0,832,2026-01-04 12:55:02.976,5.50,0.45,-134.34,0.00,0.000,0.000,0.000,-3.09,-2.25,-8.71,6.5,24.3,-722.4,96.6,118.5,1.626,0.0,False,False,False,0.44,
0,833,2026-01-04 12:55:03.328,6.30,0.52,-308.95,0.05,0.000,0.000,0.000,-6.01,-2.19,-10.19,8.5,22.3,-724.2,95.7,118.5,1.963,0.0,False,False,False,2.19,
0,834,2026-01-04 12:55:03.693,7.73,0.54,-201.45,0.02,0.000,0.000,0.000,-4.20,-3.22,-9.82,10.9,19.8,-726.7,95.1,118.5,2.342,0.0,False,False,False,2.15,
0,835,2026-01-04 12:55:04.028,8.75,0.33,51.38,0.08,0.000,0.000,0.000,2.03,-2.35,-10.54,13.5,17.1,-729.4,94.8,118.4,2.623,0.0,False,False,False,0.93,
0,836,2026-01-04 12:55:04.376,9.73,0.41,-151.01,0.00,0.000,0.000,0.000,-5.14,-2.24,-10.00,16.5,13.9,-732.6,94.5,118.4,3.091,0.0,False,False,False,1.11,
0,837,2026-01-04 12:55:04.715,11.14,0.58,-5.83,0.00,0.000,0.000,0.000,-0.57,-4.39,-10.57,19.8,10.8,-736.1,94.5,118.4,3.295,0.0,False,False,False,0.77,
0,838,2026-01-04 12:55:05.061,11.04,0.39,182.90,0.00,0.000,0.000,0.000,-7.14,1.64,-20.48,23.6,7.4,-740.0,94.5,118.5,3.770,0.0,False,False,False,0.58,
0,839,2026-01-04 12:55:05.414,5.00,0.43,309.85,0.03,9121.069,0.000,9121.069,21.71,90.23,-0.63,27.2,4.7,-743.7,93.9,118.5,3.334,0.0,True,False,False,-28.33,CRASH
0,840,2026-01-04 12:55:08.797,2.86,0.40,-239.43,0.08,0.000,0.000,0.000,-3.15,-0.57,-9.96,2.0,25.5,-718.8,99.4,118.5,0.882,0.0,False,False,False,198.34,
0,841,2026-01-04 12:55:09.133,3.41,0.68,-230.78,0.00,0.000,0.000,0.000,-0.41,-1.50,-8.97,3.1,24.5,-719.7,98.8,118.5,0.990,0.0,False,False,False,0.57,
0,842,2026-01-04 12:55:09.480,4.15,0.94,213.54,0.04,0.000,0.000,0.000,3.26,-1.92,-10.54,4.4,23.3,-720.8,98.1,118.5,1.249,0.0,False,False,False,-0.92,
0,843,2026-01-04 12:55:09.816,4.76,0.44,-166.14,0.10,0.000,0.000,0.000,-3.47,-1.59,-9.91,5.9,22.0,-721.9,97.1,118.5,1.416,0.0,False,False,False,-1.14,
0,844,2026-01-04 12:55:10.166,6.60,0.97,180.20,0.00,0.000,0.000,0.000,4.60,-5.82,-10.19,7.8,20.3,-723.5,96.0,118.5,1.875,0.0,False,False,False,-0.34,
0,845,2026-01-04 12:55:10.537,8.26,0.75,-18.18,0.08,0.000,0.000,0.000,-1.09,-5.31,-9.72,10.5,18.2,-725.5,94.2,118.5,2.511,0.0,False,False,False,1.59,
0,846,2026-01-04 12:55:10.884,10.34,0.86,50.58,0.00,0.000,0.000,0.000,1.95,-5.69,-9.70,13.8,15.9,-727.9,91.9,118.4,3.118,0.0,False,False,False,3.39,
0,847,2026-01-04 12:55:11.220,11.56,0.67,153.11,0.09,0.000,0.000,0.000,6.76,-2.45,-9.88,17.4,14.2,-730.3,89.2,118.4,3.494,0.0,False,False,False,3.79,
0,848,2026-01-04 12:55:11.555,12.28,0.37,-55.35,0.00,0.000,0.000,0.000,-2.36,-2.92,-9.48,21.3,13.6,-732.6,85.9,118.4,3.784,0.0,False,False,False,3.30,
0,849,2026-01-04 12:55:11.902,13.93,0.92,66.33,0.00,0.000,0.000,0.000,3.57,-4.24,-10.08,25.8,14.4,-735.3,82.2,118.3,4.373,0.0,False,False,False,6.20,
0,850,2026-01-04 12:55:12.256,14.94,0.86,-202.53,0.00,0.000,0.000,0.000,-7.33,-1.79,-9.72,30.8,16.9,-738.1,78.0,118.3,4.625,0.0,False,False,False,805.36,
0,851,2026-01-04 12:55:12.605,15.45,0.75,-264.01,0.04,0.000,0.000,0.000,-7.74,-1.40,-9.00,36.2,20.0,-741.6,74.0,118.3,5.081,0.0,False,False,False,807.15,
0,852,2026-01-04 12:55:12.956,16.70,0.62,249.98,0.00,0.000,0.000,0.000,4.42,-3.00,-9.04,41.7,23.7,-745.8,70.3,118.2,5.356,0.0,False,False,False,804.66,
0,853,2026-01-04 12:55:13.305,16.87,0.37,166.13,0.00,0.000,0.000,0.000,8.93,-0.48,-11.43,47.6,28.6,-749.8,66.0,118.2,5.605,0.0,False,False,False,808.38,
0,854,2026-01-04 12:55:13.642,17.14,0.50,117.90,0.00,0.000,0.000,0.000,10.08,-2.08,-8.92,53.2,34.0,-752.8,61.2,118.2,5.369,0.0,False,False,False,802.74,
0,855,2026-01-04 12:55:13.992,17.04,0.58,-203.37,0.00,0.000,0.000,0.000,-2.97,1.39,-10.16,58.9,39.9,-755.2,55.7,118.2,5.438,0.0,False,False,False,801.34,
0,856,2026-01-04 12:55:14.329,16.76,0.36,-153.06,0.00,0.000,0.000,0.000,-5.45,0.10,-4.44,64.4,45.5,-757.9,50.7,118.3,5.338,0.0,False,False,False,802.72,
0,857,2026-01-04 12:55:14.662,17.15,0.42,240.79,0.00,0.000,0.000,0.000,0.15,-1.95,-12.12,70.0,50.9,-761.0,46.1,118.2,5.341,0.0,False,False,False,1.46,
0,858,2026-01-04 12:55:15.008,15.86,0.87,101.34,0.00,1487.952,0.000,1487.952,3.12,-1.46,-5.87,75.9,56.5,-764.7,41.5,118.2,5.597,0.0,True,False,False,-27.35,CRASH
0,859,2026-01-04 12:55:18.430,8.84,0.35,-202.33,0.00,286.333,0.000,286.333,-6.64,4.30,-19.22,17.1,59.8,-723.4,84.8,118.6,2.949,0.0,True,False,False,169.56,CRASH
0,860,2026-01-04 12:55:21.834,6.76,0.50,47.73,0.00,0.000,0.000,0.000,1.28,-1.71,-10.26,11.6,15.1,-728.7,98.9,118.4,2.043,0.0,False,False,False,200.02,
0,861,2026-01-04 12:55:22.171,6.73,0.56,-155.20,0.05,0.000,0.000,0.000,-3.89,1.09,-9.98,13.8,15.8,-731.0,98.6,118.4,2.161,0.0,False,False,False,1.25,
0,862,2026-01-04 12:55:22.518,6.35,0.98,-196.36,0.00,386.667,0.000,386.667,4.52,0.31,-3.56,16.1,17.1,-733.3,98.7,118.5,2.204,0.0,True,False,False,-28.09,CRASH
0,863,2026-01-04 12:55:25.936,10.44,0.52,-232.45,0.03,0.000,0.000,0.000,-6.70,-1.65,-9.41,18.3,3.1,-735.1,96.2,118.4,3.375,0.0,False,False,False,200.52,
0,864,2026-01-04 12:55:26.273,10.10,0.96,51.67,0.03,0.000,0.000,0.000,-13.61,2.28,-25.86,21.7,5.8,-738.5,96.2,118.6,3.271,0.0,False,False,False,1.33,
0,865,2026-01-04 12:55:26.619,2.44,0.69,9.55,0.00,13720.008,0.000,13720.008,-3.94,10.71,-18.94,24.1,8.1,-740.9,95.9,118.6,2.236,0.0,True,False,False,-28.37,CRASH
0,866,2026-01-04 12:55:30.034,8.48,0.34,153.00,0.10,0.000,0.000,0.000,4.88,-1.85,-9.53,14.6,14.7,-727.4,90.2,118.4,2.580,0.0,False,False,False,201.96,
0,867,2026-01-04 12:55:30.378,9.56,0.38,283.28,0.00,0.000,0.000,0.000,8.51,-2.72,-10.43,17.7,14.6,-729.0,87.5,118.4,3.000,0.0,False,False,False,3.32,
0,868,2026-01-04 12:55:30.727,10.32,0.50,384.63,0.00,0.000,0.000,0.000,8.25,-1.19,-9.36,20.9,16.1,-729.9,84.1,118.4,3.327,0.0,False,False,False,4.07,
0,869,2026-01-04 12:55:31.080,10.87,0.61,-176.30,0.00,0.000,0.000,0.000,-11.73,0.00,-21.12,24.1,18.9,-730.1,80.4,118.4,3.572,0.0,False,False,False,1.36,
0,870,2026-01-04 12:55:31.411,11.24,0.94,-265.38,0.00,0.000,0.000,0.000,-5.79,-1.24,-8.66,27.4,21.8,-730.5,76.8,118.5,3.477,0.0,False,False,False,4.15,
0,871,2026-01-04 12:55:31.767,7.19,0.79,-187.07,0.00,7027.640,0.000,7027.640,2.79,-5.88,-11.21,29.8,22.8,-732.1,74.9,118.5,2.161,0.0,True,False,False,-26.78,CRASH
0,872,2026-01-04 12:55:35.167,9.69,0.59,-206.28,0.01,0.000,0.000,0.000,-6.21,-2.77,-9.73,15.8,20.5,-732.2,95.3,118.4,3.035,0.0,False,False,False,200.61,
0,873,2026-01-04 12:55:35.524,10.91,1.00,-140.99,0.06,0.000,0.000,0.000,-5.61,-3.34,-9.69,19.3,20.5,-735.8,95.1,118.4,3.421,0.0,False,False,False,2.38,
0,874,2026-01-04 12:55:35.853,10.88,0.43,187.37,0.00,0.010,0.010,0.010,-2.94,5.67,-28.59,22.9,21.5,-739.5,95.1,118.5,3.502,0.0,False,False,False,0.97,
0,875,2026-01-04 12:55:36.204,6.31,0.50,335.64,0.00,5825.712,0.000,5825.712,13.76,31.35,-11.52,26.2,22.4,-742.8,94.6,118.6,3.190,0.0,True,False,False,-27.65,CRASH
