Episode,Step,Timestamp,Speed_ms,Throttle,Steering,Brake,Damage,Damage_Increase,Total_Damage,Gx,Gy,Gz,Distance_From_Origin,Distance_From_Checkpoint,Position_X,Position_Y,Position_Z,Position_Delta,Stationary_Timer,Crash_Detected,Stationary_Timeout,Flipped,Reward,Event_Type
0,0,2026-01-04 11:45:03.972,8.68,1.00,37.14,0.00,0.000,0.000,0.000,1.25,-6.70,-8.98,6.6,6.6,-722.0,96.1,118.5,2.527,0.0,False,False,False,204.18,
0,1,2026-01-04 11:45:04.309,9.77,0.41,-200.47,0.00,0.000,0.000,0.000,-6.43,-1.53,-9.97,9.8,9.8,-724.2,93.9,118.5,2.975,0.0,False,False,False,3.49,
0,2,2026-01-04 11:45:04.658,10.56,0.35,181.39,0.08,0.000,0.000,0.000,5.08,-2.45,-10.17,12.9,12.9,-726.8,91.9,118.4,3.048,0.0,False,False,False,1.93,
0,3,2026-01-04 11:45:04.999,10.85,0.39,-122.58,0.05,0.000,0.000,0.000,-3.95,-0.94,-9.90,16.5,16.5,-729.4,89.5,118.4,3.391,0.0,False,False,False,3.47,
0,4,2026-01-04 11:45:05.335,12.07,0.50,-88.77,0.00,0.000,0.000,0.000,-4.44,-4.63,-9.35,20.3,20.3,-732.4,87.2,118.4,3.604,0.0,False,False,False,5.71,
0,5,2026-01-04 11:45:05.689,13.25,0.59,-103.28,0.05,0.000,0.000,0.000,-5.81,-3.29,-10.05,24.4,24.4,-736.1,85.1,118.4,3.816,0.0,False,False,False,5.82,
0,6,2026-01-04 11:45:06.030,13.89,0.71,-265.86,0.00,0.000,0.000,0.000,-8.54,-0.07,-10.29,28.5,28.5,-740.1,83.6,118.3,4.102,0.0,False,False,False,4.84,
0,7,2026-01-04 11:45:06.365,15.13,0.82,97.37,0.00,0.000,0.000,0.000,-0.83,-5.22,-9.87,32.9,32.9,-744.8,82.6,118.3,4.563,0.0,False,False,False,803.55,
0,8,2026-01-04 11:45:06.701,15.52,0.51,-208.42,0.00,0.000,0.000,0.000,-15.43,3.79,-28.30,37.7,37.7,-749.9,81.9,118.3,4.929,0.0,False,False,False,802.26,
0,9,2026-01-04 11:45:07.051,15.00,0.57,-288.41,0.06,129.615,0.000,129.615,-1.29,-0.12,-3.46,42.2,42.2,-755.0,81.7,118.6,4.781,0.0,True,False,False,772.09,CRASH
0,10,2026-01-04 11:45:10.482,3.32,0.63,215.07,0.00,0.000,0.000,0.000,1.54,-2.50,-10.13,2.1,40.2,-718.8,99.3,118.5,0.996,0.0,False,False,False,198.59,
0,11,2026-01-04 11:45:10.824,3.85,0.96,-79.29,0.00,0.000,0.000,0.000,-2.65,-1.92,-10.05,3.3,39.1,-719.5,98.3,118.5,1.142,0.0,False,False,False,-0.38,
0,12,2026-01-04 11:45:11.173,4.96,0.75,55.97,0.04,0.000,0.000,0.000,0.74,-3.46,-10.60,4.8,37.7,-720.5,97.2,118.5,1.458,0.0,False,False,False,1.04,
0,13,2026-01-04 11:45:11.524,6.66,0.79,236.29,0.02,0.000,0.000,0.000,4.51,-4.59,-8.88,6.8,36.0,-721.7,95.5,118.5,1.933,0.0,False,False,False,1.30,
0,14,2026-01-04 11:45:11.862,8.48,0.71,113.42,0.00,0.000,0.000,0.000,2.98,-5.76,-8.84,9.3,34.2,-722.8,93.3,118.5,2.404,0.0,False,False,False,1.88,
0,15,2026-01-04 11:45:12.214,9.96,0.43,79.38,0.00,0.000,0.000,0.000,2.78,-3.43,-10.32,12.5,32.2,-724.0,90.2,118.4,2.966,0.0,False,False,False,2.97,
0,16,2026-01-04 11:45:12.550,10.95,0.96,-229.32,0.00,0.000,0.000,0.000,-3.50,-3.35,-10.08,15.9,30.3,-725.1,86.9,118.4,3.338,0.0,False,False,False,1.09,
0,17,2026-01-04 11:45:12.884,10.86,0.50,-317.92,0.06,0.000,0.000,0.000,-8.65,1.71,-12.19,19.6,28.2,-726.9,83.7,118.4,3.487,0.0,False,False,False,3.53,
0,18,2026-01-04 11:45:13.223,10.57,0.50,-409.44,0.00,0.000,0.000,0.000,-9.08,2.35,-10.39,23.1,25.8,-729.2,81.0,118.4,3.410,0.0,False,False,False,3.25,
0,19,2026-01-04 11:45:13.556,10.92,0.82,85.63,0.00,0.823,0.000,0.823,-2.46,0.65,-8.82,26.4,23.0,-732.1,79.0,118.4,3.367,0.0,False,False,False,-0.18,
0,20,2026-01-04 11:45:13.910,12.19,0.97,20.20,0.01,0.823,0.000,0.823,0.90,-4.26,-10.74,30.0,19.9,-735.6,77.0,118.3,3.670,0.0,False,False,False,803.90,
0,21,2026-01-04 11:45:14.259,12.83,0.41,-100.87,0.00,0.823,0.000,0.823,-5.19,-2.17,-9.95,34.0,16.8,-739.5,75.0,118.3,4.181,0.0,False,False,False,804.33,
0,22,2026-01-04 11:45:14.610,13.72,0.56,-262.95,0.00,0.823,0.000,0.823,-7.15,-2.23,-8.75,38.1,13.8,-743.9,73.5,118.3,4.435,0.0,False,False,False,803.24,
0,23,2026-01-04 11:45:14.962,14.56,0.41,-31.75,0.03,0.823,0.000,0.823,-5.44,-2.90,-10.70,42.2,10.9,-748.8,72.7,118.2,4.705,0.0,False,False,False,801.54,
0,24,2026-01-04 11:45:15.312,15.28,0.98,-216.40,0.08,0.823,0.000,0.823,-6.65,-1.81,-10.23,46.1,9.3,-753.8,72.5,118.2,4.725,0.0,False,False,False,798.30,
0,25,2026-01-04 11:45:15.681,15.90,0.32,215.68,0.00,13.606,0.000,13.606,1.26,-1.63,-21.47,50.5,9.9,-759.5,73.0,118.3,5.233,0.0,False,False,False,788.93,
0,26,2026-01-04 11:45:16.019,13.41,0.42,206.56,0.03,5000.000,0.000,5000.000,14.66,13.22,-1.29,54.9,13.1,-764.6,72.8,118.4,4.852,0.0,True,False,False,772.08,CRASH
0,27,2026-01-04 11:45:19.416,3.15,0.72,-216.66,0.00,0.000,0.000,0.000,-2.24,-1.22,-10.23,2.1,53.0,-718.8,99.4,118.5,0.921,0.0,False,False,False,198.71,
0,28,2026-01-04 11:45:19.758,3.67,0.33,-132.51,0.00,0.000,0.000,0.000,-0.09,-1.46,-11.05,3.0,52.0,-719.6,98.8,118.5,0.910,0.0,False,False,False,0.30,
0,29,2026-01-04 11:45:20.115,4.40,0.72,111.39,0.00,0.000,0.000,0.000,2.33,-2.44,-9.90,4.3,50.7,-720.7,98.0,118.5,1.275,0.0,False,False,False,0.35,
0,30,2026-01-04 11:45:20.451,5.49,1.00,243.03,0.00,0.000,0.000,0.000,3.25,-3.16,-9.41,6.0,49.1,-721.8,96.8,118.5,1.556,0.0,False,False,False,1.85,
0,31,2026-01-04 11:45:20.792,6.70,0.51,-74.69,0.00,0.000,0.000,0.000,-2.41,-3.77,-9.77,8.0,47.2,-723.0,95.2,118.5,1.943,0.0,False,False,False,0.81,
0,32,2026-01-04 11:45:21.152,8.27,0.56,-108.52,0.00,0.000,0.000,0.000,-3.58,-5.07,-9.62,10.6,44.7,-724.9,93.4,118.5,2.383,0.0,False,False,False,2.77,
0,33,2026-01-04 11:45:21.501,9.87,0.45,121.62,0.00,0.000,0.000,0.000,3.96,-4.19,-10.30,13.8,41.7,-727.3,91.3,118.4,3.042,0.0,False,False,False,2.27,
0,34,2026-01-04 11:45:21.841,10.68,0.40,-127.70,0.00,0.000,0.000,0.000,-5.18,-1.78,-9.64,17.2,38.4,-729.7,88.9,118.4,3.280,0.0,False,False,False,2.27,
0,35,2026-01-04 11:45:22.181,12.17,0.96,48.07,0.00,0.000,0.000,0.000,1.71,-4.85,-9.23,21.0,34.8,-732.6,86.4,118.4,3.596,0.0,False,False,False,2.90,
0,36,2026-01-04 11:45:22.531,13.16,0.50,-139.05,0.08,0.000,0.000,0.000,-5.73,-1.96,-9.87,25.4,30.6,-736.0,83.5,118.4,4.256,0.0,False,False,False,3.76,
0,37,2026-01-04 11:45:22.899,14.73,0.85,184.63,0.00,0.000,0.000,0.000,6.06,-3.58,-8.98,30.5,25.7,-740.2,80.6,118.3,4.661,0.0,False,False,False,803.00,
0,38,2026-01-04 11:45:23.237,15.60,0.61,158.64,0.00,0.000,0.000,0.000,8.18,-2.00,-9.30,35.6,21.2,-743.9,77.2,118.3,4.816,0.0,False,False,False,804.87,
0,39,2026-01-04 11:45:23.586,16.04,0.82,-256.70,0.05,0.000,0.000,0.000,-6.30,-0.27,-10.70,41.1,17.0,-747.6,73.0,118.3,5.300,0.0,False,False,False,802.71,
0,40,2026-01-04 11:45:23.923,16.29,0.42,-188.02,0.00,0.000,0.000,0.000,-8.95,-0.60,-8.53,46.5,13.4,-751.6,69.4,118.2,5.127,0.0,False,False,False,803.52,
0,41,2026-01-04 11:45:24.263,16.72,0.50,-202.10,0.00,0.000,0.000,0.000,-8.40,-2.43,-9.08,51.8,10.4,-756.3,66.6,118.2,5.204,0.0,False,False,False,799.65,
0,42,2026-01-04 11:45:24.630,17.65,0.48,18.61,0.00,0.000,0.000,0.000,-7.08,-3.65,-9.62,57.8,8.8,-762.1,64.3,118.2,5.713,0.0,False,False,False,798.67,
0,43,2026-01-04 11:45:24.981,18.21,0.52,-158.71,0.00,0.000,0.000,0.000,-7.42,-1.16,-9.43,63.5,10.6,-768.2,62.9,118.1,5.999,0.0,False,False,False,801.50,
0,44,2026-01-04 11:45:25.331,18.05,0.45,115.10,0.00,3.215,0.000,3.215,0.26,0.49,-4.34,69.1,14.6,-774.5,62.0,118.3,6.028,0.0,False,False,False,-0.51,
0,45,2026-01-04 11:45:25.675,3.86,0.00,-131.98,1.00,30772.838,0.000,30772.838,-2.85,0.93,-8.47,71.0,16.5,-775.9,60.8,118.3,1.652,0.0,True,False,False,-30.45,CRASH
0,46,2026-01-04 11:45:29.079,2.91,0.58,-188.04,0.06,0.000,0.000,0.000,-3.35,-1.01,-9.76,1.9,69.1,-718.7,99.5,118.5,0.877,0.0,False,False,False,201.16,
0,47,2026-01-04 11:45:29.422,3.37,0.93,-285.55,0.00,0.000,0.000,0.000,-1.80,-1.67,-9.00,2.9,68.1,-719.6,99.0,118.5,0.942,0.0,False,False,False,1.20,
0,48,2026-01-04 11:45:29.801,4.26,0.85,143.11,0.04,0.000,0.000,0.000,3.18,-2.98,-10.57,4.1,66.9,-720.6,98.4,118.5,1.137,0.0,False,False,False,-0.92,
0,49,2026-01-04 11:45:30.144,5.74,0.97,279.14,0.00,0.000,0.000,0.000,4.05,-4.42,-9.24,5.7,65.3,-721.8,97.2,118.5,1.579,0.0,False,False,False,1.87,
0,50,2026-01-04 11:45:30.482,7.14,0.47,347.46,0.00,0.000,0.000,0.000,6.40,-2.53,-9.85,7.8,63.3,-722.9,95.4,118.5,2.060,0.0,False,False,False,2.32,
0,51,2026-01-04 11:45:30.837,8.48,0.50,7.99,0.03,0.000,0.000,0.000,-0.37,-3.49,-10.38,10.3,61.2,-723.8,92.8,118.4,2.497,0.0,False,False,False,1.34,
0,52,2026-01-04 11:45:31.180,10.09,0.60,243.93,0.00,0.000,0.000,0.000,6.21,-3.94,-11.08,13.2,58.9,-724.7,89.8,118.4,2.956,0.0,False,False,False,1.54,
0,53,2026-01-04 11:45:31.518,11.01,0.83,-42.77,0.03,0.000,0.000,0.000,-2.68,-0.83,-9.66,16.5,56.8,-725.2,86.3,118.4,3.371,0.0,False,False,False,1.30,
0,54,2026-01-04 11:45:31.855,11.03,0.36,-147.11,0.00,0.000,0.000,0.000,-7.66,-0.03,-9.23,20.0,54.6,-725.9,82.7,118.5,3.509,0.0,False,False,False,2.90,
0,55,2026-01-04 11:45:32.189,8.59,0.44,116.36,0.05,1355.739,0.000,1355.739,-14.64,19.87,-17.11,23.6,52.3,-727.1,79.3,118.6,3.349,0.0,True,False,False,-28.28,CRASH
0,56,2026-01-04 11:45:35.625,3.24,0.97,-133.78,0.00,0.000,0.000,0.000,-2.21,-1.64,-9.15,2.2,21.6,-718.9,99.3,118.5,0.991,0.0,False,False,False,199.79,
0,57,2026-01-04 11:45:35.963,4.03,0.33,116.12,0.00,0.000,0.000,0.000,1.68,-2.23,-9.51,3.4,20.5,-719.8,98.5,118.5,1.149,0.0,False,False,False,-0.03,
0,58,2026-01-04 11:45:36.314,4.61,0.42,-222.68,0.01,0.000,0.000,0.000,-4.48,-1.51,-9.66,4.9,19.1,-720.9,97.4,118.5,1.447,0.0,False,False,False,-0.40,
0,59,2026-01-04 11:45:36.647,5.40,0.71,-316.50,0.00,0.000,0.000,0.000,-4.59,-2.40,-10.34,6.5,18.0,-722.3,96.7,118.5,1.567,0.0,False,False,False,1.75,
0,60,2026-01-04 11:45:36.984,7.16,0.99,151.50,0.01,0.000,0.000,0.000,5.03,-5.54,-10.06,8.5,16.8,-724.3,95.9,118.5,1.983,0.0,False,False,False,-0.51,
0,61,2026-01-04 11:45:37.343,8.59,0.63,-41.91,0.06,0.000,0.000,0.000,-2.18,-4.01,-9.35,11.2,15.3,-726.7,94.6,118.5,2.535,0.0,False,False,False,1.17,
0,62,2026-01-04 11:45:37.695,9.70,0.89,-283.74,0.08,0.000,0.000,0.000,-5.36,-2.35,-9.68,14.4,14.2,-729.7,93.4,118.5,3.077,0.0,False,False,False,1.86,
0,63,2026-01-04 11:45:38.030,10.80,0.32,180.38,0.00,0.000,0.000,0.000,4.13,-3.43,-11.57,17.7,14.4,-733.0,92.5,118.4,3.237,0.0,False,False,False,0.67,
0,64,2026-01-04 11:45:38.380,11.37,0.74,210.90,0.08,0.000,0.000,0.000,7.07,-1.97,-9.65,21.2,15.0,-736.2,91.2,118.4,3.302,0.0,False,False,False,3.40,
0,65,2026-01-04 11:45:38.723,12.60,0.50,42.27,0.00,0.000,0.000,0.000,3.83,-4.39,-9.43,25.1,15.9,-739.6,89.1,118.4,3.777,0.0,False,False,False,4.37,
0,66,2026-01-04 11:45:39.078,13.23,0.35,-220.10,0.00,0.000,0.000,0.000,-7.01,0.44,-9.89,29.7,17.8,-743.3,86.6,118.3,4.152,0.0,False,False,False,4.13,
0,67,2026-01-04 11:45:39.414,14.30,0.72,43.33,0.00,4.950,0.000,4.950,-6.40,-1.30,-29.93,34.0,20.8,-747.2,84.6,118.3,4.121,0.0,False,False,False,801.75,
0,68,2026-01-04 11:45:39.761,14.80,0.51,247.99,0.00,5.149,0.199,5.149,7.76,-2.18,-3.60,38.8,24.6,-751.5,82.3,118.4,4.601,0.0,False,False,False,803.59,
0,69,2026-01-04 11:45:40.112,14.80,0.33,89.12,0.06,5.149,0.199,5.149,9.13,-1.11,-6.97,43.9,28.4,-755.5,79.0,118.4,4.925,0.0,False,False,False,804.51,
0,70,2026-01-04 11:45:40.447,14.41,0.60,-246.87,0.09,5.149,0.199,5.149,0.02,4.23,-9.28,48.7,32.0,-758.9,75.4,118.3,4.650,0.0,False,False,False,801.96,
0,71,2026-01-04 11:45:40.800,14.54,0.55,1.30,0.05,5.149,0.199,5.149,-4.04,-0.62,-12.71,53.0,35.7,-762.0,72.2,118.3,4.056,0.0,False,False,False,801.46,
0,72,2026-01-04 11:45:41.147,1.96,0.00,-13.00,1.00,31915.922,0.000,31915.922,-7.28,24.56,-25.81,56.1,38.3,-764.2,70.0,118.3,2.897,0.0,True,False,False,770.69,CRASH
0,73,2026-01-04 11:45:44.553,3.17,0.46,-170.00,0.00,0.000,0.000,0.000,-2.08,-1.22,-9.03,2.0,54.2,-718.8,99.4,118.5,0.924,0.0,False,False,False,200.21,
0,74,2026-01-04 11:45:44.901,3.52,0.97,-44.29,0.09,0.000,0.000,0.000,-0.35,-0.93,-9.29,3.2,53.0,-719.7,98.7,118.5,1.120,0.0,False,False,False,0.53,
0,75,2026-01-04 11:45:45.255,4.45,0.99,-196.84,0.00,0.000,0.000,0.000,-2.57,-3.24,-9.89,4.6,51.6,-720.8,97.9,118.5,1.320,0.0,False,False,False,0.82,
0,76,2026-01-04 11:45:45.591,5.92,0.86,-140.16,0.03,0.000,0.000,0.000,-1.96,-4.53,-9.20,6.2,49.9,-722.3,97.1,118.5,1.636,0.0,False,False,False,1.82,
0,77,2026-01-04 11:45:45.926,7.65,0.81,-160.20,0.00,0.000,0.000,0.000,-3.66,-4.80,-9.55,8.4,47.7,-724.4,96.2,118.5,2.159,0.0,False,False,False,2.28,
0,78,2026-01-04 11:45:46.295,9.12,0.32,113.85,0.01,0.000,0.000,0.000,3.94,-3.04,-10.21,11.5,44.7,-727.4,95.2,118.5,2.843,0.0,False,False,False,1.35,
0,79,2026-01-04 11:45:46.645,10.55,0.85,109.19,0.07,0.000,0.000,0.000,4.96,-3.81,-9.43,14.9,41.3,-730.5,93.8,118.4,3.269,0.0,False,False,False,3.12,
0,80,2026-01-04 11:45:46.996,11.65,0.39,54.73,0.00,0.000,0.000,0.000,3.19,-3.04,-9.96,18.8,37.4,-733.8,91.7,118.4,3.726,0.0,False,False,False,3.64,
0,81,2026-01-04 11:45:47.331,11.96,0.31,65.87,0.09,0.000,0.000,0.000,3.28,-0.61,-9.00,22.3,33.9,-736.6,89.6,118.4,3.354,0.0,False,False,False,3.45,
0,82,2026-01-04 11:45:47.667,12.59,0.35,178.07,0.01,0.000,0.000,0.000,8.34,-1.58,-9.69,26.3,29.8,-739.6,86.8,118.3,3.881,0.0,False,False,False,4.02,
0,83,2026-01-04 11:45:48.021,13.35,0.36,-72.65,0.00,0.000,0.000,0.000,-2.06,-2.47,-9.80,30.6,25.5,-742.4,83.3,118.3,4.110,0.0,False,False,False,803.19,
0,84,2026-01-04 11:45:48.369,14.80,0.77,94.64,0.03,0.000,0.000,0.000,3.82,-3.85,-9.37,35.3,21.0,-745.5,79.4,118.3,4.691,0.0,False,False,False,804.01,
0,85,2026-01-04 11:45:48.706,15.47,0.32,192.08,0.00,0.000,0.000,0.000,10.80,-1.23,-8.27,40.1,16.9,-748.2,75.1,118.2,4.822,0.0,False,False,False,804.23,
0,86,2026-01-04 11:45:49.046,15.92,0.97,175.65,0.06,0.000,0.000,0.000,6.65,-1.92,-8.36,44.8,14.2,-750.1,70.3,118.2,4.955,0.0,False,False,False,805.05,
0,87,2026-01-04 11:45:49.394,16.31,0.62,215.97,0.00,0.000,0.000,0.000,10.31,-1.23,-11.60,49.4,14.1,-751.2,64.8,118.2,5.364,0.0,False,False,False,803.75,
0,88,2026-01-04 11:45:49.747,2.22,0.00,166.63,1.00,39488.812,0.000,39488.812,-8.11,48.49,-11.79,52.7,15.9,-751.4,60.6,118.2,3.608,0.0,True,False,False,770.55,CRASH
0,89,2026-01-04 11:45:53.154,3.29,0.70,137.10,0.00,0.000,0.000,0.000,0.80,-1.89,-9.13,2.0,50.7,-718.7,99.3,118.5,0.982,0.0,False,False,False,201.28,
0,90,2026-01-04 11:45:53.494,3.89,0.52,99.81,0.00,0.000,0.000,0.000,-0.15,-1.81,-9.53,3.2,49.5,-719.5,98.4,118.5,1.144,0.0,False,False,False,1.44,
0,91,2026-01-04 11:45:53.830,4.55,0.77,-51.57,0.00,0.000,0.000,0.000,-1.45,-2.74,-9.41,4.6,48.1,-720.3,97.3,118.5,1.332,0.0,False,False,False,1.01,
0,92,2026-01-04 11:45:54.166,5.79,0.63,-42.84,0.00,0.000,0.000,0.000,-0.69,-4.34,-9.44,6.3,46.4,-721.5,96.0,118.5,1.630,0.0,False,False,False,1.93,
0,93,2026-01-04 11:45:54.517,6.78,0.44,-218.61,0.07,0.000,0.000,0.000,-4.60,-2.17,-10.42,8.5,44.2,-723.1,94.5,118.5,2.121,0.0,False,False,False,1.39,
0,94,2026-01-04 11:45:54.874,8.27,0.42,-24.46,0.00,0.000,0.000,0.000,-0.09,-4.87,-10.29,11.1,41.7,-725.3,93.1,118.4,2.376,0.0,False,False,False,1.58,
0,95,2026-01-04 11:45:55.209,9.91,0.82,-100.46,0.00,0.000,0.000,0.000,-3.52,-4.89,-9.06,14.0,38.8,-727.8,91.5,118.4,2.887,0.0,False,False,False,3.03,
0,96,2026-01-04 11:45:55.558,11.29,0.41,189.16,0.00,0.000,0.000,0.000,6.52,-2.99,-10.18,17.7,35.4,-731.1,89.6,118.4,3.569,0.0,False,False,False,2.13,
0,97,2026-01-04 11:45:55.905,12.26,0.99,-125.51,0.00,0.000,0.000,0.000,-4.45,-2.61,-10.43,21.6,31.8,-734.3,87.3,118.4,3.735,0.0,False,False,False,1.93,
0,98,2026-01-04 11:45:56.239,13.14,0.50,-251.15,0.00,0.000,0.000,0.000,-8.22,-1.40,-9.81,25.8,28.1,-737.9,85.2,118.4,4.031,0.0,False,False,False,3.82,
0,99,2026-01-04 11:45:56.606,14.28,0.56,62.29,0.00,0.000,0.000,0.000,-1.24,-4.86,-9.04,30.6,24.6,-742.6,83.6,118.3,4.521,0.0,False,False,False,802.36,
0,100,2026-01-04 11:45:56.941,15.21,0.47,-25.84,0.00,0.000,0.000,0.000,-1.51,-2.93,-11.57,35.3,21.9,-747.3,82.2,118.3,4.674,0.0,False,False,False,802.70,
0,101,2026-01-04 11:45:57.292,15.63,0.32,158.79,0.00,0.875,0.000,0.875,4.88,-0.70,1.16,40.6,20.0,-752.5,80.6,118.4,5.179,0.0,False,False,False,798.56,
0,102,2026-01-04 11:45:57.641,15.53,0.36,283.51,0.05,0.875,0.000,0.875,6.58,0.16,-8.19,46.0,18.6,-757.4,78.3,118.4,5.178,0.0,False,False,False,799.56,
0,103,2026-01-04 11:45:57.992,15.59,0.50,119.73,0.00,0.875,0.000,0.875,9.66,-0.57,-8.66,51.4,17.9,-761.9,75.1,118.3,5.176,0.0,False,False,False,799.31,
0,104,2026-01-04 11:45:58.348,15.74,0.90,-238.02,0.00,0.875,0.000,0.875,-0.37,-0.66,-9.16,56.7,17.9,-765.8,71.3,118.3,4.953,0.0,False,False,False,799.43,
0,105,2026-01-04 11:45:58.697,15.86,0.99,-279.29,0.09,0.875,0.000,0.875,-8.06,-0.10,-9.39,62.2,19.9,-770.0,67.7,118.3,5.287,0.0,False,False,False,1.67,
0,106,2026-01-04 11:45:59.050,13.87,0.76,307.94,0.09,4733.158,0.000,4733.158,2.35,2.75,-8.69,67.2,22.5,-773.6,64.1,118.2,4.844,0.0,True,False,False,-31.55,CRASH
0,107,2026-01-04 11:46:02.455,3.14,0.47,-40.76,0.00,0.000,0.000,0.000,-0.17,-2.02,-9.53,1.9,65.4,-718.7,99.5,118.5,0.900,0.0,False,False,False,199.54,
0,108,2026-01-04 11:46:02.805,3.86,0.65,230.22,0.00,0.000,0.000,0.000,3.66,-1.71,-10.46,3.1,64.2,-719.5,98.6,118.5,1.170,0.0,False,False,False,-0.09,
0,109,2026-01-04 11:46:03.156,4.18,0.39,-170.99,0.02,0.000,0.000,0.000,-2.61,-0.91,-9.16,4.5,62.8,-720.4,97.5,118.5,1.350,0.0,False,False,False,-0.90,
0,110,2026-01-04 11:46:03.506,4.74,0.81,-109.02,0.08,0.000,0.000,0.000,-0.74,-1.87,-9.85,6.1,61.3,-721.5,96.4,118.5,1.475,0.0,False,False,False,1.05,
0,111,2026-01-04 11:46:03.849,6.01,0.82,191.66,0.05,0.000,0.000,0.000,4.34,-3.93,-10.00,7.8,59.6,-722.8,95.2,118.5,1.696,0.0,False,False,False,0.52,
0,112,2026-01-04 11:46:04.481,8.86,0.59,85.31,0.00,0.000,0.000,0.000,2.15,-4.79,-9.05,12.3,55.7,-725.0,91.2,118.4,2.550,0.0,False,False,False,1.87,
0,113,2026-01-04 11:46:04.832,10.42,0.66,279.72,0.01,0.000,0.000,0.000,6.90,-3.46,-9.56,15.5,53.3,-726.0,88.0,118.4,3.238,0.0,False,False,False,2.26,
0,114,2026-01-04 11:46:05.166,11.13,0.50,-105.20,0.00,0.000,0.000,0.000,-3.49,-0.77,-8.86,18.8,51.3,-726.5,84.4,118.4,3.464,0.0,False,False,False,0.81,
0,115,2026-01-04 11:46:05.507,11.25,0.50,201.19,0.08,0.000,0.000,0.000,-0.38,2.44,-16.84,22.2,49.5,-727.1,80.9,118.5,3.391,0.0,False,False,False,0.06,
0,116,2026-01-04 11:46:05.845,5.03,0.46,-56.48,0.00,27511.328,0.000,27511.328,1.55,-2.59,-1.97,24.4,47.9,-728.1,78.9,118.6,2.059,0.0,True,False,False,-29.53,CRASH
0,117,2026-01-04 11:46:09.270,6.79,0.50,-123.50,0.00,0.000,0.000,0.000,-3.10,-1.43,-9.49,11.8,14.7,-726.6,93.5,118.4,2.064,0.0,False,False,False,202.07,
0,118,2026-01-04 11:46:09.610,7.81,0.98,107.52,0.00,0.000,0.000,0.000,3.80,-3.06,-10.21,14.2,13.3,-728.6,92.1,118.4,2.304,0.0,False,False,False,1.13,
0,119,2026-01-04 11:46:09.957,8.61,0.56,137.08,0.00,0.000,0.000,0.000,3.37,-1.89,-9.19,16.8,11.8,-730.5,90.4,118.4,2.489,0.0,False,False,False,2.74,
0,120,2026-01-04 11:46:10.301,9.01,0.39,-125.33,0.00,0.000,0.000,0.000,-3.90,-1.87,-10.87,19.7,10.5,-732.6,88.3,118.4,2.786,0.0,False,False,False,1.73,
0,121,2026-01-04 11:46:10.644,9.84,0.43,-226.24,0.00,0.000,0.000,0.000,-7.54,-2.13,-10.43,22.9,10.4,-735.2,86.5,118.4,2.983,0.0,False,False,False,3.19,
0,122,2026-01-04 11:46:11.010,10.47,0.42,-276.38,0.00,0.000,0.000,0.000,-8.77,0.13,-9.78,26.3,12.2,-738.5,85.2,118.4,3.243,0.0,False,False,False,4.28,
0,123,2026-01-04 11:46:11.350,11.85,0.99,80.94,0.00,0.000,0.000,0.000,-0.40,-5.45,-10.97,29.6,15.1,-742.1,84.6,118.3,3.500,0.0,False,False,False,2.42,
0,124,2026-01-04 11:46:11.700,13.01,0.50,-161.48,0.00,0.000,0.000,0.000,-5.74,-1.44,-8.97,33.6,19.1,-746.5,84.1,118.3,4.201,0.0,False,False,False,802.48,
0,125,2026-01-04 11:46:12.044,11.83,0.93,-281.44,0.00,5639.820,0.000,5639.820,-11.59,5.59,-19.14,37.3,23.1,-750.7,84.1,118.5,3.947,0.0,True,False,False,772.24,CRASH
0,126,2026-01-04 11:46:15.479,3.01,0.85,230.59,0.07,0.000,0.000,0.000,1.32,-1.44,-9.75,2.0,35.4,-718.7,99.4,118.5,0.897,0.0,False,False,False,198.48,
0,127,2026-01-04 11:46:15.830,3.52,0.52,95.33,0.02,0.000,0.000,0.000,-0.17,-1.63,-10.31,3.1,34.5,-719.3,98.5,118.5,1.039,0.0,False,False,False,0.19,
0,128,2026-01-04 11:46:16.182,4.04,0.89,-178.73,0.04,0.000,0.000,0.000,-3.12,-2.11,-10.41,4.3,33.3,-720.1,97.5,118.5,1.192,0.0,False,False,False,-0.02,
0,129,2026-01-04 11:46:16.532,5.54,0.82,-32.95,0.00,0.000,0.000,0.000,0.09,-4.44,-10.28,6.0,31.8,-721.3,96.4,118.5,1.585,0.0,False,False,False,0.98,
0,130,2026-01-04 11:46:16.868,7.39,0.66,150.43,0.00,0.000,0.000,0.000,4.06,-5.45,-9.70,8.1,29.9,-722.8,94.8,118.5,2.056,0.0,False,False,False,1.45,
0,131,2026-01-04 11:46:17.220,8.57,0.59,279.19,0.07,0.000,0.000,0.000,6.76,-2.66,-9.14,10.4,28.0,-724.0,92.9,118.4,2.029,0.0,False,False,False,2.39,
0,132,2026-01-04 11:46:17.572,9.76,0.59,-172.42,0.00,0.000,0.000,0.000,-4.74,-3.12,-10.48,13.5,25.9,-725.4,90.0,118.4,3.067,0.0,False,False,False,0.90,
0,133,2026-01-04 11:46:17.909,10.67,0.74,-220.33,0.00,0.000,0.000,0.000,-7.86,-2.75,-9.47,16.9,23.6,-727.3,87.1,118.4,3.219,0.0,False,False,False,3.45,
0,134,2026-01-04 11:46:18.255,12.10,0.50,-83.34,0.00,0.000,0.000,0.000,-5.77,-4.43,-10.16,20.6,20.7,-729.9,84.5,118.4,3.602,0.0,False,False,False,4.00,
0,135,2026-01-04 11:46:18.607,13.34,0.61,258.27,0.01,0.000,0.000,0.000,7.51,-1.66,-9.96,25.0,17.6,-733.3,81.5,118.3,4.293,0.0,False,False,False,2.35,
0,136,2026-01-04 11:46:18.972,14.39,0.92,-133.44,0.00,0.000,0.000,0.000,-1.48,-2.94,-9.39,30.1,15.5,-736.6,77.6,118.3,4.631,0.0,False,False,False,802.74,
0,137,2026-01-04 11:46:19.310,15.69,0.96,200.10,0.00,0.000,0.000,0.000,5.95,-3.01,-9.42,35.1,14.9,-739.8,73.8,118.3,4.761,0.0,False,False,False,803.10,
0,138,2026-01-04 11:46:19.663,16.31,0.81,-151.61,0.05,0.000,0.000,0.000,-4.11,-0.66,-9.01,40.7,16.7,-743.1,69.2,118.2,5.372,0.0,False,False,False,805.07,
0,139,2026-01-04 11:46:20.013,15.84,0.50,-239.79,0.00,0.663,0.000,0.663,-8.56,-0.21,-7.90,46.3,19.1,-747.1,65.4,118.2,5.299,0.0,False,False,False,805.32,
0,140,2026-01-04 11:46:20.348,16.16,0.82,-180.43,0.00,0.663,0.000,0.663,-7.55,-1.37,-6.58,51.3,21.5,-751.6,62.6,118.2,5.064,0.0,False,False,False,802.19,
0,141,2026-01-04 11:46:20.699,17.29,0.86,220.65,0.04,0.663,0.000,0.663,3.50,-3.82,-9.66,56.7,24.6,-757.0,60.3,118.1,5.279,0.0,False,False,False,799.91,
0,142,2026-01-04 11:46:21.049,17.51,0.58,-187.29,0.00,0.663,0.000,0.663,-3.20,0.50,-10.32,62.4,29.0,-762.5,57.7,118.1,5.825,0.0,False,False,False,800.29,
0,143,2026-01-04 11:46:21.398,18.30,0.37,212.24,0.00,0.663,0.000,0.663,5.55,-2.12,-9.57,68.4,33.8,-768.2,55.2,118.1,5.947,0.0,False,False,False,-0.10,
0,144,2026-01-04 11:46:21.748,18.13,0.39,-90.15,0.08,0.663,0.000,0.663,-0.44,1.18,-9.17,74.6,39.5,-773.9,52.2,118.0,6.089,0.0,False,False,False,1.28,
0,145,2026-01-04 11:46:22.082,18.59,0.56,-134.03,0.00,0.663,0.000,0.663,-8.89,-1.44,-9.44,80.5,44.9,-779.4,49.6,118.0,5.799,0.0,False,False,False,2.89,
0,146,2026-01-04 11:46:22.450,6.94,0.00,226.49,1.00,93551.516,0.000,93551.516,11.99,42.84,-9.31,85.6,49.7,-784.1,47.3,118.0,4.606,0.0,True,False,False,-30.21,CRASH
0,147,2026-01-04 11:46:25.849,3.17,0.50,-156.50,0.00,0.000,0.000,0.000,-0.99,-1.29,-8.85,2.0,83.6,-718.8,99.4,118.5,0.924,0.0,False,False,False,199.20,
0,148,2026-01-04 11:46:26.203,3.64,0.39,141.04,0.07,0.000,0.000,0.000,0.99,-1.67,-9.63,3.2,82.4,-719.7,98.6,118.5,1.139,0.0,False,False,False,-0.41,
0,149,2026-01-04 11:46:26.543,4.12,0.74,-97.65,0.00,0.000,0.000,0.000,-2.69,-1.48,-9.99,4.5,81.1,-720.6,97.7,118.5,1.232,0.0,False,False,False,0.10,
0,150,2026-01-04 11:46:26.884,5.10,0.80,126.46,0.00,0.000,0.000,0.000,2.14,-3.68,-10.23,6.0,79.6,-721.7,96.7,118.5,1.446,0.0,False,False,False,0.51,
0,151,2026-01-04 11:46:27.226,6.49,0.95,233.03,0.00,0.000,0.000,0.000,4.60,-4.14,-9.79,7.8,77.8,-722.8,95.2,118.5,1.739,0.0,False,False,False,2.03,
0,152,2026-01-04 11:46:27.600,8.10,0.91,293.41,0.00,0.000,0.000,0.000,6.11,-3.06,-10.20,10.3,75.5,-723.9,92.9,118.4,2.343,0.0,False,False,False,2.62,
0,153,2026-01-04 11:46:27.949,9.03,0.51,-170.63,0.05,0.000,0.000,0.000,-4.59,-2.05,-10.72,13.1,73.1,-724.7,90.0,118.4,2.882,0.0,False,False,False,0.40,
0,154,2026-01-04 11:46:28.300,10.60,0.59,70.29,0.00,0.000,0.000,0.000,2.89,-4.82,-10.35,16.4,70.4,-725.9,86.8,118.4,3.245,0.0,False,False,False,1.75,
0,155,2026-01-04 11:46:28.651,10.89,0.56,-228.67,0.00,0.000,0.000,0.000,-1.25,4.39,-10.38,20.0,67.4,-727.1,83.4,118.4,3.467,0.0,False,False,False,1.80,
0,156,2026-01-04 11:46:28.997,10.95,0.50,-307.09,0.00,0.000,0.000,0.000,-11.76,-2.00,-16.53,23.6,64.2,-729.0,80.3,118.4,3.444,0.0,False,False,False,3.48,
0,157,2026-01-04 11:46:29.347,11.23,0.92,-306.40,0.00,0.115,0.115,0.115,-9.46,-3.64,-15.43,27.3,60.6,-731.7,77.6,118.5,3.432,0.0,False,False,False,3.34,
0,158,2026-01-04 11:46:29.700,1.49,0.62,-200.75,0.00,19620.389,0.000,19620.389,-1.98,-2.30,-1.86,28.5,59.3,-732.8,76.9,118.5,1.117,0.0,True,False,False,-28.58,CRASH
0,159,2026-01-04 11:46:33.122,7.85,0.44,178.08,0.00,0.000,0.000,0.000,4.52,-3.63,-9.12,12.4,19.8,-728.9,96.3,118.5,2.407,0.0,False,False,False,199.53,
0,160,2026-01-04 11:46:33.471,8.92,0.73,12.84,0.09,0.000,0.000,0.000,0.40,-3.43,-10.15,15.2,18.2,-731.4,95.0,118.4,2.655,0.0,False,False,False,1.61,
0,161,2026-01-04 11:46:33.808,10.71,0.88,182.98,0.00,0.000,0.000,0.000,5.59,-4.78,-9.69,18.4,16.5,-734.2,93.3,118.4,3.122,0.0,False,False,False,2.02,
0,162,2026-01-04 11:46:34.145,11.97,0.91,-40.72,0.00,0.000,0.000,0.000,-0.82,-3.52,-8.18,21.9,14.8,-737.0,91.1,118.4,3.423,0.0,False,False,False,2.26,
0,163,2026-01-04 11:46:34.482,13.47,0.50,-19.32,0.00,0.000,0.000,0.000,-0.99,-4.67,-10.59,26.1,13.8,-740.3,88.4,118.3,4.039,0.0,False,False,False,3.94,
0,164,2026-01-04 11:46:34.848,14.96,0.74,-26.38,0.00,0.000,0.000,0.000,-2.11,-3.44,-8.48,31.3,14.5,-744.6,85.4,118.3,4.777,0.0,False,False,False,5.86,
0,165,2026-01-04 11:46:35.196,16.35,0.75,198.74,0.00,0.000,0.000,0.000,7.72,-3.00,-12.17,36.5,16.9,-748.8,82.3,118.2,4.979,0.0,False,False,False,804.56,
0,166,2026-01-04 11:46:35.533,16.44,0.42,234.17,0.08,0.000,0.000,0.000,9.83,0.17,-8.02,41.8,20.0,-752.7,78.5,118.2,5.202,0.0,False,False,False,805.47,
0,167,2026-01-04 11:46:35.870,17.12,0.81,49.19,0.00,0.000,0.000,0.000,6.53,-2.68,-10.00,47.0,23.4,-756.0,74.0,118.2,5.289,0.0,False,False,False,804.20,
0,168,2026-01-04 11:46:36.211,18.08,0.50,170.36,0.00,0.000,0.000,0.000,7.86,-3.06,-11.94,52.3,27.2,-758.7,68.8,118.1,5.580,0.0,False,False,False,802.83,
0,169,2026-01-04 11:46:36.569,18.57,0.61,44.38,0.07,0.000,0.000,0.000,7.66,-1.53,-9.54,57.8,31.4,-760.9,62.8,118.1,5.811,0.0,False,False,False,801.73,
0,170,2026-01-04 11:46:36.916,18.85,0.44,-116.21,0.02,0.000,0.000,0.000,-5.97,-0.43,-10.35,63.1,35.9,-762.4,56.7,118.1,5.933,0.0,False,False,False,801.81,
0,171,2026-01-04 11:46:37.259,19.42,0.44,-38.55,0.00,0.000,0.000,0.000,-6.18,-2.45,-7.82,68.6,40.9,-764.5,51.0,118.1,5.729,0.0,False,False,False,3.00,
0,172,2026-01-04 11:46:37.602,19.63,0.49,-139.83,0.08,0.000,0.000,0.000,-7.61,-0.42,-9.26,74.8,47.0,-767.4,45.2,118.0,6.192,0.0,False,False,False,2.53,
0,173,2026-01-04 11:46:37.944,20.07,0.60,223.38,0.00,214.277,0.000,214.277,0.97,-1.80,-8.32,81.3,53.4,-771.1,39.7,118.0,6.253,0.0,True,False,False,-29.67,CRASH
0,174,2026-01-04 11:46:41.370,6.46,0.77,96.50,0.01,0.000,0.000,0.000,6.46,-2.42,-13.04,10.7,73.6,-717.5,90.1,118.6,1.908,0.0,False,False,False,199.62,
0,175,2026-01-04 11:46:41.721,0.73,0.65,-119.83,0.00,6613.422,0.000,6613.422,4.28,-4.25,-14.71,11.0,73.2,-717.7,89.8,118.6,0.311,0.0,True,False,False,-30.95,CRASH
0,176,2026-01-04 11:46:45.139,7.58,0.48,166.80,0.00,0.000,0.000,0.000,4.28,-3.56,-9.35,11.1,12.9,-727.9,97.5,118.5,1.988,0.0,False,False,False,199.96,
0,177,2026-01-04 11:46:45.484,8.73,0.57,-49.08,0.00,0.000,0.000,0.000,-1.56,-3.75,-9.53,13.5,14.2,-730.2,96.6,118.5,2.322,0.0,False,False,False,1.88,
0,178,2026-01-04 11:46:45.822,10.31,0.85,149.45,0.00,0.000,0.000,0.000,4.75,-5.24,-10.08,16.4,16.2,-732.8,95.5,118.4,2.696,0.0,False,False,False,2.39,
0,179,2026-01-04 11:46:46.172,11.25,0.45,315.83,0.00,0.000,0.000,0.000,6.82,-1.76,-10.10,19.4,18.3,-735.5,93.9,118.4,2.909,0.0,False,False,False,3.87,
0,180,2026-01-04 11:46:46.532,11.99,0.50,-96.82,0.00,0.000,0.000,0.000,-1.50,-2.34,-8.60,22.5,20.5,-738.0,91.9,118.4,3.104,0.0,False,False,False,1.96,
0,181,2026-01-04 11:46:46.895,12.71,0.45,-168.48,0.02,0.000,0.000,0.000,-7.16,-2.07,-9.46,26.8,23.9,-741.6,89.4,118.4,3.913,0.0,False,False,False,5.37,
0,182,2026-01-04 11:46:47.244,13.67,0.65,166.86,0.00,0.000,0.000,0.000,2.91,-3.21,-1.85,30.7,27.5,-745.1,87.6,118.4,3.753,0.0,False,False,False,3.25,
0,183,2026-01-04 11:46:47.596,13.73,0.44,-107.67,0.00,0.000,0.000,0.000,2.92,0.52,-11.32,34.8,31.3,-748.6,85.5,118.5,3.875,0.0,False,False,False,3.06,
0,184,2026-01-04 11:46:47.955,13.43,0.49,-275.19,0.00,0.000,0.000,0.000,-7.74,0.61,-8.44,39.3,35.5,-752.6,83.4,118.5,4.273,0.0,False,False,False,804.13,
0,185,2026-01-04 11:46:48.290,10.58,0.94,204.92,0.05,6142.353,0.000,6142.353,-2.81,-0.47,-7.19,43.4,39.4,-756.2,81.5,118.5,3.801,0.0,True,False,False,771.15,CRASH
0,186,2026-01-04 11:46:52.535,2.26,0.33,96.29,0.00,0.000,0.000,0.000,1.12,-2.70,-10.34,0.7,42.7,-717.8,100.3,118.5,0.488,0.0,False,False,False,200.78,
0,187,2026-01-04 11:46:52.916,3.52,0.66,-47.69,0.03,0.000,0.000,0.000,-2.07,-1.29,-9.08,2.8,40.9,-719.0,98.6,118.5,0.687,0.0,False,False,False,-0.39,
0,188,2026-01-04 11:46:53.273,3.88,0.57,-234.71,0.00,0.000,0.000,0.000,-1.33,-0.73,-8.84,3.7,40.0,-719.7,97.9,118.5,0.928,0.0,False,False,False,0.56,
0,189,2026-01-04 11:46:53.638,4.12,0.57,-198.51,0.09,0.000,0.000,0.000,-1.82,-0.84,-10.85,4.7,39.0,-720.5,97.3,118.5,0.931,0.0,False,False,False,0.57,
0,190,2026-01-04 11:46:54.018,4.48,0.46,-243.28,0.01,0.000,0.000,0.000,-2.88,-1.50,-10.27,5.6,38.1,-721.3,96.8,118.5,0.859,0.0,False,False,False,1.13,
0,191,2026-01-04 11:46:54.425,5.03,0.58,-69.38,0.00,0.000,0.000,0.000,1.32,-4.00,-9.49,6.5,37.2,-722.0,96.4,118.5,0.714,0.0,False,False,False,-0.31,
0,192,2026-01-04 11:46:54.767,6.10,0.88,-167.18,0.00,0.000,0.000,0.000,-4.08,-2.97,-10.59,8.1,35.6,-723.5,95.5,118.5,1.589,0.0,False,False,False,0.44,
0,193,2026-01-04 11:46:55.110,7.43,0.97,-249.42,0.00,0.000,0.000,0.000,-5.66,-4.36,-8.60,10.2,33.3,-725.6,94.7,118.5,2.137,0.0,False,False,False,2.21,
0,194,2026-01-04 11:46:55.469,8.74,0.59,52.58,0.00,0.000,0.000,0.000,2.03,-5.80,-9.99,12.0,31.5,-727.4,94.4,118.5,1.760,0.0,False,False,False,-0.25,
0,195,2026-01-04 11:46:55.827,10.55,0.69,65.49,0.00,0.000,0.000,0.000,3.08,-4.92,-9.51,15.1,28.3,-730.5,93.5,118.4,3.076,0.0,False,False,False,2.03,
0,196,2026-01-04 11:46:56.182,11.62,0.62,271.45,0.08,0.000,0.000,0.000,7.45,-1.67,-10.49,18.8,24.6,-734.0,92.1,118.4,3.367,0.0,False,False,False,1.48,
0,197,2026-01-04 11:46:56.537,12.27,0.45,-12.49,0.00,0.000,0.000,0.000,0.69,-3.02,-9.29,21.8,21.6,-736.5,90.5,118.4,2.789,0.0,False,False,False,0.87,
0,198,2026-01-04 11:46:56.879,12.87,0.39,-207.20,0.00,0.000,0.000,0.000,-6.94,-1.35,-8.83,25.3,18.1,-739.5,88.6,118.4,3.373,0.0,False,False,False,2.33,
0,199,2026-01-04 11:46:57.222,13.55,0.69,-183.74,0.00,0.000,0.000,0.000,-9.26,-2.55,-9.93,29.5,13.9,-743.3,86.9,118.3,3.948,0.0,False,False,False,2.86,
0,200,2026-01-04 11:46:57.565,14.16,0.59,111.47,0.00,0.000,0.000,0.000,4.26,0.78,-4.27,33.5,9.8,-747.4,85.9,118.4,3.955,0.0,False,False,False,0.56,
0,201,2026-01-04 11:46:57.960,14.39,0.94,93.50,0.00,0.458,0.458,0.458,8.59,-1.83,-3.78,37.0,6.3,-750.8,84.9,118.5,3.070,0.0,False,False,False,801.03,
0,202,2026-01-04 11:46:58.325,13.62,0.42,158.28,0.00,4000.000,0.000,4000.000,12.58,0.37,-7.79,41.1,2.4,-754.6,83.4,118.4,3.866,0.0,True,False,False,770.96,CRASH
0,203,2026-01-04 11:47:01.758,4.99,0.97,84.60,0.00,0.000,0.000,0.000,1.53,-2.23,-9.78,5.8,36.4,-720.4,95.9,118.5,1.103,0.0,False,False,False,201.38,
0,204,2026-01-04 11:47:02.113,5.90,0.55,64.89,0.00,0.000,0.000,0.000,0.47,-3.68,-9.06,7.3,35.3,-721.1,94.5,118.5,1.450,0.0,False,False,False,1.69,
0,205,2026-01-04 11:47:02.472,7.12,0.54,123.73,0.00,0.000,0.000,0.000,2.74,-4.33,-10.10,9.2,34.0,-721.9,92.9,118.5,1.740,0.0,False,False,False,2.03,
0,206,2026-01-04 11:47:02.827,8.56,0.79,136.53,0.00,0.000,0.000,0.000,3.61,-5.15,-9.82,11.4,32.8,-722.7,90.8,118.4,2.097,0.0,False,False,False,2.14,
0,207,2026-01-04 11:47:03.186,9.82,0.84,21.95,0.00,0.000,0.000,0.000,0.04,-4.93,-9.35,13.6,31.8,-723.2,88.5,118.5,2.158,0.0,False,False,False,2.16,
0,208,2026-01-04 11:47:03.559,10.93,0.93,-99.53,0.00,0.000,0.000,0.000,-0.30,-2.75,-6.79,16.7,30.6,-724.1,85.5,118.5,2.799,0.0,False,False,False,2.01,
0,209,2026-01-04 11:47:03.909,11.26,0.93,153.42,0.07,0.000,0.000,0.000,7.07,-1.51,-3.22,19.6,29.7,-725.0,82.7,118.6,2.779,0.0,False,False,False,0.72,
0,210,2026-01-04 11:47:04.255,6.83,0.45,-132.20,0.08,27871.910,0.000,27871.910,9.90,1.79,-5.89,21.7,28.6,-726.1,81.0,118.5,1.900,0.0,True,False,False,-30.76,CRASH
0,211,2026-01-04 11:47:07.673,2.88,0.85,-140.94,0.00,0.000,0.000,0.000,-1.46,-1.52,-11.09,1.6,20.2,-718.5,99.7,118.5,0.793,0.0,False,False,False,200.37,
0,212,2026-01-04 11:47:08.015,3.45,0.41,-65.80,0.01,0.000,0.000,0.000,-0.59,-1.65,-9.54,2.6,19.4,-719.3,99.1,118.5,0.956,0.0,False,False,False,1.24,
0,213,2026-01-04 11:47:08.367,4.10,0.64,200.07,0.02,0.000,0.000,0.000,3.72,-1.77,-9.88,3.8,18.3,-720.1,98.3,118.5,1.130,0.0,False,False,False,-0.26,
0,214,2026-01-04 11:47:08.714,4.99,0.62,358.93,0.00,0.000,0.000,0.000,4.71,-1.77,-10.52,5.2,16.9,-720.9,97.1,118.5,1.358,0.0,False,False,False,1.75,
0,215,2026-01-04 11:47:09.061,6.04,0.50,322.12,0.07,0.000,0.000,0.000,4.16,-2.79,-9.83,6.8,15.2,-721.6,95.5,118.5,1.655,0.0,False,False,False,1.83,
0,216,2026-01-04 11:47:09.419,7.60,0.62,218.09,0.00,0.000,0.000,0.000,4.89,-4.80,-9.15,8.8,13.0,-722.0,93.3,118.5,2.052,0.0,False,False,False,1.96,
0,217,2026-01-04 11:47:09.771,8.82,0.73,331.82,0.00,0.000,0.000,0.000,6.55,-3.37,-9.44,10.8,10.9,-722.0,91.1,118.4,2.069,0.0,False,False,False,1.05,
0,218,2026-01-04 11:47:10.144,8.95,0.54,123.20,0.05,0.000,0.000,0.000,2.61,0.28,-10.54,12.8,9.0,-721.6,88.7,118.5,2.246,0.0,False,False,False,0.25,
0,219,2026-01-04 11:47:10.512,9.07,0.42,-22.73,0.07,0.000,0.000,0.000,-4.08,0.01,-14.02,14.9,7.5,-720.9,86.4,118.5,2.281,0.0,False,False,False,0.94,
0,220,2026-01-04 11:47:10.890,1.95,0.79,-77.89,0.00,10841.723,0.000,10841.723,-0.06,2.38,-3.31,15.3,7.1,-721.1,86.0,118.6,0.313,0.0,True,False,False,-29.66,CRASH
0,221,2026-01-04 11:47:14.366,6.22,0.85,136.83,0.00,0.000,0.000,0.000,1.90,-4.63,-8.89,6.6,10.7,-722.4,96.7,118.5,1.418,0.0,False,False,False,200.33,
0,222,2026-01-04 11:47:14.735,7.23,0.39,136.89,0.00,0.000,0.000,0.000,2.37,-3.38,-9.89,8.2,9.8,-723.6,95.4,118.5,1.585,0.0,False,False,False,1.88,
0,223,2026-01-04 11:47:15.119,7.86,0.63,-132.07,0.09,0.000,0.000,0.000,-3.70,-2.29,-9.27,10.1,8.9,-724.9,94.0,118.5,1.776,0.0,False,False,False,0.18,
0,224,2026-01-04 11:47:15.474,8.33,0.31,-299.47,0.01,0.000,0.000,0.000,-6.09,-0.43,-9.60,12.2,8.5,-726.4,92.7,118.5,1.905,0.0,False,False,False,2.18,
0,225,2026-01-04 11:47:15.852,9.33,1.00,46.91,0.03,0.000,0.000,0.000,2.29,-6.37,-9.07,14.2,9.0,-728.1,91.6,118.4,1.893,0.0,False,False,False,0.78,
0,226,2026-01-04 11:47:16.253,10.76,0.66,25.09,0.00,0.000,0.000,0.000,1.34,-4.25,-9.68,16.8,10.1,-730.4,90.1,118.4,2.379,0.0,False,False,False,2.84,
0,227,2026-01-04 11:47:16.615,11.47,0.63,-100.20,0.08,0.000,0.000,0.000,-4.28,-1.76,-10.07,19.8,12.0,-732.9,88.5,118.4,2.798,0.0,False,False,False,4.51,
0,228,2026-01-04 11:47:16.977,12.40,0.50,-102.95,0.00,0.000,0.000,0.000,-4.95,-3.88,-9.23,22.9,14.6,-735.7,87.1,118.4,2.980,0.0,False,False,False,4.71,
0,229,2026-01-04 11:47:17.328,13.70,0.80,52.66,0.00,0.000,0.000,0.000,1.89,-5.41,-10.05,26.1,17.6,-738.7,85.8,118.3,3.050,0.0,False,False,False,4.62,
0,230,2026-01-04 11:47:17.670,14.29,0.50,-166.97,0.00,0.000,0.000,0.000,-5.07,-0.03,-10.19,29.8,21.1,-742.2,84.3,118.3,3.538,0.0,False,False,False,3.63,
0,231,2026-01-04 11:47:18.051,14.88,0.60,-124.68,0.00,0.000,0.000,0.000,-8.16,-1.02,-9.67,34.2,25.7,-746.6,83.1,118.3,4.140,0.0,False,False,False,804.69,
0,232,2026-01-04 11:47:18.405,15.66,0.76,183.58,0.00,1.577,0.000,1.577,1.15,-0.30,-8.45,38.0,29.7,-750.6,82.4,118.4,3.836,0.0,False,False,False,798.79,
0,233,2026-01-04 11:47:18.772,15.48,0.80,-122.95,0.00,1.577,0.000,1.577,0.09,0.16,-5.35,42.0,33.9,-754.7,81.6,118.5,3.875,0.0,False,False,False,799.68,
0,234,2026-01-04 11:47:19.145,3.56,0.00,82.94,1.00,62539.051,0.000,62539.051,17.80,43.32,-13.26,44.4,36.2,-756.9,80.7,118.4,2.132,0.0,True,False,False,769.03,CRASH
0,235,2026-01-04 11:47:22.601,2.71,0.93,-150.54,0.00,0.000,0.000,0.000,-1.59,-1.94,-10.19,1.3,43.2,-718.2,99.9,118.5,0.661,0.0,False,False,False,199.39,
0,236,2026-01-04 11:47:22.944,2.94,0.84,-269.15,0.07,0.000,0.000,0.000,-3.29,-0.60,-10.56,2.1,42.4,-718.9,99.5,118.5,0.756,0.0,False,False,False,1.13,
0,237,2026-01-04 11:47:23.305,3.52,0.66,118.53,0.06,0.000,0.000,0.000,3.58,-2.86,-10.76,2.9,41.5,-719.6,99.0,118.5,0.800,0.0,False,False,False,-1.44,
0,238,2026-01-04 11:47:23.665,4.48,0.96,43.63,0.00,0.000,0.000,0.000,0.47,-4.20,-9.83,4.0,40.5,-720.4,98.3,118.5,0.999,0.0,False,False,False,0.01,
0,239,2026-01-04 11:47:24.029,5.94,0.69,213.39,0.00,0.000,0.000,0.000,4.52,-5.11,-9.60,5.4,39.1,-721.5,97.3,118.5,1.391,0.0,False,False,False,1.01,
0,240,2026-01-04 11:47:24.394,7.60,1.00,264.12,0.00,0.000,0.000,0.000,5.52,-4.28,-9.22,7.5,37.2,-722.7,95.5,118.5,1.948,0.0,False,False,False,2.24,
0,241,2026-01-04 11:47:24.767,8.57,0.77,-51.22,0.00,0.000,0.000,0.000,-2.44,-3.72,-8.95,9.2,35.9,-723.6,94.0,118.5,1.631,0.0,False,False,False,-0.18,
0,242,2026-01-04 11:47:25.135,9.30,0.47,-287.01,0.03,0.000,0.000,0.000,-7.94,-1.19,-9.42,11.8,33.8,-724.9,91.8,118.4,2.410,0.0,False,False,False,2.67,
0,243,2026-01-04 11:47:25.482,10.64,0.93,-90.67,0.00,0.000,0.000,0.000,-4.92,-5.52,-11.02,14.9,31.1,-727.1,89.6,118.4,2.953,0.0,False,False,False,2.10,
0,244,2026-01-04 11:47:25.832,11.77,0.62,93.31,0.08,0.000,0.000,0.000,3.90,-3.19,-10.09,18.0,28.3,-729.4,87.4,118.4,3.012,0.0,False,False,False,2.61,
0,245,2026-01-04 11:47:26.218,12.59,0.50,-123.54,0.00,0.000,0.000,0.000,-3.39,-2.68,-8.96,21.3,25.5,-731.7,85.2,118.4,2.859,0.0,False,False,False,1.88,
0,246,2026-01-04 11:47:26.583,13.64,0.33,182.71,0.00,0.000,0.000,0.000,5.31,-2.08,-11.06,25.2,22.3,-734.7,82.5,118.3,3.732,0.0,False,False,False,1.28,
0,247,2026-01-04 11:47:26.934,14.22,0.73,-155.26,0.03,0.000,0.000,0.000,-4.21,-0.69,-8.72,29.8,19.1,-737.8,79.1,118.3,4.423,0.0,False,False,False,802.32,
0,248,2026-01-04 11:47:27.271,14.54,0.63,-268.97,0.04,0.000,0.000,0.000,-7.34,-1.52,-9.19,33.7,16.7,-740.7,76.6,118.3,3.584,0.0,False,False,False,803.94,
0,249,2026-01-04 11:47:27.635,15.09,0.33,-101.03,0.00,0.000,0.000,0.000,-8.09,-1.82,-9.20,38.2,14.0,-744.6,74.0,118.3,4.443,0.0,False,False,False,804.37,
0,250,2026-01-04 11:47:27.993,16.26,0.65,-24.57,0.00,0.000,0.000,0.000,-3.48,-3.35,-9.31,43.4,11.5,-749.6,71.8,118.2,4.960,0.0,False,False,False,803.42,
0,251,2026-01-04 11:47:28.339,17.22,0.52,173.73,0.00,0.000,0.000,0.000,8.55,-2.53,-8.80,48.4,11.2,-754.5,69.8,118.2,5.042,0.0,False,False,False,798.68,
0,252,2026-01-04 11:47:28.684,17.80,0.50,-73.95,0.00,0.000,0.000,0.000,0.72,-2.20,-8.33,53.6,13.6,-759.1,67.2,118.2,4.975,0.0,False,False,False,800.70,
0,253,2026-01-04 11:47:29.028,18.79,0.39,218.34,0.00,0.000,0.000,0.000,7.07,-2.76,-9.36,59.7,18.2,-764.3,64.1,118.1,5.799,0.0,False,False,False,800.45,
0,254,2026-01-04 11:47:29.369,19.46,0.91,-69.26,0.00,0.000,0.000,0.000,1.15,-2.11,-8.65,66.0,24.0,-769.4,60.3,118.1,6.053,0.0,False,False,False,1.30,
0,255,2026-01-04 11:47:29.759,19.95,0.43,-52.42,0.00,0.000,0.000,0.000,-5.85,-2.15,-9.13,71.3,28.9,-773.7,57.1,118.1,4.600,0.0,False,False,False,2.86,
0,256,2026-01-04 11:47:30.108,20.32,0.36,184.20,0.00,7.244,0.000,7.244,9.16,-0.15,-3.16,78.0,35.4,-779.2,53.3,118.1,6.429,0.0,False,False,False,-0.16,
0,257,2026-01-04 11:47:30.462,5.21,0.61,-116.72,0.00,60834.738,0.000,60834.738,30.11,233.60,5.11,84.5,41.7,-784.2,49.2,118.0,6.121,0.0,True,False,True,-50.30,CRASH
0,258,2026-01-04 11:47:33.876,6.89,0.97,-38.71,0.00,0.000,0.000,0.000,-0.78,-3.31,-9.63,10.1,74.6,-726.4,96.3,118.5,1.919,0.0,False,False,False,200.95,
0,259,2026-01-04 11:47:34.228,8.16,0.55,157.65,0.00,0.000,0.000,0.000,4.12,-4.00,-10.22,12.4,72.4,-728.4,95.4,118.5,2.140,0.0,False,False,False,0.93,
0,260,2026-01-04 11:47:34.568,9.45,0.69,-86.60,0.00,0.000,0.000,0.000,-2.97,-3.93,-9.41,15.2,69.7,-730.8,93.9,118.4,2.654,0.0,False,False,False,1.04,
0,261,2026-01-04 11:47:34.922,11.10,0.87,217.35,0.00,0.000,0.000,0.000,6.14,-4.69,-11.24,18.4,66.5,-733.7,92.3,118.4,3.088,0.0,False,False,False,0.43,
0,262,2026-01-04 11:47:35.266,12.20,0.50,-52.12,0.00,0.000,0.000,0.000,-1.11,-3.83,-7.18,22.2,62.6,-736.8,90.0,118.4,3.686,0.0,False,False,False,1.98,
0,263,2026-01-04 11:47:35.621,13.04,0.38,-267.19,0.00,0.000,0.000,0.000,-7.53,-1.24,-10.03,26.4,58.4,-740.3,87.6,118.4,3.818,0.0,False,False,False,1.80,
0,264,2026-01-04 11:47:35.965,13.47,0.40,-28.34,0.09,0.000,0.000,0.000,-4.22,-2.26,-9.19,30.4,54.6,-743.9,86.0,118.3,3.743,0.0,False,False,False,1.50,
0,265,2026-01-04 11:47:36.309,14.14,0.54,67.20,0.00,3.978,0.000,3.978,7.30,-1.28,-2.99,34.5,50.8,-747.8,84.6,118.4,3.948,0.0,False,False,False,800.16,
0,266,2026-01-04 11:47:36.662,14.48,0.85,246.80,0.03,3.978,0.000,3.978,9.27,0.31,-7.68,38.6,47.0,-751.5,82.9,118.4,3.820,0.0,False,False,False,800.20,
0,267,2026-01-04 11:47:37.009,14.69,0.77,-221.26,0.00,3.978,0.000,3.978,-0.85,0.36,-6.28,43.2,42.6,-755.4,80.5,118.4,4.377,0.0,False,False,False,798.18,
0,268,2026-01-04 11:47:37.369,15.36,0.38,172.31,0.00,3.978,0.000,3.978,3.52,-3.59,-10.10,47.9,38.1,-759.6,78.2,118.4,4.252,0.0,False,False,False,796.74,
0,269,2026-01-04 11:47:37.724,13.81,0.41,218.50,0.10,4207.744,0.000,4207.744,9.27,2.61,-9.53,52.2,33.6,-762.7,74.9,118.3,4.247,0.0,True,False,False,770.32,CRASH
0,270,2026-01-04 11:47:41.150,2.81,0.62,190.99,0.00,0.000,0.000,0.000,2.15,-2.80,-9.38,1.3,51.0,-718.2,99.9,118.5,0.669,0.0,False,False,False,200.97,
0,271,2026-01-04 11:47:41.492,3.22,0.91,-111.03,0.00,0.000,0.000,0.000,-2.71,-1.47,-9.36,2.2,50.2,-718.8,99.2,118.5,0.812,0.0,False,False,False,-1.37,
0,272,2026-01-04 11:47:41.854,3.90,0.71,109.45,0.00,0.000,0.000,0.000,2.58,-2.92,-9.84,3.1,49.2,-719.5,98.5,118.5,0.944,0.0,False,False,False,-0.58,
0,273,2026-01-04 11:47:42.217,4.88,0.97,-39.68,0.00,0.000,0.000,0.000,-1.80,-3.72,-9.04,4.5,48.0,-720.3,97.5,118.5,1.245,0.0,False,False,False,0.59,
0,274,2026-01-04 11:47:42.564,6.02,0.54,-209.47,0.00,0.000,0.000,0.000,-3.86,-3.15,-9.76,6.0,46.5,-721.4,96.4,118.5,1.466,0.0,False,False,False,0.65,
0,275,2026-01-04 11:47:42.984,7.65,0.52,-95.23,0.00,0.000,0.000,0.000,-2.08,-4.81,-10.23,8.2,44.3,-723.3,95.1,118.5,2.060,0.0,False,False,False,1.50,
0,276,2026-01-04 11:47:43.338,9.49,0.97,111.25,0.06,0.000,0.000,0.000,3.40,-5.85,-9.82,10.9,41.6,-725.5,93.5,118.4,2.571,0.0,False,False,False,1.88,
0,277,2026-01-04 11:47:43.676,10.66,0.48,-5.98,0.00,0.000,0.000,0.000,0.05,-3.22,-8.86,13.9,38.6,-727.8,91.6,118.4,2.883,0.0,False,False,False,3.13,
0,278,2026-01-04 11:47:44.023,12.07,0.79,13.18,0.00,0.000,0.000,0.000,0.81,-3.96,-9.50,17.7,35.0,-730.7,89.2,118.4,3.607,0.0,False,False,False,3.83,
0,279,2026-01-04 11:47:44.368,12.51,0.42,-190.97,0.01,0.000,0.000,0.000,-7.05,-0.30,-9.57,21.2,31.6,-733.5,87.0,118.4,3.310,0.0,False,False,False,2.09,
0,280,2026-01-04 11:47:44.739,13.65,0.50,107.77,0.00,0.000,0.000,0.000,2.22,-5.54,-10.78,25.5,27.4,-737.1,84.7,118.3,3.877,0.0,False,False,False,1.73,
0,281,2026-01-04 11:47:45.085,14.71,0.52,-69.73,0.00,0.000,0.000,0.000,-2.35,-2.93,-11.19,29.7,23.2,-740.7,82.4,118.3,4.036,0.0,False,False,False,802.92,
0,282,2026-01-04 11:47:45.428,15.52,0.42,155.78,0.01,0.000,0.000,0.000,6.87,-1.70,-8.36,34.3,18.8,-744.5,80.0,118.3,4.296,0.0,False,False,False,802.58,
0,283,2026-01-04 11:47:45.773,16.10,0.88,190.05,0.00,0.000,0.000,0.000,8.65,-2.01,-8.55,38.7,14.8,-748.0,77.2,118.2,4.214,0.0,False,False,False,803.64,
0,284,2026-01-04 11:47:46.129,16.27,0.42,192.64,0.07,0.000,0.000,0.000,11.74,-0.11,-9.85,44.1,11.2,-751.6,73.1,118.2,5.152,0.0,False,False,False,804.06,
0,285,2026-01-04 11:47:46.507,16.72,0.79,-49.13,0.04,0.000,0.000,0.000,2.35,-3.03,-8.17,49.3,10.4,-754.5,68.5,118.2,4.922,0.0,False,False,False,800.99,
0,286,2026-01-04 11:47:46.862,17.70,0.96,126.14,0.00,0.000,0.000,0.000,6.36,-3.65,-8.50,53.9,12.2,-756.8,64.2,118.2,4.588,0.0,False,False,False,801.27,
0,287,2026-01-04 11:47:47.208,17.82,0.48,-221.18,0.04,0.000,0.000,0.000,-5.66,0.88,-8.78,59.5,16.4,-759.5,58.8,118.1,5.671,0.0,False,False,False,799.89,
0,288,2026-01-04 11:47:47.559,18.43,0.50,-56.02,0.00,0.000,0.000,0.000,-7.84,-3.24,-9.58,65.0,20.9,-762.5,54.0,118.1,5.411,0.0,False,False,False,801.53,
0,289,2026-01-04 11:47:47.922,19.32,0.83,-51.74,0.00,0.000,0.000,0.000,-7.54,-3.08,-9.19,71.0,25.8,-766.3,49.4,118.0,5.668,0.0,False,False,False,2.96,
0,290,2026-01-04 11:47:48.292,20.14,1.00,-159.91,0.01,0.000,0.000,0.000,-7.32,-1.52,-9.26,77.9,31.5,-771.3,44.7,118.0,6.269,0.0,False,False,False,3.04,
0,291,2026-01-04 11:47:48.638,20.75,0.65,-166.71,0.00,0.000,0.000,0.000,-8.54,-2.08,-9.09,84.6,37.0,-776.9,40.8,118.0,6.477,0.0,False,False,False,3.13,
0,292,2026-01-04 11:47:48.990,21.00,0.35,-138.55,0.00,0.000,0.000,0.000,-9.43,-0.92,-10.16,91.2,42.6,-783.1,37.6,117.9,6.624,0.0,False,False,False,3.15,
0,293,2026-01-04 11:47:49.348,22.05,0.94,48.43,0.00,0.000,0.000,0.000,-0.63,-4.07,-9.81,97.5,47.9,-789.5,35.3,117.9,6.429,0.0,False,False,False,1.98,
0,294,2026-01-04 11:47:49.713,22.48,0.87,-196.97,0.03,0.000,0.000,0.000,-8.02,-0.98,-10.06,104.0,53.6,-796.2,33.1,117.8,6.700,0.0,False,False,False,1.51,
0,295,2026-01-04 11:47:50.088,2.63,0.00,-68.36,1.00,99774.531,0.000,99774.531,-18.88,111.29,-25.22,108.4,57.6,-801.1,32.0,117.9,4.295,0.0,True,False,False,-30.10,CRASH
0,296,2026-01-04 11:47:53.528,2.46,0.77,-149.70,0.02,0.000,0.000,0.000,-1.11,-1.41,-10.58,1.0,107.4,-718.1,100.1,118.5,0.569,0.0,False,False,False,200.07,
0,297,2026-01-04 11:47:53.898,3.01,0.60,-21.80,0.00,0.000,0.000,0.000,0.69,-2.37,-9.64,1.7,106.7,-718.6,99.6,118.5,0.685,0.0,False,False,False,-0.11,
0,298,2026-01-04 11:47:54.247,3.49,0.59,137.12,0.00,0.000,0.000,0.000,1.63,-2.19,-8.81,2.6,105.9,-719.2,99.1,118.5,0.762,0.0,False,False,False,-0.10,
0,299,2026-01-04 11:47:54.603,4.21,0.84,297.33,0.00,0.000,0.000,0.000,2.77,-2.44,-10.08,3.7,104.8,-719.9,98.2,118.5,1.091,0.0,False,False,False,1.39,
0,300,2026-01-04 11:47:54.956,4.99,0.84,-52.81,0.00,0.000,0.000,0.000,-3.29,-3.09,-9.31,4.9,103.6,-720.6,97.1,118.5,1.157,0.0,False,False,False,-0.52,
0,301,2026-01-04 11:47:55.335,6.26,0.62,125.23,0.00,0.000,0.000,0.000,2.90,-5.65,-10.03,6.4,102.1,-721.5,95.9,118.5,1.316,0.0,False,False,False,-0.08,
0,302,2026-01-04 11:47:55.680,7.76,0.85,290.20,0.00,0.000,0.000,0.000,6.03,-4.34,-8.82,8.3,100.3,-722.5,94.2,118.5,1.884,0.0,False,False,False,2.12,
0,303,2026-01-04 11:47:56.023,8.85,0.80,-88.63,0.00,0.000,0.000,0.000,-2.41,-3.65,-8.62,10.5,98.4,-723.3,92.1,118.5,2.090,0.0,False,False,False,0.18,
0,304,2026-01-04 11:47:56.377,9.79,0.83,-281.97,0.04,0.000,0.000,0.000,-6.77,-2.70,-9.68,12.8,96.3,-724.3,90.0,118.5,2.193,0.0,False,False,False,2.46,
0,305,2026-01-04 11:47:56.733,10.74,0.62,38.45,0.00,0.000,0.000,0.000,0.58,-5.43,-10.38,15.5,93.8,-725.8,87.8,118.4,2.537,0.0,False,False,False,0.98,
0,306,2026-01-04 11:47:57.100,12.01,0.96,88.95,0.04,0.000,0.000,0.000,4.22,-3.55,-9.21,18.7,90.7,-727.5,85.0,118.4,2.877,0.0,False,False,False,3.06,
0,307,2026-01-04 11:47:57.448,12.54,0.50,36.59,0.00,0.000,0.000,0.000,0.64,-2.54,-9.12,22.0,87.8,-729.0,82.1,118.4,3.082,0.0,False,False,False,3.14,
0,308,2026-01-04 11:47:57.820,12.69,0.78,-212.57,0.03,0.013,0.013,0.013,1.55,-0.58,-1.08,25.4,84.8,-730.7,79.2,118.5,3.168,0.0,False,False,False,1.76,
0,309,2026-01-04 11:47:58.173,10.33,0.90,162.70,0.00,4866.420,0.000,4866.420,23.17,38.40,-25.53,29.3,81.3,-732.6,75.9,118.5,3.662,0.0,True,False,False,-29.55,CRASH
0,310,2026-01-04 11:48:01.608,7.92,0.76,-123.75,0.00,0.000,0.000,0.000,-1.69,-1.90,-7.85,11.9,19.2,-718.6,89.0,118.6,2.126,0.0,False,False,False,199.08,
0,311,2026-01-04 11:48:01.960,3.29,0.57,-271.15,0.06,5637.127,0.000,5637.127,8.05,-0.59,-13.02,13.1,18.0,-719.3,87.9,118.6,1.183,0.0,True,False,False,-29.38,CRASH
0,312,2026-01-04 11:48:05.425,2.93,0.43,37.81,0.00,0.000,0.000,0.000,0.39,-1.88,-9.42,1.5,11.9,-718.4,99.7,118.5,0.785,0.0,False,False,False,199.55,
0,313,2026-01-04 11:48:05.769,3.54,0.52,228.26,0.00,0.000,0.000,0.000,2.77,-1.96,-9.55,2.5,11.1,-719.0,99.0,118.5,0.977,0.0,False,False,False,0.10,
0,314,2026-01-04 11:48:06.119,4.00,0.95,-25.73,0.00,0.000,0.000,0.000,-1.99,-1.07,-9.60,3.6,10.2,-719.7,98.1,118.5,1.016,0.0,False,False,False,-0.39,
0,315,2026-01-04 11:48:06.484,4.80,0.65,-161.64,0.00,0.000,0.000,0.000,-2.00,-2.76,-10.14,4.9,9.3,-720.5,97.1,118.5,1.240,0.0,False,False,False,1.54,
0,316,2026-01-04 11:48:06.829,6.18,0.62,112.06,0.02,0.000,0.000,0.000,2.97,-4.63,-9.44,6.5,8.4,-721.7,95.9,118.5,1.548,0.0,False,False,False,0.45,
0,317,2026-01-04 11:48:07.201,7.04,0.34,-168.67,0.05,0.000,0.000,0.000,-5.28,-1.84,-9.72,8.8,7.4,-723.2,94.3,118.5,2.027,0.0,False,False,False,0.26,
0,318,2026-01-04 11:48:07.555,8.44,0.99,100.81,0.01,0.000,0.000,0.000,2.25,-6.47,-10.67,10.8,7.3,-724.6,92.9,118.4,1.912,0.0,False,False,False,-0.04,
0,319,2026-01-04 11:48:07.896,10.21,0.95,-147.47,0.00,0.000,0.000,0.000,-4.61,-3.94,-9.60,13.9,8.0,-726.9,90.7,118.4,2.998,0.0,False,False,False,2.72,
0,320,2026-01-04 11:48:08.241,11.41,0.46,203.00,0.00,0.000,0.000,0.000,5.22,-2.18,-10.20,17.3,10.1,-729.4,88.4,118.4,3.266,0.0,False,False,False,2.36,
0,321,2026-01-04 11:48:08.581,11.61,0.46,374.11,0.03,0.000,0.000,0.000,8.02,-0.84,-10.31,20.6,12.4,-731.5,85.9,118.4,3.053,0.0,False,False,False,4.67,
0,322,2026-01-04 11:48:08.961,12.15,0.80,-111.12,0.05,0.000,0.000,0.000,-0.50,-1.64,-7.97,24.4,15.2,-733.5,82.5,118.3,3.567,0.0,False,False,False,3.17,
0,323,2026-01-04 11:48:09.308,13.51,0.50,80.97,0.00,0.000,0.000,0.000,3.00,-5.24,-9.79,28.4,18.4,-735.4,78.9,118.3,3.830,0.0,False,False,False,4.88,
0,324,2026-01-04 11:48:09.651,14.40,0.92,-99.61,0.06,0.000,0.000,0.000,-3.64,-2.40,-8.94,32.5,22.0,-737.3,75.2,118.3,3.976,0.0,False,False,False,805.44,
0,325,2026-01-04 11:48:09.995,14.90,0.48,-78.85,0.00,0.000,0.000,0.000,-2.34,0.58,-8.53,36.4,25.7,-739.4,71.8,118.3,3.681,0.0,False,False,False,805.84,
0,326,2026-01-04 11:48:10.332,15.00,0.32,-195.61,0.09,0.000,0.000,0.000,-9.27,0.76,-10.91,41.1,30.3,-742.3,68.1,118.3,4.510,0.0,False,False,False,806.79,
0,327,2026-01-04 11:48:10.696,15.70,0.50,224.84,0.05,0.000,0.000,0.000,4.21,-1.21,-9.84,46.4,35.7,-746.2,64.4,118.2,4.857,0.0,False,False,False,804.10,
0,328,2026-01-04 11:48:11.040,15.65,0.77,152.33,0.00,0.000,0.000,0.000,7.26,-1.62,-8.08,51.2,40.4,-749.4,60.9,118.2,4.503,0.0,False,False,False,801.83,
0,329,2026-01-04 11:48:11.405,1.14,0.00,-115.17,1.00,43039.398,0.000,43039.398,-1.67,-7.20,-6.48,51.4,40.6,-749.4,60.6,118.3,0.105,0.3,True,False,False,768.33,CRASH
0,330,2026-01-04 11:48:14.853,2.86,0.87,95.59,0.06,0.000,0.000,0.000,1.05,-1.67,-9.83,1.7,49.8,-718.5,99.6,118.5,0.801,0.0,False,False,False,200.02,
0,331,2026-01-04 11:48:15.194,3.26,0.32,-161.54,0.00,0.000,0.000,0.000,-2.84,-1.54,-9.27,2.6,48.9,-719.1,98.9,118.5,0.874,0.0,False,False,False,-0.47,
0,332,2026-01-04 11:48:15.538,3.98,0.62,134.92,0.00,0.000,0.000,0.000,2.41,-2.06,-10.47,3.8,47.7,-720.0,98.1,118.5,1.145,0.0,False,False,False,-0.65,
0,333,2026-01-04 11:48:15.892,4.71,0.68,324.92,0.05,0.000,0.000,0.000,4.56,-1.71,-9.64,5.1,46.3,-720.8,97.0,118.5,1.303,0.0,False,False,False,1.69,
0,334,2026-01-04 11:48:16.240,5.89,0.64,277.59,0.00,0.000,0.000,0.000,3.10,-4.14,-9.61,6.7,44.8,-721.5,95.6,118.5,1.495,0.0,False,False,False,1.81,
0,335,2026-01-04 11:48:16.615,7.17,0.82,-22.69,0.09,0.000,0.000,0.000,-2.19,-4.06,-9.45,8.7,42.7,-722.2,93.5,118.5,1.985,0.0,False,False,False,0.82,
0,336,2026-01-04 11:48:16.956,8.75,0.72,-90.71,0.00,0.000,0.000,0.000,-2.87,-5.49,-9.90,11.1,40.5,-723.1,91.3,118.5,2.261,0.0,False,False,False,2.38,
0,337,2026-01-04 11:48:17.314,9.92,0.42,166.64,0.05,0.000,0.000,0.000,5.21,-2.66,-9.82,13.9,37.7,-724.3,88.8,118.4,2.674,0.0,False,False,False,1.21,
0,338,2026-01-04 11:48:17.669,10.40,0.57,150.55,0.00,0.000,0.000,0.000,5.03,0.81,-8.32,17.1,34.8,-725.3,85.7,118.4,3.096,0.0,False,False,False,2.23,
0,339,2026-01-04 11:48:18.033,10.42,0.39,-109.22,0.09,0.000,0.000,0.000,-3.29,1.63,-10.75,20.3,32.1,-725.9,82.4,118.5,3.147,0.0,False,False,False,1.33,
0,340,2026-01-04 11:48:18.416,6.47,0.40,-182.15,0.05,5455.122,0.000,5455.122,3.70,0.29,-7.81,22.8,29.9,-726.8,80.1,118.5,2.154,0.0,True,False,False,-27.81,CRASH
0,341,2026-01-04 11:48:21.848,2.56,1.00,167.22,0.10,0.000,0.000,0.000,1.34,-0.61,-9.29,1.4,21.5,-718.3,99.8,118.5,0.649,0.0,False,False,False,198.99,
0,342,2026-01-04 11:48:22.206,3.01,0.89,-151.07,0.00,0.000,0.000,0.000,-2.66,-2.19,-10.33,2.2,20.7,-718.8,99.2,118.5,0.791,0.0,False,False,False,-1.39,
0,343,2026-01-04 11:48:22.548,3.63,0.57,-71.80,0.10,0.000,0.000,0.000,-0.15,-2.08,-10.36,3.2,19.8,-719.6,98.5,118.5,0.941,0.0,False,False,False,0.28,
0,344,2026-01-04 11:48:22.902,4.64,0.94,-232.25,0.00,0.000,0.000,0.000,-3.73,-3.41,-10.07,4.3,18.8,-720.5,97.8,118.5,1.104,0.0,False,False,False,0.53,
0,345,2026-01-04 11:48:23.259,6.36,0.82,64.50,0.00,0.000,0.000,0.000,2.56,-6.56,-10.39,5.9,17.5,-721.8,96.9,118.5,1.552,0.0,False,False,False,0.06,
0,346,2026-01-04 11:48:23.634,8.22,0.69,-79.38,0.00,0.000,0.000,0.000,-3.16,-5.02,-10.62,8.4,15.6,-723.8,95.4,118.5,2.229,0.0,False,False,False,1.57,
0,347,2026-01-04 11:48:23.989,10.14,0.96,130.01,0.00,0.000,0.000,0.000,4.08,-6.41,-9.96,11.1,13.7,-726.0,93.8,118.4,2.611,0.0,False,False,False,1.78,
0,348,2026-01-04 11:48:24.347,11.10,0.56,-131.28,0.00,0.000,0.000,0.000,-4.04,-1.99,-9.31,14.2,11.9,-728.4,91.9,118.4,2.864,0.0,False,False,False,1.28,
0,349,2026-01-04 11:48:24.700,11.58,0.49,-320.39,0.00,0.000,0.000,0.000,-7.31,-0.70,-9.27,17.7,10.9,-731.4,90.0,118.4,3.413,0.0,False,False,False,3.57,
0,350,2026-01-04 11:48:25.042,12.03,0.40,-285.31,0.00,0.000,0.000,0.000,-8.92,-0.40,-10.33,21.2,11.7,-734.8,88.8,118.4,3.357,0.0,False,False,False,4.43,
0,351,2026-01-04 11:48:25.405,12.58,0.92,-251.88,0.06,0.000,0.000,0.000,-8.31,-2.02,-9.97,24.5,14.1,-738.4,88.2,118.4,3.288,0.0,False,False,False,3.84,
0,352,2026-01-04 11:48:25.747,12.64,0.70,-158.60,0.06,0.000,0.000,0.000,-9.59,-0.85,-10.11,27.9,17.6,-742.4,88.4,118.3,3.774,0.0,False,False,False,3.17,
0,353,2026-01-04 11:48:26.085,11.76,0.96,-156.46,0.01,5114.592,0.000,5114.592,-5.64,-1.22,-12.84,31.1,21.4,-746.2,89.3,118.7,3.734,0.0,True,False,False,-28.10,CRASH
0,354,2026-01-04 11:48:29.509,2.93,0.68,16.61,0.00,0.000,0.000,0.000,0.18,-1.97,-9.02,1.5,29.7,-718.4,99.7,118.5,0.706,0.0,False,False,False,200.16,
0,355,2026-01-04 11:48:29.868,3.43,0.68,-191.92,0.00,0.000,0.000,0.000,-2.25,-0.99,-10.13,2.6,28.7,-719.2,99.0,118.5,1.013,0.0,False,False,False,0.14,
0,356,2026-01-04 11:48:30.205,4.14,0.98,119.48,0.00,0.000,0.000,0.000,3.35,-2.84,-10.53,3.6,27.7,-720.0,98.4,118.5,0.997,0.0,False,False,False,-0.99,
0,357,2026-01-04 11:48:30.555,5.33,0.41,245.23,0.00,0.000,0.000,0.000,3.70,-3.50,-10.15,5.1,26.4,-721.0,97.2,118.5,1.422,0.0,False,False,False,1.72,
0,358,2026-01-04 11:48:30.899,6.43,0.42,-172.34,0.00,0.000,0.000,0.000,-4.26,-2.48,-9.75,7.1,24.9,-722.1,95.6,118.5,1.883,0.0,False,False,False,-0.01,
0,359,2026-01-04 11:48:31.271,7.90,0.45,103.33,0.00,0.000,0.000,0.000,3.79,-4.95,-10.53,9.4,22.9,-723.7,93.9,118.5,2.145,0.0,False,False,False,0.75,
0,360,2026-01-04 11:48:31.633,9.26,0.88,324.40,0.03,0.000,0.000,0.000,7.44,-3.48,-8.94,12.0,21.1,-725.2,91.8,118.4,2.446,0.0,False,False,False,1.62,
0,361,2026-01-04 11:48:31.983,10.47,0.95,-141.41,0.00,0.000,0.000,0.000,-1.39,-3.08,-7.89,15.2,19.5,-726.7,88.8,118.4,3.146,0.0,False,False,False,0.64,
0,362,2026-01-04 11:48:32.333,11.72,0.64,221.33,0.00,0.000,0.000,0.000,5.90,-2.10,-9.60,18.8,18.2,-728.4,85.5,118.4,3.535,0.0,False,False,False,0.50,
0,363,2026-01-04 11:48:32.691,12.30,0.50,362.66,0.00,0.000,0.000,0.000,8.69,-1.57,-10.15,22.3,18.2,-729.5,82.1,118.4,3.382,0.0,False,False,False,4.04,
0,364,2026-01-04 11:48:33.057,12.70,0.99,-29.20,0.00,0.258,0.258,0.258,5.93,-1.29,-2.40,26.1,19.8,-730.0,78.0,118.5,3.750,0.0,False,False,False,2.84,
0,365,2026-01-04 11:48:33.402,4.42,0.31,214.80,0.00,16605.101,0.000,16605.101,7.18,0.95,-5.14,27.9,19.9,-731.0,76.4,118.5,1.691,0.0,True,False,False,-29.09,CRASH
0,366,2026-01-04 11:48:36.818,5.54,0.50,16.02,0.05,0.000,0.000,0.000,0.76,-0.09,-8.89,9.3,19.0,-719.9,91.9,118.5,1.659,0.0,False,False,False,200.33,
0,367,2026-01-04 11:48:37.153,5.79,0.40,63.02,0.04,0.000,0.000,0.000,2.36,0.42,-12.79,11.1,17.3,-720.3,90.1,118.5,1.743,0.0,False,False,False,1.67,
0,368,2026-01-04 11:48:37.499,5.83,0.94,-157.45,0.00,0.000,0.000,0.000,-1.37,-0.15,-10.23,12.7,15.9,-720.7,88.5,118.5,1.534,0.0,False,False,False,0.06,
0,369,2026-01-04 11:48:37.854,6.27,0.64,114.59,0.00,0.000,0.000,0.000,2.01,-0.90,-8.16,14.5,14.2,-721.3,86.8,118.5,1.707,0.0,False,False,False,-0.40,
0,370,2026-01-04 11:48:38.206,3.92,0.77,332.76,0.00,5872.309,0.000,5872.309,-6.18,10.37,-8.25,16.4,12.5,-722.0,85.1,118.6,1.774,0.0,True,False,False,-28.95,CRASH
0,371,2026-01-04 11:48:41.638,7.15,0.52,141.13,0.00,0.000,0.000,0.000,5.64,-4.24,-6.44,11.3,6.1,-717.8,89.5,118.6,2.038,0.0,False,False,False,200.00,
0,372,2026-01-04 11:48:41.984,0.57,0.48,-87.19,0.00,8300.873,0.000,8300.873,2.99,-1.56,-10.86,11.6,5.6,-718.2,89.2,118.6,0.395,0.0,True,False,False,-30.67,CRASH
0,373,2026-01-04 11:48:45.398,6.64,0.79,111.76,0.00,0.000,0.000,0.000,3.37,-3.23,-10.51,10.3,10.2,-726.2,95.6,118.5,1.849,0.0,False,False,False,201.26,
0,374,2026-01-04 11:48:45.742,7.71,0.98,-108.38,0.00,0.000,0.000,0.000,-3.43,-3.41,-9.48,12.7,11.2,-728.2,94.3,118.5,2.278,0.0,False,False,False,2.10,
0,375,2026-01-04 11:48:46.084,9.14,0.95,-115.62,0.00,0.000,0.000,0.000,-2.91,-4.51,-9.23,15.3,13.0,-730.6,93.1,118.4,2.527,0.0,False,False,False,3.84,
0,376,2026-01-04 11:48:46.433,10.34,0.57,-234.88,0.00,0.000,0.000,0.000,-6.44,-2.51,-9.68,18.5,15.7,-733.7,92.1,118.4,3.109,0.0,False,False,False,4.18,
0,377,2026-01-04 11:48:46.771,11.63,0.51,160.96,0.00,0.000,0.000,0.000,2.97,-3.76,-9.77,22.0,19.2,-737.3,91.5,118.4,3.477,0.0,False,False,False,2.14,
0,378,2026-01-04 11:48:47.139,11.90,0.48,-160.49,0.00,50.420,0.000,50.420,0.89,3.37,-20.16,26.1,23.2,-741.3,90.6,118.4,3.757,0.0,True,False,False,-27.74,CRASH
0,379,2026-01-04 11:48:50.555,3.04,0.68,157.41,0.01,0.000,0.000,0.000,1.55,-2.50,-9.42,1.7,24.5,-718.5,99.6,118.5,0.779,0.0,False,False,False,199.09,
0,380,2026-01-04 11:48:50.905,3.47,0.57,-107.76,0.00,0.000,0.000,0.000,-1.83,-1.38,-9.52,2.7,23.7,-719.1,98.9,118.5,0.930,0.0,False,False,False,-0.67,
0,381,2026-01-04 11:48:51.249,4.18,0.72,47.49,0.00,0.000,0.000,0.000,0.81,-2.39,-9.69,3.9,22.5,-720.0,98.0,118.5,1.207,0.0,False,False,False,0.50,
0,382,2026-01-04 11:48:51.594,4.94,0.72,-230.92,0.00,0.000,0.000,0.000,-3.74,-1.90,-10.05,5.4,21.2,-721.1,97.0,118.5,1.371,0.0,False,False,False,-0.00,
0,383,2026-01-04 11:48:51.933,6.14,0.72,122.25,0.09,0.000,0.000,0.000,3.78,-4.37,-10.07,7.0,19.7,-722.4,96.0,118.5,1.562,0.0,False,False,False,-0.74,
0,384,2026-01-04 11:48:52.295,7.39,0.42,-118.70,0.00,0.000,0.000,0.000,-3.87,-3.16,-9.47,9.3,17.7,-724.1,94.4,118.5,2.068,0.0,False,False,False,0.66,
0,385,2026-01-04 11:48:52.645,8.41,0.98,-326.42,0.07,0.000,0.000,0.000,-5.93,-2.24,-9.82,11.9,15.3,-726.3,93.0,118.5,2.502,0.0,False,False,False,2.02,
0,386,2026-01-04 11:48:52.990,9.21,0.92,-357.69,0.08,0.000,0.000,0.000,-6.35,-2.10,-8.89,14.5,12.5,-728.9,92.0,118.5,2.652,0.0,False,False,False,2.61,
0,387,2026-01-04 11:48:53.346,10.13,0.95,-201.00,0.00,0.000,0.000,0.000,-8.54,-1.97,-9.36,17.3,9.3,-732.1,91.7,118.4,3.070,0.0,False,False,False,1.69,
0,388,2026-01-04 11:48:53.689,10.87,0.74,-284.69,0.00,0.000,0.000,0.000,-7.19,-2.23,-9.29,20.1,6.0,-735.5,92.3,118.4,3.321,0.0,False,False,False,1.22,
0,389,2026-01-04 11:48:54.057,11.98,0.50,203.70,0.00,0.148,0.148,0.148,12.54,-5.38,-7.52,22.9,3.8,-739.1,93.6,118.5,3.427,0.0,False,False,False,-2.32,
0,390,2026-01-04 11:48:54.394,5.58,0.94,-123.75,0.03,9355.989,0.000,9355.989,11.05,88.98,1.73,25.8,4.1,-742.4,94.6,118.7,3.244,0.0,True,False,True,-51.34,CRASH
0,391,2026-01-04 11:48:57.812,2.98,0.63,-160.12,0.01,0.000,0.000,0.000,-1.71,-1.13,-9.42,1.7,24.3,-718.6,99.6,118.5,0.780,0.0,False,False,False,201.07,
0,392,2026-01-04 11:48:58.175,3.22,0.69,-198.72,0.08,0.000,0.000,0.000,-0.17,-0.61,-10.01,2.7,23.5,-719.3,99.1,118.5,0.879,0.0,False,False,False,1.25,
0,393,2026-01-04 11:48:58.537,3.67,0.86,167.51,0.08,0.000,0.000,0.000,3.71,-1.36,-10.31,3.7,22.5,-720.2,98.5,118.5,0.966,0.0,False,False,False,-0.95,
0,394,2026-01-04 11:48:58.881,4.59,0.65,74.60,0.01,0.000,0.000,0.000,0.53,-3.74,-9.91,4.9,21.5,-721.0,97.6,118.5,1.163,0.0,False,False,False,0.34,
0,395,2026-01-04 11:48:59.234,5.96,0.67,103.43,0.00,0.000,0.000,0.000,1.20,-5.28,-9.73,6.4,20.4,-722.1,96.5,118.5,1.408,0.0,False,False,False,1.81,
0,396,2026-01-04 11:48:59.609,7.28,0.38,279.43,0.04,0.000,0.000,0.000,5.01,-2.86,-9.72,8.6,18.9,-723.4,94.8,118.5,2.023,0.0,False,False,False,1.55,
0,397,2026-01-04 11:48:59.950,8.43,0.75,9.45,0.09,0.000,0.000,0.000,-0.73,-4.30,-9.81,10.8,17.9,-724.5,92.7,118.4,2.224,0.0,False,False,False,1.31,
0,398,2026-01-04 11:49:00.317,9.28,0.50,-135.01,0.08,0.000,0.000,0.000,-4.83,-2.35,-9.47,13.2,17.1,-725.7,90.7,118.4,2.238,0.0,False,False,False,1.79,
0,399,2026-01-04 11:49:00.682,10.78,0.89,51.94,0.00,0.000,0.000,0.000,1.75,-6.16,-9.23,16.0,16.3,-727.3,88.3,118.4,2.658,0.0,False,False,False,2.07,
0,400,2026-01-04 11:49:01.033,12.29,0.50,238.14,0.00,0.000,0.000,0.000,6.61,-3.77,-9.20,19.8,16.3,-729.3,85.0,118.4,3.686,0.0,False,False,False,2.89,
0,401,2026-01-04 11:49:01.424,13.16,0.38,-12.89,0.03,0.000,0.000,0.000,1.53,-2.55,-9.23,23.5,17.7,-730.6,81.4,118.4,3.417,0.0,False,False,False,3.55,
0,402,2026-01-04 11:49:01.788,13.11,0.39,-143.40,0.10,0.000,0.000,0.000,-5.66,1.04,-12.34,26.9,19.6,-731.8,78.1,118.4,3.300,0.0,False,False,False,4.07,
0,403,2026-01-04 11:49:02.140,10.52,0.62,7.52,0.00,45663.852,0.000,45663.852,-0.07,3.97,-3.87,30.4,22.0,-733.0,74.7,118.5,3.364,0.0,True,False,False,774.37,CRASH
0,404,2026-01-04 11:49:05.579,6.59,0.48,-67.34,0.00,0.000,0.000,0.000,-1.55,-3.14,-9.73,9.4,21.8,-724.6,94.9,118.5,1.750,0.0,False,False,False,201.91,
0,405,2026-01-04 11:49:05.931,7.68,0.65,-212.33,0.00,0.000,0.000,0.000,-4.89,-2.88,-9.06,11.7,19.9,-726.6,93.6,118.5,2.267,0.0,False,False,False,1.69,
0,406,2026-01-04 11:49:06.277,9.23,0.83,124.49,0.00,0.000,0.000,0.000,3.58,-5.40,-9.50,14.2,18.3,-728.8,92.5,118.4,2.389,0.0,False,False,False,0.33,
0,407,2026-01-04 11:49:06.620,9.82,0.39,-149.84,0.09,0.000,0.000,0.000,-4.69,-0.75,-9.36,16.9,16.6,-731.2,91.2,118.4,2.580,0.0,False,False,False,0.33,
0,408,2026-01-04 11:49:06.967,11.18,0.78,-46.73,0.00,0.000,0.000,0.000,-2.36,-4.82,-10.63,20.1,15.3,-734.3,89.9,118.4,3.126,0.0,False,False,False,1.77,
0,409,2026-01-04 11:49:07.323,12.60,0.50,233.32,0.00,0.000,0.000,0.000,7.25,-2.32,-9.56,24.3,14.6,-738.2,88.4,118.4,3.810,0.0,False,False,False,1.31,
0,410,2026-01-04 11:49:07.671,13.13,0.62,359.47,0.00,0.000,0.000,0.000,8.82,-1.55,-11.40,27.9,14.4,-741.3,86.5,118.3,3.438,0.0,False,False,False,2.71,
0,411,2026-01-04 11:49:08.022,13.75,0.78,-123.18,0.00,0.000,0.000,0.000,0.55,-2.15,-8.58,32.1,14.7,-744.5,83.7,118.3,4.041,0.0,False,False,False,803.19,
0,412,2026-01-04 11:49:08.369,14.91,0.66,71.56,0.04,0.000,0.000,0.000,2.74,-3.61,-10.86,36.6,16.1,-747.9,80.7,118.3,4.290,0.0,False,False,False,804.75,
0,413,2026-01-04 11:49:08.722,15.19,0.30,103.61,0.10,0.000,0.000,0.000,6.93,-0.66,-11.04,40.7,18.1,-750.8,77.6,118.2,4.030,0.0,False,False,False,805.15,
0,414,2026-01-04 11:49:09.110,15.64,0.68,154.44,0.03,0.000,0.000,0.000,7.38,-1.80,-9.76,44.9,20.4,-753.3,74.1,118.2,3.844,0.0,False,False,False,804.76,
0,415,2026-01-04 11:49:09.453,16.14,0.57,211.55,0.00,0.000,0.000,0.000,8.77,-1.06,-9.96,48.5,22.6,-755.2,70.5,118.2,3.710,0.0,False,False,False,804.04,
0,416,2026-01-04 11:49:09.808,16.45,0.54,-6.49,0.00,0.000,0.000,0.000,7.20,-0.53,-8.69,52.3,25.2,-756.7,66.5,118.2,4.080,0.0,False,False,False,801.71,
0,417,2026-01-04 11:49:10.152,17.12,0.94,-32.53,0.03,0.000,0.000,0.000,-1.73,-2.55,-8.95,56.1,28.0,-758.0,62.2,118.1,4.194,0.0,False,False,False,802.25,
0,418,2026-01-04 11:49:10.517,17.78,0.58,149.08,0.08,0.000,0.000,0.000,6.07,-1.26,-9.73,60.7,31.8,-759.5,57.2,118.1,4.964,0.0,False,False,False,801.38,
0,419,2026-01-04 11:49:10.885,18.03,0.82,-37.08,0.10,0.000,0.000,0.000,9.01,-1.06,-9.80,65.8,36.3,-760.7,51.3,118.1,5.377,0.0,False,False,False,801.54,
0,420,2026-01-04 11:49:11.250,17.74,0.30,75.60,0.00,0.000,0.000,0.000,-3.01,0.36,-13.53,70.4,40.5,-761.5,46.0,118.2,5.063,0.0,False,False,False,2.57,
0,421,2026-01-04 11:49:11.624,8.56,0.30,99.57,0.00,53353.516,0.000,53353.516,9.25,2.96,-9.13,73.2,43.2,-763.0,43.6,118.2,2.531,0.0,True,False,False,-29.31,CRASH
0,422,2026-01-04 11:49:15.063,5.83,0.50,88.13,0.00,138.517,0.000,138.517,0.12,2.26,-8.80,9.2,64.5,-720.4,92.1,118.5,1.538,0.0,True,False,False,170.87,CRASH
0,423,2026-01-04 11:49:18.509,6.44,0.55,-171.29,0.00,0.000,0.000,0.000,-4.18,-2.39,-9.76,9.9,2.7,-723.0,92.6,118.5,1.829,0.0,False,False,False,201.33,
0,424,2026-01-04 11:49:18.859,7.09,0.69,-250.12,0.04,0.000,0.000,0.000,-5.58,-1.88,-9.28,11.6,3.9,-724.2,91.5,118.4,1.582,0.0,False,False,False,2.82,
0,425,2026-01-04 11:49:19.220,8.72,0.94,29.11,0.00,0.000,0.000,0.000,1.85,-6.18,-9.18,14.0,6.2,-726.2,90.0,118.4,2.359,0.0,False,False,False,2.75,
0,426,2026-01-04 11:49:19.560,9.85,0.59,-150.74,0.05,0.000,0.000,0.000,-4.54,-2.48,-9.64,16.9,9.1,-728.6,88.2,118.4,2.819,0.0,False,False,False,3.42,
0,427,2026-01-04 11:49:19.915,11.31,0.84,192.82,0.00,0.000,0.000,0.000,5.44,-4.24,-9.65,19.9,12.2,-731.2,86.5,118.4,2.991,0.0,False,False,False,1.93,
0,428,2026-01-04 11:49:20.281,11.99,0.50,-171.85,0.00,0.000,0.000,0.000,-3.55,-2.14,-9.31,23.6,15.8,-734.1,84.3,118.4,3.300,0.0,False,False,False,1.89,
0,429,2026-01-04 11:49:20.639,12.84,0.78,-138.52,0.00,0.000,0.000,0.000,-6.34,-3.67,-9.37,27.6,19.9,-737.6,82.1,118.4,3.890,0.0,False,False,False,4.91,
0,430,2026-01-04 11:49:20.996,13.53,0.97,-285.85,0.09,0.000,0.000,0.000,-8.58,-0.75,-9.91,31.6,24.1,-741.5,80.5,118.3,3.990,0.0,False,False,False,804.29,
0,431,2026-01-04 11:49:21.342,14.24,0.49,-61.62,0.00,0.000,0.000,0.000,-6.89,-2.84,-9.14,35.3,28.1,-745.6,79.7,118.3,3.916,0.0,False,False,False,803.42,
0,432,2026-01-04 11:49:21.689,15.57,0.53,71.70,0.00,0.000,0.000,0.000,4.19,-2.85,-10.30,39.7,32.8,-750.5,79.1,118.2,4.728,0.0,False,False,False,803.10,
0,433,2026-01-04 11:49:22.047,15.93,0.50,42.49,0.00,3.705,0.000,3.705,2.08,-1.55,-13.43,44.8,38.2,-755.9,78.0,118.4,5.020,0.0,False,False,False,800.58,
0,434,2026-01-04 11:49:22.392,14.00,0.50,49.60,0.00,5576.176,0.000,5576.176,48.29,41.80,-11.18,49.7,43.2,-760.8,76.8,118.4,4.782,0.0,True,False,False,772.35,CRASH
0,435,2026-01-04 11:49:25.814,6.62,0.59,-219.53,0.01,0.000,0.000,0.000,-5.11,-2.21,-9.87,10.1,40.4,-723.9,93.1,118.5,1.881,0.0,False,False,False,200.54,
0,436,2026-01-04 11:49:26.182,7.50,0.66,49.01,0.08,0.000,0.000,0.000,2.13,-4.38,-10.29,11.9,38.7,-725.2,92.0,118.4,1.639,0.0,False,False,False,-0.17,
0,437,2026-01-04 11:49:26.540,8.50,0.88,-156.82,0.00,0.000,0.000,0.000,-4.53,-3.58,-10.08,13.9,36.8,-726.8,90.6,118.4,1.883,0.0,False,False,False,0.07,
0,438,2026-01-04 11:49:26.896,9.83,0.62,101.71,0.00,0.000,0.000,0.000,3.08,-5.56,-9.96,16.3,34.4,-728.7,89.2,118.4,2.286,0.0,False,False,False,0.11,
0,439,2026-01-04 11:49:27.248,10.81,0.39,84.00,0.00,0.000,0.000,0.000,3.56,-2.95,-9.53,19.0,31.9,-730.8,87.4,118.4,2.604,0.0,False,False,False,2.17,
0,440,2026-01-04 11:49:27.630,11.90,0.70,233.01,0.00,0.000,0.000,0.000,7.06,-3.13,-9.29,22.4,28.9,-733.1,84.8,118.4,3.040,0.0,False,False,False,2.54,
0,441,2026-01-04 11:49:27.995,12.50,0.47,51.18,0.10,0.000,0.000,0.000,2.45,-2.59,-9.97,25.2,26.8,-734.7,82.5,118.3,2.646,0.0,False,False,False,2.03,
0,442,2026-01-04 11:49:28.368,13.20,0.33,156.41,0.00,0.000,0.000,0.000,5.73,-2.27,-10.34,28.1,24.9,-736.1,79.9,118.3,2.790,0.0,False,False,False,2.31,
0,443,2026-01-04 11:49:28.743,13.72,0.45,-48.32,0.00,0.000,0.000,0.000,-0.67,-2.09,-9.94,31.1,23.5,-737.3,77.0,118.3,2.929,0.0,False,False,False,801.57,
0,444,2026-01-04 11:49:29.105,13.96,0.34,-57.14,0.07,0.000,0.000,0.000,-3.42,-1.00,-9.45,34.2,22.4,-738.6,74.0,118.3,3.000,0.0,False,False,False,802.97,
0,445,2026-01-04 11:49:29.490,14.17,0.32,56.52,0.00,0.001,0.001,0.001,-1.11,-1.18,-8.70,37.0,21.7,-739.8,71.5,118.3,2.341,0.0,False,False,False,801.56,
0,446,2026-01-04 11:49:29.874,14.24,0.37,137.06,0.07,0.001,0.001,0.001,-1.22,0.39,-21.20,39.5,21.3,-741.0,69.1,118.3,2.373,0.0,False,False,False,802.25,
0,447,2026-01-04 11:49:30.238,14.48,0.86,-104.60,0.08,0.001,0.001,0.001,-0.12,-1.22,-8.26,43.0,21.4,-742.4,65.8,118.4,3.365,0.0,False,False,False,802.07,
0,448,2026-01-04 11:49:30.601,13.38,0.41,65.25,0.07,3000.000,0.000,3000.000,-6.77,-0.97,-9.35,46.3,22.1,-743.7,62.7,118.3,3.139,0.0,True,False,False,771.26,CRASH
0,449,2026-01-04 11:49:34.046,2.36,0.91,-100.39,0.00,0.000,0.000,0.000,-0.58,-1.52,-9.99,0.8,45.5,-717.9,100.2,118.5,0.432,0.0,False,False,False,199.40,
0,450,2026-01-04 11:49:34.421,2.89,0.73,26.30,0.00,0.000,0.000,0.000,0.49,-1.95,-11.11,1.5,44.9,-718.4,99.8,118.5,0.614,0.0,False,False,False,-0.23,
0,451,2026-01-04 11:49:34.785,3.26,0.52,-154.74,0.00,0.000,0.000,0.000,-1.54,-1.39,-9.36,2.2,44.2,-719.0,99.3,118.5,0.723,0.0,False,False,False,-0.51,
0,452,2026-01-04 11:49:35.166,4.07,0.97,156.93,0.00,0.000,0.000,0.000,2.30,-3.26,-9.39,3.3,43.1,-719.8,98.6,118.5,1.029,0.0,False,False,False,-1.28,
0,453,2026-01-04 11:49:35.532,5.11,0.81,5.24,0.00,0.000,0.000,0.000,-0.58,-3.87,-9.38,4.6,41.8,-720.7,97.6,118.5,1.226,0.0,False,False,False,0.29,
0,454,2026-01-04 11:49:35.923,6.63,0.75,135.31,0.00,0.000,0.000,0.000,3.26,-5.84,-9.53,6.3,40.2,-721.8,96.4,118.5,1.479,0.0,False,False,False,1.88,
0,455,2026-01-04 11:49:36.296,8.12,0.70,129.70,0.00,0.000,0.000,0.000,3.71,-5.45,-9.92,8.2,38.2,-723.0,94.9,118.5,1.853,0.0,False,False,False,2.25,
0,456,2026-01-04 11:49:36.638,9.14,0.59,-74.91,0.06,0.000,0.000,0.000,-2.32,-3.29,-9.27,10.4,36.1,-724.2,93.1,118.5,2.034,0.0,False,False,False,1.30,
0,457,2026-01-04 11:49:37.001,10.26,0.99,-238.60,0.00,0.000,0.000,0.000,-6.65,-3.77,-9.59,13.0,33.5,-725.9,91.1,118.4,2.434,0.0,False,False,False,2.06,
0,458,2026-01-04 11:49:37.360,11.20,0.44,20.28,0.00,0.000,0.000,0.000,0.12,-4.45,-9.74,15.6,30.9,-727.9,89.3,118.4,2.502,0.0,False,False,False,1.23,
0,459,2026-01-04 11:49:37.726,12.18,0.44,3.35,0.00,0.000,0.000,0.000,-0.03,-2.96,-10.00,19.1,27.6,-730.5,86.9,118.4,3.149,0.0,False,False,False,3.53,
0,460,2026-01-04 11:49:38.086,13.22,0.50,187.33,0.02,0.000,0.000,0.000,5.93,-3.57,-9.74,22.3,24.6,-732.8,84.8,118.4,2.977,0.0,False,False,False,1.31,
0,461,2026-01-04 11:49:38.445,13.95,0.73,287.37,0.00,0.000,0.000,0.000,7.76,-2.11,-9.70,25.7,21.3,-735.0,82.2,118.3,3.180,0.0,False,False,False,3.48,
0,462,2026-01-04 11:49:38.798,14.50,0.74,-121.41,0.05,0.000,0.000,0.000,-0.66,-1.35,-8.08,29.4,17.6,-737.1,79.0,118.3,3.570,0.0,False,False,False,801.93,
0,463,2026-01-04 11:49:39.153,14.96,0.94,-147.98,0.00,0.000,0.000,0.000,-7.06,-2.36,-8.43,33.3,13.8,-739.4,75.8,118.3,3.670,0.0,False,False,False,803.93,
0,464,2026-01-04 11:49:39.555,15.46,0.74,-213.19,0.00,0.000,0.000,0.000,-8.94,-1.32,-10.41,37.6,10.0,-742.3,72.7,118.3,3.817,0.0,False,False,False,802.90,
0,465,2026-01-04 11:49:39.928,16.06,0.44,165.77,0.09,0.000,0.000,0.000,-0.10,-3.26,-9.80,41.8,7.5,-745.5,70.0,118.2,3.930,0.0,False,False,False,801.66,
0,466,2026-01-04 11:49:40.280,16.61,0.69,-48.76,0.00,0.000,0.000,0.000,-1.36,-1.49,-10.76,45.8,6.8,-748.7,67.4,118.2,3.818,0.0,False,False,False,802.76,
0,467,2026-01-04 11:49:40.629,16.59,0.35,-195.20,0.08,0.000,0.000,0.000,-7.11,0.86,-8.97,50.2,8.7,-752.2,64.7,118.2,4.171,0.0,False,False,False,801.12,
0,468,2026-01-04 11:49:40.994,16.73,0.53,-190.18,0.00,0.000,0.000,0.000,-9.34,-1.10,-9.87,54.8,12.5,-756.3,62.3,118.2,4.427,0.0,False,False,False,802.40,
0,469,2026-01-04 11:49:41.369,17.10,0.69,-219.01,0.02,0.000,0.000,0.000,-8.51,-1.38,-9.20,60.0,18.0,-761.5,60.2,118.1,5.081,0.0,False,False,False,802.31,
0,470,2026-01-04 11:49:41.728,17.53,0.50,-156.75,0.00,0.000,0.000,0.000,-9.48,-2.30,-9.81,64.5,23.1,-766.6,59.2,118.1,4.902,0.0,False,False,False,802.83,
0,471,2026-01-04 11:49:42.082,17.94,0.49,-218.85,0.00,0.000,0.000,0.000,-8.06,-1.35,-7.98,68.6,28.1,-771.6,58.9,118.1,4.738,0.0,False,False,False,2.34,
0,472,2026-01-04 11:49:42.447,17.25,0.38,-205.16,0.00,1304.581,0.000,1304.581,-1.08,3.83,-1.52,72.5,33.3,-776.9,59.4,118.3,4.979,0.0,True,False,False,-27.68,CRASH
0,473,2026-01-04 11:49:45.904,4.97,0.78,-134.34,0.00,0.000,0.000,0.000,-2.65,-1.62,-10.04,6.1,66.8,-723.2,99.0,118.5,1.349,0.0,False,False,False,200.35,
0,474,2026-01-04 11:49:46.257,5.89,0.69,156.34,0.00,0.000,0.000,0.000,3.89,-3.11,-10.22,7.6,65.4,-724.6,98.6,118.5,1.439,0.0,False,False,False,-0.54,
0,475,2026-01-04 11:49:46.618,7.20,0.76,109.48,0.00,0.000,0.000,0.000,1.90,-4.27,-10.20,9.7,63.4,-726.5,97.8,118.5,1.966,0.0,False,False,False,1.16,
0,476,2026-01-04 11:49:46.965,8.43,0.87,-63.23,0.00,0.000,0.000,0.000,-2.61,-4.36,-9.26,11.9,61.2,-728.5,96.9,118.5,2.091,0.0,False,False,False,1.39,
0,477,2026-01-04 11:49:47.311,9.86,0.95,146.07,0.00,0.000,0.000,0.000,4.77,-5.78,-9.21,14.1,59.0,-730.6,96.0,118.4,2.137,0.0,False,False,False,0.56,
0,478,2026-01-04 11:49:47.695,11.16,0.88,-85.55,0.00,0.000,0.000,0.000,-2.27,-4.05,-10.24,17.3,55.9,-733.4,94.5,118.4,2.827,0.0,False,False,False,0.83,
0,479,2026-01-04 11:49:48.058,11.28,0.30,-252.60,0.10,0.000,0.000,0.000,-6.78,0.99,-8.76,20.5,52.8,-736.3,93.2,118.4,3.019,0.0,False,False,False,1.95,
0,480,2026-01-04 11:49:48.418,11.24,0.50,-324.40,0.00,0.000,0.000,0.000,-12.62,2.96,-18.42,23.6,50.0,-739.4,92.5,118.4,3.011,0.0,False,False,False,1.94,
0,481,2026-01-04 11:49:48.781,10.27,0.31,48.80,0.00,4828.824,0.000,4828.824,-9.00,-0.76,-10.20,26.7,47.4,-742.6,92.1,118.6,2.981,0.0,True,False,False,-30.10,CRASH
0,482,2026-01-04 11:49:52.237,5.37,0.60,-2.89,0.00,0.000,0.000,0.000,0.19,-1.91,-9.71,6.8,21.0,-721.9,95.7,118.5,1.197,0.0,False,False,False,201.49,
0,483,2026-01-04 11:49:52.601,5.64,0.51,-13.97,0.10,0.000,0.000,0.000,0.23,-0.88,-10.42,8.2,20.0,-722.8,94.7,118.5,1.288,0.0,False,False,False,1.69,
0,484,2026-01-04 11:49:52.966,6.31,0.55,31.58,0.00,0.000,0.000,0.000,0.78,-2.86,-10.29,9.8,18.8,-723.9,93.5,118.4,1.489,0.0,False,False,False,1.89,
0,485,2026-01-04 11:49:53.321,7.21,0.58,141.20,0.00,0.000,0.000,0.000,3.44,-3.95,-9.98,11.5,17.7,-724.9,92.2,118.4,1.579,0.0,False,False,False,1.12,
0,486,2026-01-04 11:49:53.684,7.82,0.34,-91.38,0.00,0.000,0.000,0.000,-3.76,-1.96,-8.83,13.5,16.5,-726.1,90.6,118.4,1.898,0.0,False,False,False,0.35,
0,487,2026-01-04 11:49:54.056,9.16,0.73,55.31,0.00,0.000,0.000,0.000,2.53,-5.57,-10.37,16.0,15.2,-727.7,88.7,118.4,2.247,0.0,False,False,False,1.47,
0,488,2026-01-04 11:49:54.403,10.25,0.40,62.11,0.00,0.000,0.000,0.000,2.47,-3.30,-10.02,18.7,14.3,-729.4,86.5,118.4,2.613,0.0,False,False,False,2.89,
0,489,2026-01-04 11:49:54.764,10.96,0.52,-78.14,0.00,0.000,0.000,0.000,-2.99,-2.86,-9.77,21.2,14.0,-730.8,84.4,118.4,2.305,0.0,False,False,False,1.76,
0,490,2026-01-04 11:49:55.124,11.98,0.79,114.97,0.00,0.000,0.000,0.000,2.81,-4.74,-10.50,23.9,14.1,-732.4,82.3,118.3,2.479,0.0,False,False,False,2.28,
0,491,2026-01-04 11:49:55.481,12.66,0.34,-71.57,0.09,0.000,0.000,0.000,-1.82,-1.50,-9.85,27.4,15.1,-734.4,79.4,118.3,3.320,0.0,False,False,False,3.56,
0,492,2026-01-04 11:49:55.851,13.35,0.76,-230.82,0.00,0.000,0.000,0.000,-7.58,-2.38,-9.23,30.8,16.6,-736.5,76.7,118.3,3.038,0.0,False,False,False,803.35,
0,493,2026-01-04 11:49:56.213,14.50,0.68,114.90,0.00,0.000,0.000,0.000,1.02,-5.23,-9.92,34.5,18.4,-739.1,74.0,118.3,3.465,0.0,False,False,False,803.03,
0,494,2026-01-04 11:49:56.570,15.18,0.76,-154.53,0.00,0.000,0.000,0.000,-4.53,-1.64,-10.68,38.2,20.7,-741.7,71.4,118.3,3.480,0.0,False,False,False,802.76,
0,495,2026-01-04 11:49:56.938,15.78,0.64,107.55,0.08,0.000,0.000,0.000,3.40,-3.92,-8.45,42.3,23.5,-744.7,68.6,118.2,3.838,0.0,False,False,False,803.81,
0,496,2026-01-04 11:49:57.302,15.89,0.37,237.22,0.09,0.000,0.000,0.000,8.32,0.45,-9.93,46.5,27.0,-747.7,65.6,118.2,3.970,0.0,False,False,False,806.22,
0,497,2026-01-04 11:49:57.688,16.23,0.99,16.10,0.04,3000.000,0.000,3000.000,10.90,-4.88,-10.67,51.8,31.9,-750.8,61.2,118.2,4.818,0.0,True,False,False,771.72,CRASH
0,498,2026-01-04 11:50:01.135,2.99,0.85,164.86,0.00,0.000,0.000,0.000,1.09,-2.37,-9.62,1.6,50.3,-718.4,99.7,118.5,0.718,0.0,False,False,False,199.96,
0,499,2026-01-04 11:50:01.486,3.60,0.74,152.91,0.00,0.000,0.000,0.000,1.25,-2.25,-9.67,2.6,49.2,-719.1,98.8,118.5,1.049,0.0,False,False,False,0.72,
0,500,2026-01-04 11:50:01.826,3.87,0.45,-155.48,0.10,0.000,0.000,0.000,-2.94,-0.46,-9.71,3.8,48.1,-719.7,97.9,118.5,1.065,0.0,False,False,False,-0.44,
0,501,2026-01-04 11:50:02.167,4.66,0.55,-24.31,0.00,0.000,0.000,0.000,1.20,-3.62,-10.40,4.9,46.9,-720.5,97.1,118.5,1.054,0.0,False,False,False,0.24,
0,502,2026-01-04 11:50:02.531,5.72,0.54,-242.80,0.00,0.000,0.000,0.000,-3.80,-2.92,-9.12,6.5,45.3,-721.7,96.0,118.5,1.564,0.0,False,False,False,0.49,
0,503,2026-01-04 11:50:02.895,7.57,0.88,149.00,0.00,0.000,0.000,0.000,4.18,-6.29,-10.37,8.7,43.2,-723.5,94.7,118.5,1.988,0.0,False,False,False,-0.67,
0,504,2026-01-04 11:50:03.238,8.86,0.45,50.66,0.03,0.000,0.000,0.000,1.16,-3.89,-9.28,11.2,40.7,-725.3,93.0,118.4,2.356,0.0,False,False,False,1.49,
0,505,2026-01-04 11:50:03.583,9.78,0.38,137.69,0.03,0.000,0.000,0.000,4.38,-2.83,-10.27,13.8,38.1,-727.1,91.0,118.4,2.500,0.0,False,False,False,2.90,
0,506,2026-01-04 11:50:03.930,10.74,0.71,-224.68,0.00,0.000,0.000,0.000,-6.18,-1.39,-9.59,17.2,34.7,-729.3,88.4,118.4,3.272,0.0,False,False,False,1.16,
0,507,2026-01-04 11:50:04.266,10.53,0.38,-407.11,0.07,0.000,0.000,0.000,-7.68,0.26,-9.72,20.6,31.4,-731.8,86.2,118.4,3.172,0.0,False,False,False,3.03,
0,508,2026-01-04 11:50:04.636,11.58,0.90,58.81,0.00,0.000,0.000,0.000,0.10,-5.63,-10.05,23.9,28.3,-734.8,84.5,118.4,3.087,0.0,False,False,False,0.91,
0,509,2026-01-04 11:50:04.993,12.38,0.32,-227.27,0.00,0.000,0.000,0.000,-5.66,0.59,-8.60,27.6,25.0,-738.3,82.9,118.3,3.666,0.0,False,False,False,1.01,
0,510,2026-01-04 11:50:05.341,13.71,0.99,166.24,0.00,0.000,0.000,0.000,3.39,-5.84,-10.22,31.2,22.3,-742.0,81.7,118.3,3.659,0.0,False,False,False,799.49,
0,511,2026-01-04 11:50:05.684,14.71,0.99,147.40,0.00,0.000,0.000,0.000,6.06,-2.53,-9.60,35.6,19.2,-746.1,79.9,118.3,4.264,0.0,False,False,False,802.24,
0,512,2026-01-04 11:50:06.032,15.30,0.52,-19.39,0.08,0.000,0.000,0.000,2.98,-2.11,-10.09,40.1,16.4,-750.0,77.7,118.2,4.270,0.0,False,False,False,802.14,
0,513,2026-01-04 11:50:06.397,16.15,0.49,178.38,0.00,0.000,0.000,0.000,7.21,-1.75,-9.43,45.6,13.9,-754.6,74.6,118.2,5.002,0.0,False,False,False,801.21,
0,514,2026-01-04 11:50:06.750,16.77,0.84,-167.36,0.00,0.000,0.000,0.000,-4.80,-0.93,-10.79,50.8,12.7,-758.6,71.3,118.2,4.957,0.0,False,False,False,798.33,
0,515,2026-01-04 11:50:07.096,17.77,0.79,143.32,0.00,0.000,0.000,0.000,1.96,-4.24,-10.69,55.6,13.7,-762.5,68.4,118.1,4.594,0.0,False,False,False,799.95,
0,516,2026-01-04 11:50:07.440,18.57,0.50,128.05,0.00,0.000,0.000,0.000,8.13,-2.26,-10.07,61.4,16.5,-766.9,64.6,118.1,5.467,0.0,False,False,False,802.48,
0,517,2026-01-04 11:50:07.787,19.05,0.51,-59.98,0.00,0.000,0.000,0.000,1.65,-1.02,-10.79,67.6,20.5,-771.2,60.1,118.1,5.981,0.0,False,False,False,1.86,
0,518,2026-01-04 11:50:08.158,19.78,0.36,199.58,0.00,0.000,0.000,0.000,6.11,-1.24,-8.95,73.6,25.1,-775.2,55.4,118.0,5.523,0.0,False,False,False,0.83,
0,519,2026-01-04 11:50:08.512,19.60,0.33,-158.44,0.05,0.000,0.000,0.000,-2.00,1.79,-9.41,79.3,29.9,-778.8,50.6,118.0,5.609,0.0,False,False,False,0.37,
0,520,2026-01-04 11:50:08.862,19.45,0.78,-161.09,0.09,0.000,0.000,0.000,-8.33,0.09,-9.00,85.4,35.5,-782.8,46.0,118.0,5.845,0.0,False,False,False,3.00,
0,521,2026-01-04 11:50:09.208,20.29,0.48,236.37,0.00,0.000,0.000,0.000,1.28,-3.15,-10.73,91.7,41.5,-787.3,41.6,117.9,5.936,0.0,False,False,False,1.08,
0,522,2026-01-04 11:50:09.563,20.52,0.78,200.68,0.00,0.000,0.000,0.000,8.11,0.35,-9.89,98.1,47.7,-791.8,36.9,117.8,6.163,0.0,False,False,False,3.23,
0,523,2026-01-04 11:50:09.935,19.87,0.93,-274.02,0.00,0.000,0.000,0.000,0.87,3.33,-8.88,105.1,54.3,-796.0,31.2,117.8,6.402,0.0,False,False,False,1.19,
0,524,2026-01-04 11:50:10.284,19.57,0.39,43.65,0.00,0.000,0.000,0.000,9.20,-1.95,-11.13,111.0,60.0,-799.4,26.0,117.7,5.865,0.0,False,False,False,1.99,
0,525,2026-01-04 11:50:10.632,19.74,0.32,-169.37,0.00,0.000,0.000,0.000,-7.93,-0.20,-9.27,117.0,65.7,-802.4,20.6,117.7,5.915,0.0,False,False,False,0.94,
0,526,2026-01-04 11:50:10.989,20.24,0.41,119.45,0.05,0.000,0.000,0.000,1.48,-2.05,-9.88,122.8,71.4,-805.8,15.6,117.7,5.652,0.0,False,False,False,1.33,
0,527,2026-01-04 11:50:11.334,20.82,0.88,-56.19,0.00,0.000,0.000,0.000,-2.21,-2.12,-9.56,129.1,77.7,-809.3,10.1,117.7,6.166,0.0,False,False,False,3.26,
0,528,2026-01-04 11:50:11.715,21.53,0.98,-128.55,0.00,0.000,0.000,0.000,-8.54,-2.60,-9.47,136.4,84.9,-813.5,4.0,117.7,6.724,0.0,False,False,False,3.46,
0,529,2026-01-04 11:50:12.076,21.99,0.94,-178.39,0.02,0.000,0.000,0.000,-8.33,-1.17,-9.23,143.7,92.1,-818.3,-1.4,117.6,6.921,0.0,False,False,False,3.68,
0,530,2026-01-04 11:50:12.411,22.28,0.48,-78.85,0.00,0.000,0.000,0.000,-9.39,-1.88,-10.10,150.7,99.1,-823.6,-6.1,117.4,6.645,0.0,False,False,False,3.56,
0,531,2026-01-04 11:50:12.748,22.61,0.67,-11.51,0.00,0.000,0.000,0.000,-8.16,-1.97,-8.71,158.0,106.5,-829.7,-10.3,117.3,7.108,0.0,False,False,False,3.67,
0,532,2026-01-04 11:50:13.094,23.46,0.83,114.85,0.06,0.000,0.000,0.000,0.93,-3.24,-9.50,165.4,114.0,-836.5,-13.9,117.2,7.272,0.0,False,False,False,3.03,
0,533,2026-01-04 11:50:13.446,23.71,0.64,37.80,0.02,0.000,0.000,0.000,9.04,-0.92,-9.65,173.4,122.1,-843.6,-18.1,117.0,7.488,0.0,False,False,False,3.85,
0,534,2026-01-04 11:50:13.795,23.39,0.91,-203.58,0.07,0.000,0.000,0.000,-1.56,0.93,-9.39,181.2,129.9,-850.0,-22.6,116.8,7.453,0.0,False,False,False,2.42,
0,535,2026-01-04 11:50:14.137,23.77,0.98,98.75,0.00,0.000,0.000,0.000,-0.11,-3.76,-8.20,187.8,136.5,-855.5,-26.4,116.6,6.274,0.0,False,False,False,2.36,
0,536,2026-01-04 11:50:14.481,24.26,0.72,-140.48,0.06,0.000,0.000,0.000,-1.84,-0.66,-3.39,195.7,144.5,-862.4,-30.5,116.2,7.637,0.0,False,False,False,2.24,
0,537,2026-01-04 11:50:14.818,22.37,0.68,-241.74,0.05,6122.830,0.000,6122.830,16.10,6.33,-10.41,203.4,152.2,-869.2,-34.4,116.1,7.453,0.0,True,False,False,-26.19,CRASH
0,538,2026-01-04 11:50:18.260,2.87,0.39,166.52,0.00,0.000,0.000,0.000,2.45,-1.91,-8.93,1.4,202.0,-718.3,99.8,118.5,0.650,0.0,False,False,False,198.63,
0,539,2026-01-04 11:50:18.613,3.17,0.32,-119.83,0.04,0.000,0.000,0.000,-2.45,-1.33,-10.34,2.3,201.1,-718.9,99.1,118.5,0.869,0.0,False,False,False,-1.00,
0,540,2026-01-04 11:50:18.991,3.72,0.73,63.14,0.00,0.000,0.000,0.000,2.72,-1.90,-10.25,3.2,200.2,-719.6,98.5,118.5,0.861,0.0,False,False,False,-0.11,
0,541,2026-01-04 11:50:19.337,4.11,0.52,-160.92,0.00,0.000,0.000,0.000,-3.38,-1.17,-9.87,4.3,199.0,-720.3,97.7,118.5,1.052,0.0,False,False,False,-0.26,
0,542,2026-01-04 11:50:19.676,4.94,0.96,105.06,0.00,0.000,0.000,0.000,3.38,-3.13,-9.46,5.7,197.7,-721.4,96.8,118.5,1.270,0.0,False,False,False,-0.55,
0,543,2026-01-04 11:50:20.043,5.81,0.86,-100.19,0.07,0.000,0.000,0.000,-2.01,-2.75,-9.37,7.3,196.1,-722.5,95.6,118.5,1.451,0.0,False,False,False,0.27,
0,544,2026-01-04 11:50:20.396,7.21,0.72,99.85,0.00,0.000,0.000,0.000,3.71,-5.84,-9.59,9.0,194.4,-723.7,94.5,118.5,1.623,0.0,False,False,False,0.28,
0,545,2026-01-04 11:50:20.740,8.56,0.68,-193.55,0.00,0.000,0.000,0.000,-4.74,-3.80,-10.37,11.4,192.0,-725.4,92.8,118.5,2.257,0.0,False,False,False,0.26,
0,546,2026-01-04 11:50:21.089,10.11,0.68,166.23,0.00,0.000,0.000,0.000,3.88,-4.97,-10.75,14.2,189.2,-727.6,91.0,118.4,2.643,0.0,False,False,False,-0.29,
0,547,2026-01-04 11:50:21.443,11.08,0.59,-49.48,0.00,0.000,0.000,0.000,-1.70,-2.76,-9.21,17.2,186.2,-729.8,88.9,118.4,2.845,0.0,False,False,False,1.62,
0,548,2026-01-04 11:50:21.819,12.20,0.50,-101.64,0.00,0.000,0.000,0.000,-4.92,-4.33,-9.87,20.7,182.7,-732.4,86.7,118.4,3.111,0.0,False,False,False,3.36,
0,549,2026-01-04 11:50:22.171,13.49,0.58,181.24,0.03,0.000,0.000,0.000,5.38,-3.06,-10.05,24.5,178.9,-735.5,84.3,118.4,3.660,0.0,False,False,False,2.27,
0,550,2026-01-04 11:50:22.521,14.44,0.82,26.90,0.00,0.000,0.000,0.000,4.24,-4.11,-8.83,28.5,174.9,-738.3,81.6,118.3,3.715,0.0,False,False,False,2.92,
0,551,2026-01-04 11:50:22.882,15.19,0.35,201.83,0.00,0.000,0.000,0.000,7.34,-1.94,-9.51,32.9,170.5,-741.2,78.2,118.3,4.218,0.0,False,False,False,803.48,
0,552,2026-01-04 11:50:23.237,15.64,0.61,-168.68,0.00,0.000,0.000,0.000,-3.32,-0.58,-9.44,37.4,166.0,-743.9,74.4,118.3,4.386,0.0,False,False,False,802.38,
0,553,2026-01-04 11:50:23.616,16.70,1.00,94.31,0.00,0.000,0.000,0.000,1.22,-5.79,-8.96,42.2,161.3,-746.8,70.6,118.2,4.282,0.0,False,False,False,803.00,
0,554,2026-01-04 11:50:23.976,16.68,0.30,-160.80,0.07,0.000,0.000,0.000,-6.65,2.60,-11.11,46.7,156.9,-749.7,67.1,118.2,4.216,0.0,False,False,False,802.59,
0,555,2026-01-04 11:50:24.335,16.86,0.33,-80.91,0.00,0.000,0.000,0.000,-6.35,-0.92,-7.59,51.4,152.2,-753.0,63.8,118.2,4.456,0.0,False,False,False,799.22,
0,556,2026-01-04 11:50:24.699,17.22,0.69,-196.26,0.05,0.000,0.000,0.000,-8.89,-1.79,-9.39,56.2,147.4,-756.8,60.9,118.2,4.538,0.0,False,False,False,798.43,
0,557,2026-01-04 11:50:25.055,17.71,0.50,-218.96,0.00,0.000,0.000,0.000,-7.81,-2.04,-8.07,60.9,142.5,-761.1,58.4,118.1,4.648,0.0,False,False,False,799.63,
0,558,2026-01-04 11:50:25.437,18.34,0.42,-108.80,0.00,0.000,0.000,0.000,-8.54,-2.19,-8.90,66.5,136.9,-766.7,56.2,118.1,5.415,0.0,False,False,False,799.29,
0,559,2026-01-04 11:50:25.783,19.33,0.71,-12.74,0.00,0.000,0.000,0.000,-4.25,-3.37,-9.75,72.1,131.4,-772.8,54.8,118.0,5.946,0.0,False,False,False,-0.64,
0,560,2026-01-04 11:50:26.141,19.93,0.56,157.68,0.00,285.149,0.000,285.149,3.13,-0.01,-24.79,77.6,126.1,-778.9,53.6,118.1,5.936,0.0,True,False,False,-31.34,CRASH
0,561,2026-01-04 11:50:29.586,5.12,0.96,-156.23,0.02,0.000,0.000,0.000,-2.38,-1.74,-9.19,6.7,71.9,-719.9,94.6,118.5,1.072,0.0,False,False,False,198.58,
0,562,2026-01-04 11:50:29.950,5.83,0.64,-273.78,0.00,0.000,0.000,0.000,-5.08,-2.67,-9.24,8.1,70.6,-720.7,93.4,118.5,1.365,0.0,False,False,False,1.62,
0,563,2026-01-04 11:50:30.309,7.09,0.97,80.42,0.02,0.000,0.000,0.000,3.35,-5.69,-10.47,9.7,69.1,-721.7,92.2,118.5,1.506,0.0,False,False,False,-0.42,
0,564,2026-01-04 11:50:30.664,8.21,0.96,-139.82,0.09,0.000,0.000,0.000,-3.66,-3.42,-9.46,11.8,67.0,-723.0,90.4,118.5,2.067,0.0,False,False,False,0.40,
0,565,2026-01-04 11:50:31.010,9.39,0.41,100.31,0.01,0.000,0.000,0.000,3.70,-4.28,-9.32,14.3,64.6,-724.6,88.5,118.4,2.352,0.0,False,False,False,1.12,
0,566,2026-01-04 11:50:31.376,10.41,0.51,-91.41,0.00,0.000,0.000,0.000,-3.24,-2.99,-9.78,17.2,61.8,-726.4,86.1,118.4,2.667,0.0,False,False,False,1.93,
0,567,2026-01-04 11:50:31.743,11.56,0.68,131.40,0.00,0.000,0.000,0.000,4.29,-1.59,-9.35,20.5,58.7,-728.4,83.5,118.4,3.129,0.0,False,False,False,2.40,
0,568,2026-01-04 11:50:32.092,11.79,0.47,-146.10,0.00,0.000,0.000,0.000,-1.44,0.67,-10.60,24.2,55.3,-730.7,80.6,118.4,3.510,0.0,False,False,False,2.49,
0,569,2026-01-04 11:50:32.436,12.10,0.79,-174.55,0.00,0.000,0.000,0.000,-7.67,-0.94,-8.70,27.8,52.0,-733.0,77.9,118.4,3.379,0.0,False,False,False,3.61,
0,570,2026-01-04 11:50:32.795,5.25,0.78,81.73,0.07,58517.879,0.000,58517.879,5.93,-0.77,-5.79,29.6,49.9,-734.9,76.9,118.3,1.940,0.0,True,False,False,770.95,CRASH
0,571,2026-01-04 11:50:36.267,2.78,0.32,147.59,0.00,0.000,0.000,0.000,2.07,-1.33,-9.56,1.2,28.4,-718.2,99.9,118.5,0.585,0.0,False,False,False,200.88,
0,572,2026-01-04 11:50:36.620,3.19,0.63,-117.12,0.02,0.000,0.000,0.000,-2.05,-1.50,-9.10,2.1,27.5,-718.8,99.2,118.5,0.850,0.0,False,False,False,-1.04,
0,573,2026-01-04 11:50:36.976,3.75,0.39,9.42,0.00,0.000,0.000,0.000,0.30,-2.08,-9.96,3.2,26.5,-719.5,98.5,118.5,0.982,0.0,False,False,False,0.30,
0,574,2026-01-04 11:50:37.320,4.29,0.67,101.10,0.00,0.000,0.000,0.000,2.14,-1.81,-10.12,4.3,25.4,-720.3,97.7,118.5,1.007,0.0,False,False,False,1.31,
0,575,2026-01-04 11:50:37.678,4.79,0.75,-140.95,0.00,0.000,0.000,0.000,-3.30,-1.66,-9.93,5.5,24.2,-721.1,96.8,118.5,1.136,0.0,False,False,False,-0.14,
0,576,2026-01-04 11:50:38.052,5.54,0.44,-284.95,0.00,0.000,0.000,0.000,-4.77,-2.05,-10.15,6.9,22.9,-722.2,96.0,118.5,1.293,0.0,False,False,False,1.56,
0,577,2026-01-04 11:50:38.404,7.08,0.59,145.38,0.00,0.000,0.000,0.000,4.12,-5.17,-10.93,8.7,21.2,-723.9,95.0,118.5,1.780,0.0,False,False,False,-0.68,
0,578,2026-01-04 11:50:38.777,8.42,0.94,373.69,0.00,0.000,0.000,0.000,6.62,-4.29,-8.78,10.8,19.2,-725.4,93.7,118.4,1.950,0.0,False,False,False,2.23,
0,579,2026-01-04 11:50:39.126,9.32,0.49,236.98,0.00,0.000,0.000,0.000,7.56,-3.69,-9.76,13.4,16.6,-727.0,91.6,118.4,2.488,0.0,False,False,False,2.15,
0,580,2026-01-04 11:50:39.467,10.21,0.54,-130.60,0.00,0.000,0.000,0.000,-2.92,-2.93,-9.32,16.2,13.7,-728.4,89.0,118.4,2.783,0.0,False,False,False,1.32,
0,581,2026-01-04 11:50:39.826,11.33,0.51,144.64,0.01,0.000,0.000,0.000,4.85,-4.09,-10.20,19.4,10.5,-730.1,86.3,118.4,2.868,0.0,False,False,False,1.19,
0,582,2026-01-04 11:50:40.183,11.84,0.40,130.74,0.08,0.000,0.000,0.000,5.90,-1.17,-10.00,22.7,7.0,-731.6,83.1,118.3,3.294,0.0,False,False,False,2.75,
0,583,2026-01-04 11:50:40.542,12.53,0.50,250.29,0.00,0.000,0.000,0.000,7.96,-3.03,-10.90,25.8,3.9,-732.5,80.0,118.3,3.047,0.0,False,False,False,2.86,
0,584,2026-01-04 11:50:40.891,12.45,0.40,-51.51,0.00,0.000,0.000,0.000,-2.97,-1.85,-15.68,28.6,1.9,-733.0,76.9,118.4,2.926,0.0,False,False,False,1.27,
0,585,2026-01-04 11:50:41.250,6.74,0.74,116.30,0.00,5205.533,0.000,5205.533,1.31,32.19,1.57,30.9,3.6,-732.8,74.0,118.5,2.739,0.0,True,False,False,771.43,CRASH
0,586,2026-01-04 11:50:44.690,8.19,0.94,109.41,0.00,0.000,0.000,0.000,3.32,-5.40,-10.00,11.1,19.9,-722.1,90.7,118.5,2.096,0.0,False,False,False,202.10,
0,587,2026-01-04 11:50:45.039,9.67,0.83,-110.77,0.00,0.000,0.000,0.000,-3.43,-4.43,-9.13,13.8,17.3,-723.0,88.2,118.5,2.551,0.0,False,False,False,1.06,
0,588,2026-01-04 11:50:45.386,10.60,0.37,51.80,0.00,0.000,0.000,0.000,2.01,-3.22,-7.52,16.7,14.4,-724.2,85.6,118.5,2.714,0.0,False,False,False,1.61,
0,589,2026-01-04 11:50:45.724,11.05,0.38,243.75,0.00,0.000,0.000,0.000,7.99,-2.33,-5.47,19.9,11.3,-725.4,82.6,118.5,3.073,0.0,False,False,False,1.42,
0,590,2026-01-04 11:50:46.074,6.42,0.95,289.17,0.01,35567.287,0.000,35567.287,5.69,2.22,-6.10,22.3,9.0,-726.6,80.5,118.5,2.224,0.0,True,False,False,-27.74,CRASH
0,591,2026-01-04 11:50:49.498,2.85,0.30,138.39,0.05,0.000,0.000,0.000,1.92,-1.88,-8.84,1.5,20.9,-718.4,99.7,118.5,0.659,0.0,False,False,False,200.96,
0,592,2026-01-04 11:50:49.852,3.39,0.69,275.74,0.01,0.000,0.000,0.000,1.26,-1.68,-9.47,2.5,20.0,-718.9,98.9,118.5,0.886,0.0,False,False,False,1.18,
0,593,2026-01-04 11:50:50.193,3.49,0.92,-121.55,0.07,0.000,0.000,0.000,-3.51,-0.61,-9.75,3.5,18.9,-719.5,98.0,118.5,0.986,0.0,False,False,False,-1.16,
0,594,2026-01-04 11:50:50.542,4.31,0.71,-234.30,0.00,0.000,0.000,0.000,-2.11,-3.10,-10.10,4.7,17.8,-720.4,97.2,118.5,1.156,0.0,False,False,False,1.45,
0,595,2026-01-04 11:50:50.900,5.49,0.80,-36.57,0.07,0.000,0.000,0.000,0.45,-4.44,-9.94,6.1,16.7,-721.4,96.3,118.5,1.307,0.0,False,False,False,0.92,
0,596,2026-01-04 11:50:51.273,6.96,0.64,165.32,0.10,0.000,0.000,0.000,4.46,-4.52,-9.84,8.0,14.9,-722.8,94.9,118.5,1.779,0.0,False,False,False,1.22,
0,597,2026-01-04 11:50:51.634,8.04,0.39,-135.24,0.00,0.000,0.000,0.000,-4.46,-2.68,-9.93,10.4,12.8,-724.4,93.1,118.5,2.278,0.0,False,False,False,0.98,
0,598,2026-01-04 11:50:51.976,9.19,0.41,68.54,0.00,0.000,0.000,0.000,2.81,-4.33,-9.73,12.8,11.0,-726.2,91.5,118.4,2.292,0.0,False,False,False,1.50,
0,599,2026-01-04 11:50:52.340,10.58,0.86,-139.33,0.00,0.000,0.000,0.000,-4.92,-3.89,-9.91,16.0,9.0,-728.4,89.3,118.4,2.978,0.0,False,False,False,2.30,
0,600,2026-01-04 11:50:52.683,12.05,0.91,98.85,0.01,0.000,0.000,0.000,3.58,-5.14,-9.70,19.3,8.0,-731.0,87.1,118.4,3.202,0.0,False,False,False,2.21,
0,601,2026-01-04 11:50:53.042,12.79,0.50,-147.19,0.00,0.000,0.000,0.000,-4.89,-1.60,-8.65,23.3,8.4,-734.0,84.5,118.4,3.562,0.0,False,False,False,3.41,
0,602,2026-01-04 11:50:53.380,13.75,0.31,182.65,0.03,0.000,0.000,0.000,4.58,-2.32,-10.03,27.3,10.6,-737.1,82.0,118.3,3.767,0.0,False,False,False,2.85,
0,603,2026-01-04 11:50:53.728,14.21,0.34,-40.08,0.00,0.000,0.000,0.000,0.36,-1.06,-9.42,31.7,13.8,-740.3,78.9,118.3,4.205,0.0,False,False,False,805.01,
0,604,2026-01-04 11:50:54.090,15.22,0.61,236.96,0.00,0.000,0.000,0.000,7.56,-2.62,-10.11,36.6,17.8,-743.7,75.4,118.3,4.676,0.0,False,False,False,805.24,
0,605,2026-01-04 11:50:54.443,16.12,0.91,83.09,0.00,0.000,0.000,0.000,7.47,-3.32,-8.88,41.2,21.7,-746.5,71.6,118.2,4.442,0.0,False,False,False,806.05,
0,606,2026-01-04 11:50:54.816,16.32,0.50,-199.96,0.06,0.000,0.000,0.000,-7.46,0.97,-10.72,46.5,26.4,-749.3,67.0,118.2,4.912,0.0,False,False,False,805.82,
0,607,2026-01-04 11:50:55.173,16.72,0.34,196.35,0.08,0.000,0.000,0.000,3.39,-1.71,-7.81,51.7,31.3,-752.3,62.8,118.2,4.934,0.0,False,False,False,799.24,
0,608,2026-01-04 11:50:55.509,16.88,0.59,231.65,0.05,0.000,0.000,0.000,7.85,-0.33,-10.56,56.7,35.9,-755.0,58.5,118.1,4.763,0.0,False,False,False,802.57,
0,609,2026-01-04 11:50:55.853,16.95,0.85,57.50,0.00,0.000,0.000,0.000,4.61,0.77,-9.95,61.5,40.5,-757.0,53.8,118.1,4.816,0.0,False,False,False,801.83,
0,610,2026-01-04 11:50:56.201,17.16,0.50,-193.25,0.00,0.000,0.000,0.000,0.08,-0.86,-4.13,66.8,45.5,-758.8,48.4,118.3,5.417,0.0,False,False,False,801.44,
0,611,2026-01-04 11:50:56.562,11.94,0.93,-99.31,0.06,6907.028,0.000,6907.028,-0.35,1.80,-14.63,70.8,49.4,-761.1,45.2,118.2,3.396,0.0,True,False,False,-28.03,CRASH
0,612,2026-01-04 11:50:59.962,2.81,0.39,-116.36,0.03,0.000,0.000,0.000,-1.27,-1.47,-10.97,1.6,69.2,-718.5,99.7,118.5,0.782,0.0,False,False,False,201.07,
0,613,2026-01-04 11:51:00.318,3.33,0.86,-148.63,0.00,0.000,0.000,0.000,-0.84,-1.62,-10.21,2.5,68.3,-719.2,99.1,118.5,0.874,0.0,False,False,False,1.16,
0,614,2026-01-04 11:51:00.672,3.82,0.39,-181.49,0.00,0.000,0.000,0.000,-1.92,-1.50,-10.70,3.5,67.4,-720.0,98.6,118.5,0.957,0.0,False,False,False,1.22,
0,615,2026-01-04 11:51:01.030,4.27,0.63,13.01,0.09,0.000,0.000,0.000,1.83,-1.72,-10.44,4.6,66.3,-721.0,98.0,118.5,1.077,0.0,False,False,False,0.55,
0,616,2026-01-04 11:51:01.384,4.92,0.67,126.24,0.07,0.000,0.000,0.000,2.42,-2.96,-9.57,5.8,65.1,-722.0,97.3,118.5,1.145,0.0,False,False,False,0.70,
0,617,2026-01-04 11:51:01.760,5.66,0.40,-155.32,0.06,0.000,0.000,0.000,-3.79,-2.22,-9.01,7.4,63.7,-723.2,96.3,118.5,1.346,0.0,False,False,False,-0.69,
0,618,2026-01-04 11:51:02.123,7.05,0.82,72.11,0.00,0.000,0.000,0.000,2.88,-6.20,-10.59,9.0,62.1,-724.6,95.5,118.5,1.571,0.0,False,False,False,-0.07,
0,619,2026-01-04 11:51:02.474,8.45,0.46,95.62,0.00,0.000,0.000,0.000,2.43,-4.19,-9.90,11.2,60.0,-726.3,94.1,118.4,2.092,0.0,False,False,False,2.33,
0,620,2026-01-04 11:51:02.814,9.41,0.43,-6.48,0.00,0.000,0.000,0.000,-0.27,-3.26,-9.65,13.6,57.7,-728.2,92.6,118.4,2.244,0.0,False,False,False,2.60,
0,621,2026-01-04 11:51:03.177,10.15,0.40,-149.56,0.00,0.000,0.000,0.000,-5.15,-1.95,-9.81,16.2,55.2,-730.2,90.9,118.4,2.461,0.0,False,False,False,2.02,
0,622,2026-01-04 11:51:03.553,11.18,0.37,190.31,0.01,0.000,0.000,0.000,6.07,-1.91,-9.89,19.9,51.8,-733.3,88.9,118.4,3.385,0.0,False,False,False,1.43,
0,623,2026-01-04 11:51:03.892,11.61,0.31,141.91,0.00,0.000,0.000,0.000,6.20,-1.37,-8.27,23.3,48.5,-735.9,86.6,118.4,3.218,0.0,False,False,False,2.71,
0,624,2026-01-04 11:51:04.235,12.07,0.55,257.28,0.01,0.000,0.000,0.000,7.99,-1.39,-9.78,26.2,45.6,-737.8,84.4,118.3,2.766,0.0,False,False,False,3.05,
0,625,2026-01-04 11:51:04.594,12.61,0.99,-113.64,0.01,0.000,0.000,0.000,-0.60,-1.52,-9.37,29.4,42.3,-739.5,81.6,118.3,3.099,0.0,False,False,False,801.44,
0,626,2026-01-04 11:51:04.949,12.67,0.40,-279.39,0.00,0.000,0.000,0.000,-8.15,-0.22,-8.98,32.8,38.7,-741.5,78.6,118.3,3.375,0.0,False,False,False,803.67,
0,627,2026-01-04 11:51:05.332,13.12,0.39,-182.65,0.00,0.000,0.000,0.000,-8.53,-2.12,-9.37,36.7,35.0,-744.3,75.9,118.3,3.428,0.0,False,False,False,803.68,
0,628,2026-01-04 11:51:05.697,13.84,0.81,-159.49,0.00,0.000,0.000,0.000,-9.67,-2.44,-9.75,40.9,31.3,-747.8,73.5,118.3,4.048,0.0,False,False,False,803.51,
0,629,2026-01-04 11:51:06.049,14.83,0.49,248.42,0.00,0.000,0.000,0.000,4.92,-1.62,-8.60,45.5,27.8,-752.1,71.5,118.2,4.534,0.0,False,False,False,799.03,
0,630,2026-01-04 11:51:06.393,15.41,0.91,-165.50,0.00,0.000,0.000,0.000,-3.00,-1.55,-10.00,50.2,24.4,-756.3,69.1,118.2,4.541,0.0,False,False,False,797.24,
0,631,2026-01-04 11:51:06.731,15.78,0.85,-144.14,0.06,0.000,0.000,0.000,-7.19,-0.27,-8.20,54.8,21.9,-760.5,67.1,118.2,4.424,0.0,False,False,False,800.10,
0,632,2026-01-04 11:51:07.087,16.35,0.33,-13.96,0.00,0.000,0.000,0.000,-7.02,-1.86,-11.31,60.1,20.8,-765.9,65.4,118.1,5.090,0.0,False,False,False,800.00,
0,633,2026-01-04 11:51:07.423,16.44,0.51,60.56,0.00,0.000,0.000,0.000,2.10,0.39,-3.47,65.2,21.4,-771.2,64.1,118.3,5.203,0.0,False,False,False,1.78,
0,634,2026-01-04 11:51:07.766,13.13,0.49,169.28,0.00,6714.415,0.000,6714.415,15.29,9.35,-7.86,69.9,22.3,-775.6,62.2,118.2,4.553,0.0,True,False,False,-28.42,CRASH
0,635,2026-01-04 11:51:11.188,6.43,0.79,-26.96,0.01,0.000,0.000,0.000,-0.73,-3.03,-10.30,9.8,60.9,-722.9,92.7,118.5,1.800,0.0,False,False,False,202.08,
0,636,2026-01-04 11:51:11.547,7.44,0.39,113.73,0.00,0.000,0.000,0.000,3.14,-3.52,-9.69,11.8,59.1,-724.0,91.1,118.4,1.855,0.0,False,False,False,1.26,
0,637,2026-01-04 11:51:11.907,8.79,0.70,-13.05,0.00,0.000,0.000,0.000,-0.84,-4.81,-9.50,14.5,56.8,-725.4,88.7,118.4,2.566,0.0,False,False,False,1.96,
0,638,2026-01-04 11:51:12.259,10.00,0.89,-193.12,0.07,0.000,0.000,0.000,-5.82,-3.00,-10.12,17.6,54.1,-727.1,86.1,118.4,3.001,0.0,False,False,False,2.14,
0,639,2026-01-04 11:51:12.613,11.40,0.62,140.50,0.00,0.000,0.000,0.000,3.98,-5.19,-9.76,20.8,51.2,-729.2,83.7,118.4,3.028,0.0,False,False,False,1.00,
0,640,2026-01-04 11:51:12.986,12.16,0.50,297.74,0.00,0.000,0.000,0.000,12.03,-0.35,-10.61,24.6,48.1,-731.2,80.5,118.4,3.362,0.0,False,False,False,3.49,
0,641,2026-01-04 11:51:13.341,11.65,0.97,-137.78,0.00,0.026,0.026,0.026,2.12,1.92,-8.20,28.3,45.4,-732.7,77.1,118.5,3.575,0.0,False,False,False,1.60,
0,642,2026-01-04 11:51:13.686,2.94,0.79,-65.50,0.00,53115.703,0.000,53115.703,-4.59,0.23,-13.13,28.7,45.5,-732.4,76.4,118.5,0.605,0.0,True,False,False,-29.67,CRASH
0,643,2026-01-04 11:51:17.099,7.87,0.46,-101.95,0.00,0.000,0.000,0.000,-2.52,-3.79,-9.78,10.6,19.1,-725.6,94.2,118.5,2.075,0.0,False,False,False,202.14,
0,644,2026-01-04 11:51:17.449,9.29,0.49,215.38,0.00,0.000,0.000,0.000,5.95,-3.84,-10.35,13.3,16.9,-727.8,92.6,118.4,2.580,0.0,False,False,False,0.79,
0,645,2026-01-04 11:51:17.795,10.52,0.93,-116.56,0.00,0.000,0.000,0.000,-2.19,-4.23,-9.16,16.3,14.5,-730.0,90.6,118.4,2.814,0.0,False,False,False,0.54,
0,646,2026-01-04 11:51:18.144,11.94,0.60,33.33,0.00,0.000,0.000,0.000,1.48,-4.03,-11.05,20.0,11.9,-732.9,88.3,118.4,3.561,0.0,False,False,False,2.60,
0,647,2026-01-04 11:51:18.492,12.88,0.50,-230.65,0.00,0.000,0.000,0.000,-6.18,-2.31,-9.29,23.9,10.1,-736.0,85.8,118.4,3.746,0.0,False,False,False,1.79,
0,648,2026-01-04 11:51:18.854,13.52,0.63,-175.99,0.00,0.000,0.000,0.000,-9.72,-1.31,-10.33,28.3,10.4,-739.8,83.7,118.3,3.981,0.0,False,False,False,4.29,
0,649,2026-01-04 11:51:19.201,14.69,0.73,53.34,0.05,0.000,0.000,0.000,-2.37,-4.47,-9.74,32.8,13.1,-744.3,82.1,118.3,4.446,0.0,False,False,False,804.44,
0,650,2026-01-04 11:51:19.542,15.15,0.61,-186.34,0.06,0.000,0.000,0.000,-6.43,0.01,-10.35,37.5,17.2,-749.1,80.8,118.3,4.766,0.0,False,False,False,803.32,
0,651,2026-01-04 11:51:19.885,15.26,0.60,-83.37,0.00,125.955,0.000,125.955,4.84,2.88,-14.13,42.0,21.8,-753.9,80.1,118.4,4.580,0.0,True,False,False,772.58,CRASH
0,652,2026-01-04 11:51:23.314,2.99,0.58,195.53,0.00,0.000,0.000,0.000,1.28,-2.50,-10.60,1.6,40.5,-718.4,99.6,118.5,0.805,0.0,False,False,False,199.39,
0,653,2026-01-04 11:51:23.664,3.24,0.57,-135.99,0.05,0.000,0.000,0.000,-2.63,-0.02,-9.69,2.5,39.6,-719.0,98.9,118.5,0.843,0.0,False,False,False,-1.31,
0,654,2026-01-04 11:51:24.026,3.79,0.85,-11.11,0.00,0.000,0.000,0.000,0.70,-2.02,-10.63,3.5,38.7,-719.7,98.3,118.5,0.932,0.0,False,False,False,0.03,
0,655,2026-01-04 11:51:24.385,4.62,0.68,-10.14,0.00,0.000,0.000,0.000,0.14,-3.29,-9.10,4.7,37.6,-720.5,97.4,118.5,1.120,0.0,False,False,False,1.42,
0,656,2026-01-04 11:51:24.754,5.58,0.65,-212.97,0.07,0.000,0.000,0.000,-3.82,-2.41,-9.95,6.3,36.0,-721.7,96.3,118.5,1.537,0.0,False,False,False,0.77,
0,657,2026-01-04 11:51:25.139,7.31,0.65,-86.98,0.00,0.000,0.000,0.000,-0.97,-5.46,-10.77,8.4,33.9,-723.5,95.1,118.5,1.934,0.0,False,False,False,1.40,
0,658,2026-01-04 11:51:25.483,8.65,0.95,-251.63,0.00,0.000,0.000,0.000,-6.33,-3.32,-9.39,10.7,31.5,-725.6,94.0,118.5,2.286,0.0,False,False,False,1.52,
0,659,2026-01-04 11:51:25.838,10.57,0.95,112.58,0.00,0.000,0.000,0.000,3.10,-5.97,-9.69,13.8,28.3,-728.6,92.8,118.4,3.041,0.0,False,False,False,0.99,
0,660,2026-01-04 11:51:26.175,11.52,0.81,259.41,0.10,0.000,0.000,0.000,7.96,-1.40,-10.21,17.3,24.8,-731.7,91.2,118.4,3.353,0.0,False,False,False,3.27,
0,661,2026-01-04 11:51:26.515,12.34,0.50,-169.41,0.00,0.000,0.000,0.000,-3.78,-2.27,-9.98,21.2,20.9,-734.9,88.9,118.4,3.785,0.0,False,False,False,1.72,
0,662,2026-01-04 11:51:26.882,12.98,0.96,-90.33,0.09,0.000,0.000,0.000,-5.15,-2.72,-8.27,25.2,16.9,-738.4,86.9,118.4,3.561,0.0,False,False,False,2.63,
0,663,2026-01-04 11:51:27.233,14.65,0.88,6.43,0.00,0.000,0.000,0.000,-0.73,-4.35,-9.99,29.8,12.3,-742.5,85.0,118.3,4.383,0.0,False,False,False,3.62,
0,664,2026-01-04 11:51:27.577,15.32,0.64,-188.05,0.00,0.000,0.000,0.000,-7.96,-0.71,-9.93,34.7,7.3,-747.2,83.1,118.3,4.779,0.0,False,False,False,802.21,
0,665,2026-01-04 11:51:27.921,15.58,0.34,121.32,0.00,0.006,0.006,0.006,3.22,0.67,-14.54,39.7,2.4,-752.2,81.8,118.4,4.926,0.0,False,False,False,800.17,
0,666,2026-01-04 11:51:28.271,13.72,0.67,-135.91,0.00,5000.000,0.000,5000.000,-5.95,1.24,-9.49,44.5,3.2,-757.0,80.6,118.4,4.708,0.0,True,False,False,770.59,CRASH
0,667,2026-01-04 11:51:31.690,6.38,0.34,179.47,0.08,0.000,0.000,0.000,4.15,-1.45,-9.63,9.0,35.6,-724.9,96.1,118.5,1.628,0.0,False,False,False,199.68,
0,668,2026-01-04 11:51:32.037,7.26,0.41,336.91,0.00,0.000,0.000,0.000,6.22,-2.25,-10.18,11.0,33.7,-726.4,94.6,118.4,1.935,0.0,False,False,False,2.32,
0,669,2026-01-04 11:51:32.401,7.95,0.93,-74.94,0.04,0.000,0.000,0.000,-2.03,-2.22,-8.75,12.9,32.0,-727.6,93.0,118.4,1.912,0.0,False,False,False,-0.35,
0,670,2026-01-04 11:51:32.739,9.13,0.75,114.91,0.10,0.000,0.000,0.000,4.74,-4.32,-9.61,15.3,29.8,-729.1,90.9,118.4,2.413,0.0,False,False,False,1.08,
0,671,2026-01-04 11:51:33.091,10.34,0.78,-107.19,0.00,0.000,0.000,0.000,-4.13,-3.75,-9.86,18.0,27.6,-730.6,88.6,118.4,2.616,0.0,False,False,False,2.16,
0,672,2026-01-04 11:51:33.458,11.86,0.74,205.21,0.00,0.000,0.000,0.000,6.32,-2.92,-8.86,21.7,24.8,-732.8,85.6,118.4,3.367,0.0,False,False,False,2.08,
0,673,2026-01-04 11:51:33.810,12.76,0.50,-66.02,0.00,0.000,0.000,0.000,-1.79,-3.47,-9.36,25.4,22.4,-734.7,82.2,118.3,3.685,0.0,False,False,False,2.40,
0,674,2026-01-04 11:51:34.161,13.85,0.51,22.41,0.02,0.000,0.000,0.000,0.95,-4.37,-10.25,28.7,20.8,-736.3,79.3,118.3,3.112,0.0,False,False,False,803.42,
0,675,2026-01-04 11:51:34.520,14.61,0.67,-195.38,0.00,0.000,0.000,0.000,-6.17,-1.41,-8.62,32.9,19.2,-738.5,75.6,118.3,4.054,0.0,False,False,False,802.98,
0,676,2026-01-04 11:51:34.873,15.67,0.50,136.41,0.00,0.000,0.000,0.000,2.78,-3.77,-10.19,37.4,18.1,-741.1,72.0,118.3,4.283,0.0,False,False,False,802.29,
0,677,2026-01-04 11:51:35.245,15.75,0.85,174.63,0.07,0.000,0.000,0.000,4.87,2.95,-12.34,42.6,18.6,-743.9,67.5,118.2,4.758,0.0,False,False,False,806.08,
0,678,2026-01-04 11:51:35.592,15.59,0.50,-157.11,0.00,27.810,0.000,27.810,6.83,1.84,2.37,47.0,20.5,-745.8,63.4,118.4,4.203,0.0,True,False,True,772.47,CRASH
0,679,2026-01-04 11:51:39.001,9.49,0.64,-45.66,0.00,0.000,0.000,0.000,-1.67,-4.89,-9.55,13.5,35.4,-729.5,94.8,118.5,2.628,0.0,False,False,False,201.58,
0,680,2026-01-04 11:51:39.353,11.12,0.84,-71.69,0.00,0.000,0.000,0.000,-3.05,-4.94,-9.76,17.0,32.9,-732.7,93.6,118.4,3.282,0.0,False,False,False,2.86,
0,681,2026-01-04 11:51:39.718,12.13,0.47,175.98,0.00,0.000,0.000,0.000,5.93,-2.42,-10.36,20.0,30.9,-735.6,92.6,118.4,2.929,0.0,False,False,False,0.28,
0,682,2026-01-04 11:51:40.068,12.73,0.76,48.54,0.06,0.000,0.000,0.000,3.81,-2.56,-9.45,23.8,28.5,-739.0,91.1,118.4,3.511,0.0,False,False,False,1.65,
0,683,2026-01-04 11:51:40.432,13.84,0.50,252.20,0.00,0.000,0.000,0.000,7.88,-3.09,-9.78,27.7,25.8,-742.4,89.0,118.3,3.769,0.0,False,False,False,1.51,
0,684,2026-01-04 11:51:40.817,14.74,0.94,142.31,0.00,0.000,0.000,0.000,7.19,-2.88,-9.03,31.9,22.8,-745.7,86.2,118.3,3.822,0.0,False,False,False,2.48,
0,685,2026-01-04 11:51:41.170,15.67,0.65,17.50,0.00,0.000,0.000,0.000,6.30,-3.14,-11.04,36.2,19.6,-748.7,82.9,118.3,4.306,0.0,False,False,False,803.82,
0,686,2026-01-04 11:51:41.517,16.40,0.69,93.90,0.05,0.000,0.000,0.000,6.17,-2.54,-9.58,40.1,16.9,-751.3,79.4,118.2,4.013,0.0,False,False,False,803.54,
0,687,2026-01-04 11:51:41.871,16.94,0.54,-32.25,0.02,0.000,0.000,0.000,-0.04,-1.59,-9.33,44.4,14.4,-753.8,75.4,118.2,4.462,0.0,False,False,False,803.36,
0,688,2026-01-04 11:51:42.238,17.55,0.41,110.11,0.03,0.000,0.000,0.000,6.06,-1.88,-8.91,48.9,13.1,-756.3,71.2,118.2,4.611,0.0,False,False,False,801.29,
0,689,2026-01-04 11:51:42.615,17.94,0.50,-161.87,0.00,0.000,0.000,0.000,-2.31,-0.13,-10.41,53.8,13.4,-758.8,66.5,118.2,4.755,0.0,False,False,False,799.80,
0,690,2026-01-04 11:51:42.967,18.92,0.50,94.88,0.00,0.000,0.000,0.000,0.78,-4.69,-9.11,58.7,15.7,-761.4,62.0,118.1,4.885,0.0,False,False,False,800.48,
0,691,2026-01-04 11:51:43.322,19.18,0.36,-163.47,0.00,0.000,0.000,0.000,-4.80,0.97,-9.45,63.6,19.1,-764.0,57.6,118.1,4.803,0.0,False,False,False,800.17,
0,692,2026-01-04 11:51:43.684,20.08,0.65,135.66,0.00,0.000,0.000,0.000,1.07,-4.01,-10.04,69.3,24.0,-767.3,52.8,118.0,5.533,0.0,False,False,False,0.51,
0,693,2026-01-04 11:51:44.044,20.67,0.65,97.50,0.00,0.000,0.000,0.000,9.00,-1.97,-12.37,74.9,29.0,-770.3,47.8,118.0,5.442,0.0,False,False,False,3.11,
0,694,2026-01-04 11:51:44.420,20.82,0.70,152.33,0.00,0.000,0.000,0.000,9.97,-1.71,-8.98,81.0,34.7,-772.9,41.8,118.0,5.879,0.0,False,False,False,3.19,
0,695,2026-01-04 11:51:44.760,20.33,0.94,118.76,0.00,1601.047,0.000,1601.047,9.54,9.03,-1.04,86.3,39.6,-774.5,36.2,117.9,5.509,0.0,True,False,False,-27.04,CRASH
0,696,2026-01-04 11:51:48.195,7.91,0.87,-49.13,0.04,231.278,0.000,231.278,-0.33,-4.69,-5.50,11.8,75.3,-721.7,89.8,118.5,2.276,0.0,True,False,False,171.08,CRASH
0,697,2026-01-04 11:51:51.614,2.76,0.34,-148.92,0.01,0.000,0.000,0.000,-1.13,-1.51,-10.55,1.4,10.5,-718.4,99.8,118.5,0.722,0.0,False,False,False,200.19,
0,698,2026-01-04 11:51:51.963,3.28,0.48,-246.35,0.00,0.000,0.000,0.000,-1.16,-1.45,-10.32,2.4,9.8,-719.1,99.3,118.5,0.910,0.0,False,False,False,1.18,
0,699,2026-01-04 11:51:52.316,3.91,0.90,124.53,0.00,0.000,0.000,0.000,2.93,-2.39,-9.51,3.4,9.1,-720.0,98.7,118.5,0.958,0.0,False,False,False,-1.01,
0,700,2026-01-04 11:51:52.676,4.53,0.76,50.97,0.00,0.000,0.000,0.000,0.07,-2.96,-8.85,4.4,8.3,-720.8,98.0,118.5,0.987,0.0,False,False,False,0.21,
0,701,2026-01-04 11:51:53.024,5.25,0.34,-182.12,0.00,0.000,0.000,0.000,-3.66,-2.04,-9.88,5.7,7.4,-721.8,97.2,118.5,1.234,0.0,False,False,False,-0.04,
0,702,2026-01-04 11:51:53.380,6.54,0.73,-129.34,0.00,0.000,0.000,0.000,-1.79,-4.98,-9.75,7.5,6.8,-723.3,96.3,118.5,1.567,0.0,False,False,False,0.92,
0,703,2026-01-04 11:51:53.738,7.79,0.39,160.58,0.00,0.000,0.000,0.000,4.50,-4.65,-9.69,9.4,6.5,-725.0,95.4,118.5,1.805,0.0,False,False,False,-0.01,
0,704,2026-01-04 11:51:54.094,9.09,0.72,-137.87,0.00,0.000,0.000,0.000,-3.10,-4.31,-8.86,11.9,6.9,-727.1,94.0,118.5,2.404,0.0,False,False,False,0.95,
0,705,2026-01-04 11:51:54.449,9.63,0.44,-351.54,0.01,0.000,0.000,0.000,-7.19,0.63,-8.31,14.9,8.6,-729.8,92.7,118.4,2.852,0.0,False,False,False,4.10,
0,706,2026-01-04 11:51:54.788,10.01,0.44,-162.67,0.08,0.000,0.000,0.000,-7.97,-2.39,-11.03,17.8,11.3,-732.8,92.0,118.4,2.911,0.0,False,False,False,3.13,
0,707,2026-01-04 11:51:55.175,10.93,0.49,-155.48,0.02,0.000,0.000,0.000,-6.34,-2.27,-9.37,20.9,14.8,-736.3,92.0,118.4,3.147,0.0,False,False,False,3.50,
0,708,2026-01-04 11:51:55.531,10.14,0.50,-319.18,0.00,6204.855,0.000,6204.855,24.05,14.69,-9.55,24.0,18.4,-739.9,92.6,118.5,3.487,0.0,True,False,False,-28.56,CRASH
0,709,2026-01-04 11:51:58.936,6.74,0.74,-164.10,0.00,0.000,0.000,0.000,-4.38,-2.71,-10.15,10.5,13.9,-727.8,99.5,118.5,2.001,0.0,False,False,False,200.59,
0,710,2026-01-04 11:51:59.286,8.15,0.53,-36.31,0.00,0.000,0.000,0.000,-0.89,-4.01,-10.60,13.1,11.9,-730.4,99.7,118.4,2.477,0.0,False,False,False,0.40,
0,711,2026-01-04 11:51:59.620,8.56,0.80,244.87,0.06,0.000,0.000,0.000,8.20,-0.30,-4.84,15.9,9.8,-733.2,99.8,118.5,2.674,0.0,False,False,False,-0.45,
0,712,2026-01-04 11:51:59.955,8.46,0.50,219.00,0.00,0.361,0.361,0.361,6.87,-0.81,-1.23,18.7,7.9,-735.9,99.4,118.6,2.644,0.0,False,False,False,0.90,
0,713,2026-01-04 11:52:00.294,1.30,0.91,295.79,0.00,8709.645,0.000,8709.645,8.95,95.27,-12.65,21.0,6.4,-738.2,98.7,118.6,2.205,0.0,True,False,False,-28.47,CRASH
0,714,2026-01-04 11:52:03.745,1.24,0.65,-228.04,0.00,8948.068,0.000,8948.068,-1.28,-2.89,-11.59,12.6,21.9,-719.0,88.3,118.6,0.358,0.0,True,False,False,167.69,CRASH
0,715,2026-01-04 11:52:07.154,8.37,0.73,186.66,0.00,0.000,0.000,0.000,4.75,-4.80,-9.18,12.5,16.6,-729.8,100.8,118.4,2.518,0.0,False,False,False,198.85,
0,716,2026-01-04 11:52:07.489,8.90,0.93,-174.66,0.00,104.379,0.000,104.379,-5.64,-3.32,-10.40,15.3,18.3,-732.7,100.5,118.6,2.707,0.0,True,False,False,-29.47,CRASH
0,717,2026-01-04 11:52:10.893,8.59,1.00,39.65,0.02,547.688,0.000,547.688,5.92,-0.47,-2.46,15.0,0.3,-732.4,100.6,118.6,2.750,0.0,True,False,False,168.67,CRASH
0,718,2026-01-04 11:52:14.319,3.25,0.70,50.15,0.00,0.000,0.000,0.000,0.64,-1.86,-9.17,2.0,13.7,-718.7,99.3,118.5,0.973,0.0,False,False,False,201.27,
0,719,2026-01-04 11:52:14.653,3.91,0.70,205.88,0.00,0.000,0.000,0.000,0.76,-1.42,-9.41,3.2,13.0,-719.5,98.4,118.5,1.136,0.0,False,False,False,0.60,
0,720,2026-01-04 11:52:15.000,4.58,0.38,156.08,0.02,0.000,0.000,0.000,1.62,-2.19,-9.63,4.6,12.6,-720.3,97.2,118.5,1.347,0.0,False,False,False,1.62,
0,721,2026-01-04 11:52:15.339,5.57,0.64,146.22,0.00,0.000,0.000,0.000,1.57,-3.29,-10.14,6.3,12.3,-721.1,95.8,118.5,1.598,0.0,False,False,False,1.84,
0,722,2026-01-04 11:52:15.689,6.78,0.68,-228.71,0.00,0.000,0.000,0.000,-4.95,-2.93,-9.93,8.4,12.3,-722.1,93.9,118.5,2.071,0.0,False,False,False,0.25,
0,723,2026-01-04 11:52:16.052,8.69,0.85,148.89,0.00,0.000,0.000,0.000,4.59,-6.39,-9.85,11.1,12.4,-723.7,91.7,118.4,2.442,0.0,False,False,False,0.89,
0,724,2026-01-04 11:52:16.408,9.34,0.36,-192.98,0.08,0.000,0.000,0.000,-5.24,-0.69,-8.89,14.1,13.3,-725.4,89.2,118.4,2.917,0.0,False,False,False,1.87,
0,725,2026-01-04 11:52:16.757,9.88,0.36,-263.67,0.01,0.000,0.000,0.000,-8.55,-1.28,-9.75,17.4,14.4,-727.8,86.9,118.4,3.191,0.0,False,False,False,4.79,
0,726,2026-01-04 11:52:17.515,11.58,0.48,160.78,0.00,0.000,0.000,0.000,3.36,-4.57,-10.61,24.4,16.7,-735.1,84.1,118.4,3.455,0.0,False,False,False,2.35,
0,727,2026-01-04 11:52:17.862,12.05,0.50,382.51,0.00,0.000,0.000,0.000,7.79,-1.08,-9.27,28.2,19.1,-739.0,82.7,118.3,3.936,0.0,False,False,False,4.86,
0,728,2026-01-04 11:52:18.229,12.79,0.65,145.45,0.00,0.000,0.000,0.000,9.81,-2.08,-9.53,32.7,22.9,-742.7,80.2,118.3,4.131,0.0,False,False,False,805.18,
0,729,2026-01-04 11:52:18.570,12.83,0.99,279.94,0.09,0.000,0.000,0.000,8.11,0.07,-8.98,37.0,27.0,-745.6,77.0,118.3,4.067,0.0,False,False,False,805.14,
0,730,2026-01-04 11:52:18.917,12.67,0.35,-150.44,0.00,0.000,0.000,0.000,-1.53,1.05,-10.28,41.0,31.3,-747.9,73.4,118.2,4.044,0.0,False,False,False,804.24,
0,731,2026-01-04 11:52:19.268,13.80,0.53,107.60,0.00,0.000,0.000,0.000,5.06,-3.34,-8.44,45.5,35.9,-750.3,69.5,118.2,4.380,0.0,False,False,False,805.52,
0,732,2026-01-04 11:52:19.604,14.91,0.98,138.62,0.00,0.000,0.000,0.000,9.04,-2.54,-9.62,50.0,40.6,-752.4,65.2,118.2,4.554,0.0,False,False,False,804.28,
0,733,2026-01-04 11:52:19.956,15.37,0.56,-159.56,0.00,0.000,0.000,0.000,-6.35,0.43,-10.71,54.8,45.9,-754.0,60.1,118.2,4.829,0.0,False,False,False,801.15,
0,734,2026-01-04 11:52:20.295,15.55,0.73,-204.34,0.00,356.049,0.000,356.049,-7.98,-2.47,-14.28,59.7,51.0,-756.2,55.5,118.2,4.898,0.0,True,False,False,772.53,CRASH
0,735,2026-01-04 11:52:23.715,8.81,0.71,-147.90,0.00,0.000,0.000,0.000,-3.99,-4.32,-9.44,13.0,49.8,-729.9,97.7,118.5,2.558,0.0,False,False,False,200.82,
0,736,2026-01-04 11:52:24.053,10.75,0.97,90.05,0.00,0.000,0.000,0.000,3.38,-6.07,-9.91,16.2,47.9,-733.2,97.5,118.4,3.090,0.0,False,False,False,0.50,
0,737,2026-01-04 11:52:24.388,10.78,0.33,-181.25,0.07,0.066,0.066,0.066,-3.75,-1.85,-10.92,19.8,45.8,-736.8,96.9,118.5,3.467,0.0,False,False,False,0.27,
0,738,2026-01-04 11:52:24.739,5.87,0.50,-215.40,0.00,51341.512,0.000,51341.512,0.29,4.17,-5.11,22.7,44.0,-739.5,96.1,118.6,2.672,0.0,True,False,False,-28.27,CRASH
0,739,2026-01-04 11:52:28.153,9.90,0.76,88.12,0.00,0.000,0.000,0.000,2.99,-5.79,-9.09,14.9,7.9,-731.6,96.6,118.4,2.843,0.0,False,False,False,199.54,
0,740,2026-01-04 11:52:28.503,10.88,0.45,-204.21,0.00,0.000,0.000,0.000,-7.10,-1.52,-10.09,18.6,4.4,-735.2,95.6,118.4,3.513,0.0,False,False,False,1.00,
0,741,2026-01-04 11:52:28.853,10.50,0.50,-275.21,0.00,0.021,0.021,0.021,-1.54,-0.89,-9.43,22.3,1.1,-738.9,95.3,118.6,3.568,0.0,False,False,False,1.80,
0,742,2026-01-04 11:52:29.190,3.60,0.98,29.28,0.00,15205.855,0.000,15205.855,13.74,108.60,-22.20,25.1,2.5,-741.8,95.1,118.6,2.705,0.0,True,False,False,-29.70,CRASH
0,743,2026-01-04 11:52:32.593,10.95,0.82,227.68,0.00,0.000,0.000,0.000,6.67,-4.18,-9.32,17.4,15.1,-728.7,87.5,118.4,3.218,0.0,False,False,False,201.81,
0,744,2026-01-04 11:52:32.938,11.89,0.50,328.70,0.00,0.000,0.000,0.000,6.64,-2.18,-10.23,21.2,15.8,-730.5,84.2,118.4,3.637,0.0,False,False,False,5.17,
0,745,2026-01-04 11:52:33.290,12.53,0.35,-127.19,0.00,0.000,0.000,0.000,0.76,-0.72,-10.59,25.2,18.1,-731.7,80.1,118.4,4.100,0.0,False,False,False,3.60,
0,746,2026-01-04 11:52:33.630,3.66,0.58,-49.25,0.07,24547.340,0.000,24547.340,70.89,174.68,15.69,28.9,20.7,-732.9,76.4,118.4,3.634,0.0,True,False,True,-45.92,CRASH
0,747,2026-01-04 11:52:37.025,3.17,0.42,148.29,0.02,0.000,0.000,0.000,1.53,-2.04,-10.45,1.9,27.1,-718.7,99.4,118.5,0.908,0.0,False,False,False,200.09,
0,748,2026-01-04 11:52:37.361,3.59,0.65,-194.48,0.00,0.000,0.000,0.000,-3.68,-1.54,-10.06,3.1,26.0,-719.4,98.6,118.5,1.077,0.0,False,False,False,-0.87,
0,749,2026-01-04 11:52:37.710,4.32,0.69,115.75,0.00,0.000,0.000,0.000,2.82,-2.24,-9.75,4.4,24.7,-720.4,97.7,118.5,1.245,0.0,False,False,False,-0.41,
0,750,2026-01-04 11:52:38.059,5.42,0.84,157.97,0.00,0.000,0.000,0.000,1.88,-3.75,-9.11,6.0,23.0,-721.5,96.4,118.5,1.617,0.0,False,False,False,1.91,
0,751,2026-01-04 11:52:38.410,6.63,0.59,-235.43,0.00,0.000,0.000,0.000,-5.62,-3.08,-9.94,8.1,20.9,-722.8,94.7,118.5,2.022,0.0,False,False,False,0.12,
0,752,2026-01-04 11:52:38.768,8.47,0.62,107.29,0.00,0.000,0.000,0.000,3.31,-5.93,-10.55,10.7,18.5,-724.7,93.0,118.4,2.381,0.0,False,False,False,0.49,
0,753,2026-01-04 11:52:39.108,9.91,0.76,-142.05,0.04,0.000,0.000,0.000,-5.03,-3.30,-10.16,13.8,15.6,-726.9,90.8,118.4,2.948,0.0,False,False,False,1.87,
0,754,2026-01-04 11:52:39.458,10.90,0.64,-266.17,0.00,0.000,0.000,0.000,-7.36,-1.70,-9.85,17.4,12.6,-729.8,88.6,118.4,3.484,0.0,False,False,False,3.68,
0,755,2026-01-04 11:52:39.794,11.74,0.50,-362.83,0.00,0.000,0.000,0.000,-6.67,-2.72,-8.19,21.0,10.8,-733.3,87.2,118.4,3.582,0.0,False,False,False,3.01,
0,756,2026-01-04 11:52:40.133,12.71,0.93,-76.26,0.02,0.000,0.000,0.000,-7.84,-4.09,-10.62,24.6,10.9,-737.3,86.4,118.4,3.856,0.0,False,False,False,3.17,
0,757,2026-01-04 11:52:40.499,14.09,0.69,-77.45,0.00,0.000,0.000,0.000,-6.45,-3.48,-10.46,28.7,13.6,-742.2,86.3,118.3,4.481,0.0,False,False,False,3.91,
0,758,2026-01-04 11:52:40.835,15.18,0.98,153.79,0.00,0.375,0.375,0.375,8.09,-3.20,-4.53,32.9,17.5,-747.1,86.7,118.4,4.669,0.0,False,False,False,1.89,
0,759,2026-01-04 11:52:41.186,2.84,0.00,-207.25,1.00,42146.742,0.000,42146.742,0.41,31.23,-18.67,36.3,20.4,-750.7,86.5,118.5,3.389,0.0,True,False,False,-31.12,CRASH
0,760,2026-01-04 11:52:44.606,3.11,0.78,191.78,0.05,0.000,0.000,0.000,0.98,-1.80,-9.65,2.0,34.5,-718.7,99.3,118.5,0.911,0.0,False,False,False,198.56,
0,761,2026-01-04 11:52:44.956,3.56,0.93,-85.97,0.04,0.000,0.000,0.000,-2.62,-1.68,-10.21,3.2,33.5,-719.4,98.4,118.5,1.111,0.0,False,False,False,-0.31,
0,762,2026-01-04 11:52:45.308,4.58,0.85,-276.62,0.00,0.000,0.000,0.000,-3.14,-2.82,-10.28,4.6,32.1,-720.5,97.5,118.5,1.348,0.0,False,False,False,0.98,
0,763,2026-01-04 11:52:45.651,6.20,0.43,149.35,0.00,0.000,0.000,0.000,4.37,-4.84,-10.06,6.3,30.4,-722.0,96.5,118.5,1.707,0.0,False,False,False,-0.44,
0,764,2026-01-04 11:52:46.009,7.53,0.65,-90.43,0.08,0.000,0.000,0.000,-3.33,-3.55,-10.47,8.6,28.3,-723.7,95.0,118.5,2.193,0.0,False,False,False,0.99,
0,765,2026-01-04 11:52:46.370,8.92,0.34,-10.17,0.00,0.000,0.000,0.000,-0.48,-2.78,-10.24,11.5,25.6,-726.0,93.2,118.4,2.650,0.0,False,False,False,2.89,
0,766,2026-01-04 11:52:46.715,10.14,0.83,229.81,0.08,0.000,0.000,0.000,5.94,-3.16,-9.86,14.4,23.0,-728.2,91.4,118.4,2.702,0.0,False,False,False,1.12,
0,767,2026-01-04 11:52:47.059,11.36,0.67,178.23,0.00,0.000,0.000,0.000,7.56,-3.33,-9.78,17.7,20.4,-730.4,88.8,118.4,3.226,0.0,False,False,False,2.76,
0,768,2026-01-04 11:52:47.397,12.33,0.89,68.36,0.08,0.000,0.000,0.000,4.23,-2.90,-9.21,21.5,18.3,-732.4,85.4,118.4,3.758,0.0,False,False,False,3.99,
0,769,2026-01-04 11:52:47.749,12.97,0.43,240.27,0.04,0.000,0.000,0.000,8.84,-0.95,-9.91,25.3,17.4,-733.9,81.7,118.3,3.817,0.0,False,False,False,3.01,
0,770,2026-01-04 11:52:48.117,13.20,0.94,-111.03,0.00,0.000,0.000,0.000,-1.44,-0.70,-8.45,29.1,18.1,-734.9,77.6,118.3,3.745,0.0,False,False,False,802.90,
0,771,2026-01-04 11:52:48.462,6.71,0.50,-3.96,0.02,42176.684,0.000,42176.684,0.54,0.28,-3.63,31.7,18.2,-736.3,75.4,118.5,2.467,0.0,True,False,False,771.87,CRASH
0,772,2026-01-04 11:52:51.853,3.15,0.31,-216.24,0.00,0.000,0.000,0.000,-2.07,-1.39,-10.05,2.1,29.7,-718.8,99.4,118.5,0.920,0.0,False,False,False,199.80,
0,773,2026-01-04 11:52:52.203,3.74,0.39,-229.58,0.00,0.000,0.000,0.000,-2.00,-1.84,-10.04,3.2,28.6,-719.8,98.8,118.5,1.147,0.0,False,False,False,1.49,
0,774,2026-01-04 11:52:52.538,4.20,0.85,8.47,0.08,0.000,0.000,0.000,0.88,-1.17,-10.81,4.5,27.4,-721.0,98.1,118.5,1.261,0.0,False,False,False,0.55,
0,775,2026-01-04 11:52:52.878,5.05,0.86,-83.90,0.00,0.000,0.000,0.000,-1.33,-3.33,-9.08,6.0,26.1,-722.2,97.3,118.5,1.380,0.0,False,False,False,1.70,
0,776,2026-01-04 11:52:53.222,6.19,0.46,-261.66,0.00,0.000,0.000,0.000,-4.60,-2.29,-9.97,7.8,24.5,-723.9,96.6,118.5,1.792,0.0,False,False,False,0.78,
0,777,2026-01-04 11:52:53.581,7.92,0.51,150.28,0.00,0.000,0.000,0.000,4.73,-5.75,-9.98,10.2,22.8,-726.3,95.9,118.5,2.227,0.0,False,False,False,-0.51,
0,778,2026-01-04 11:52:53.930,9.64,0.98,-36.83,0.00,0.000,0.000,0.000,-1.46,-5.73,-8.54,13.1,20.8,-729.0,94.8,118.5,2.793,0.0,False,False,False,1.24,
0,779,2026-01-04 11:52:54.276,11.36,0.64,133.73,0.00,0.000,0.000,0.000,5.67,-4.20,-9.67,16.6,18.5,-732.2,93.4,118.4,3.354,0.0,False,False,False,2.40,
0,780,2026-01-04 11:52:54.613,11.63,0.35,-222.82,0.00,0.000,0.000,0.000,-6.17,1.59,-8.94,20.5,16.3,-735.7,91.7,118.4,3.697,0.0,False,False,False,0.96,
0,781,2026-01-04 11:52:54.964,12.21,0.41,79.27,0.08,0.000,0.000,0.000,2.72,-2.98,-8.89,24.6,15.3,-739.6,90.3,118.4,3.926,0.0,False,False,False,1.27,
0,782,2026-01-04 11:52:55.315,12.76,0.50,157.66,0.00,318.465,0.000,318.465,8.90,-0.61,-7.32,28.8,15.1,-743.4,88.7,118.4,3.783,0.0,True,False,False,-27.23,CRASH
0,783,2026-01-04 11:52:58.728,9.84,0.52,76.92,0.00,0.000,0.000,0.000,4.53,-4.68,-10.88,16.4,19.5,-724.2,85.9,118.5,2.950,0.0,False,False,False,202.09,
0,784,2026-01-04 11:52:59.079,10.49,0.71,-164.24,0.00,0.000,0.000,0.000,-2.57,0.06,-4.89,20.0,19.0,-725.5,82.6,118.6,3.435,0.0,False,False,False,1.93,
0,785,2026-01-04 11:52:59.417,11.59,1.00,-100.09,0.00,0.000,0.000,0.000,-5.80,-3.54,-10.39,23.6,18.6,-727.3,79.4,118.5,3.459,0.0,False,False,False,3.38,
0,786,2026-01-04 11:52:59.758,2.80,0.50,-203.64,0.00,33444.936,0.000,33444.936,-0.02,0.93,-10.93,25.4,18.0,-728.9,78.2,118.4,1.803,0.0,True,False,False,-27.96,CRASH
0,787,2026-01-04 11:53:03.164,3.22,0.62,-70.69,0.00,0.000,0.000,0.000,-0.71,-1.83,-10.18,2.1,23.4,-718.8,99.4,118.5,0.931,0.0,False,False,False,201.22,
0,788,2026-01-04 11:53:03.501,3.42,0.93,-274.19,0.08,0.000,0.000,0.000,-1.20,0.04,-9.27,3.2,22.5,-719.7,98.7,118.5,1.061,0.0,False,False,False,0.04,
0,789,2026-01-04 11:53:03.838,4.31,0.50,-286.63,0.00,0.000,0.000,0.000,-2.96,-2.67,-9.86,4.4,21.5,-720.8,98.1,118.5,1.216,0.0,False,False,False,1.41,
0,790,2026-01-04 11:53:04.190,5.99,0.84,197.14,0.00,0.000,0.000,0.000,4.64,-4.93,-9.98,6.2,20.2,-722.5,97.4,118.5,1.705,0.0,False,False,False,-0.89,
0,791,2026-01-04 11:53:04.534,7.41,0.70,-176.26,0.00,0.000,0.000,0.000,-4.77,-3.70,-9.26,8.4,18.6,-724.4,96.2,118.5,2.153,0.0,False,False,False,-0.46,
0,792,2026-01-04 11:53:04.893,8.99,0.43,181.99,0.00,0.000,0.000,0.000,5.12,-4.39,-9.89,11.2,16.9,-727.0,95.0,118.5,2.609,0.0,False,False,False,0.25,
0,793,2026-01-04 11:53:05.243,9.98,0.49,-193.02,0.00,0.000,0.000,0.000,-4.92,-2.22,-9.27,14.6,15.2,-729.8,93.3,118.4,3.182,0.0,False,False,False,0.84,
0,794,2026-01-04 11:53:05.593,11.23,0.46,187.22,0.00,0.000,0.000,0.000,6.17,-3.14,-10.93,18.3,14.2,-733.2,91.7,118.4,3.512,0.0,False,False,False,0.90,
0,795,2026-01-04 11:53:05.946,11.58,0.36,-163.16,0.00,0.000,0.000,0.000,-4.75,-0.47,-8.94,22.3,13.9,-736.6,89.7,118.4,3.811,0.0,False,False,False,1.44,
0,796,2026-01-04 11:53:06.295,12.80,0.50,-43.63,0.00,0.000,0.000,0.000,-3.19,-4.86,-9.78,26.4,15.1,-740.4,88.0,118.3,4.009,0.0,False,False,False,4.02,
0,797,2026-01-04 11:53:06.664,14.08,0.31,49.20,0.00,0.000,0.000,0.000,3.33,-1.67,-8.73,31.4,18.0,-745.0,86.1,118.3,4.539,0.0,False,False,False,5.02,
0,798,2026-01-04 11:53:07.007,14.50,0.67,148.43,0.00,1.927,0.000,1.927,4.01,-3.14,-13.29,36.1,21.2,-749.3,83.9,118.4,4.497,0.0,False,False,False,802.78,
0,799,2026-01-04 11:53:07.356,15.20,0.84,149.21,0.00,1.927,0.000,1.927,8.36,0.75,-10.55,41.3,24.8,-753.5,80.8,118.4,5.002,0.0,False,False,False,804.97,
0,800,2026-01-04 11:53:07.691,15.50,0.51,103.97,0.08,1.927,0.000,1.927,8.00,-1.79,-8.15,46.2,28.1,-756.9,77.0,118.4,4.847,0.0,False,False,False,804.49,
0,801,2026-01-04 11:53:08.031,15.60,0.52,219.86,0.05,1.927,0.000,1.927,7.70,0.33,-8.09,50.8,31.3,-759.7,72.6,118.2,4.920,0.0,False,False,False,802.65,
0,802,2026-01-04 11:53:08.407,15.85,0.87,183.63,0.00,1.927,0.000,1.927,8.73,-1.94,-9.93,55.5,34.5,-761.5,67.2,118.2,5.215,0.0,False,False,False,802.62,
0,803,2026-01-04 11:53:08.740,15.56,0.38,-147.62,0.02,1.927,0.000,1.927,2.15,0.93,-9.56,59.5,37.3,-762.5,62.1,118.1,4.982,0.0,False,False,False,800.49,
0,804,2026-01-04 11:53:09.083,16.43,0.56,189.55,0.00,1.927,0.000,1.927,5.66,-1.62,-10.21,63.4,40.3,-763.1,56.8,118.1,5.051,0.0,False,False,False,800.63,
0,805,2026-01-04 11:53:09.428,17.18,0.61,60.41,0.00,1.927,0.000,1.927,6.24,-1.95,-8.77,67.4,43.5,-763.0,51.2,118.1,5.327,0.0,False,False,False,801.55,
0,806,2026-01-04 11:53:09.768,16.07,0.80,-126.87,0.04,9251.446,0.000,9251.446,-2.60,2.49,-2.41,71.4,46.9,-762.7,45.7,118.3,5.263,0.0,True,False,False,-28.72,CRASH
0,807,2026-01-04 11:53:13.182,3.27,0.75,-31.72,0.00,0.000,0.000,0.000,-0.22,-1.60,-10.23,2.1,69.3,-718.8,99.3,118.5,0.942,0.0,False,False,False,201.33,
0,808,2026-01-04 11:53:13.520,3.88,0.49,188.52,0.02,0.000,0.000,0.000,0.65,-1.73,-9.52,3.3,68.1,-719.6,98.5,118.5,1.135,0.0,False,False,False,0.15,
0,809,2026-01-04 11:53:13.873,4.31,0.73,319.69,0.09,0.000,0.000,0.000,2.50,-1.04,-10.58,4.7,66.7,-720.4,97.2,118.5,1.363,0.0,False,False,False,1.64,
0,810,2026-01-04 11:53:14.209,5.15,0.59,-133.39,0.00,0.000,0.000,0.000,-4.03,-2.95,-9.10,6.2,65.2,-721.1,95.9,118.5,1.422,0.0,False,False,False,-0.86,
0,811,2026-01-04 11:53:14.546,6.70,0.49,115.94,0.01,0.000,0.000,0.000,3.99,-5.06,-10.21,8.1,63.3,-722.1,94.3,118.5,1.872,0.0,False,False,False,0.52,
0,812,2026-01-04 11:53:14.902,7.76,0.31,349.71,0.03,0.000,0.000,0.000,6.61,-1.14,-10.20,10.6,60.8,-723.1,91.9,118.4,2.333,0.0,False,False,False,1.34,
0,813,2026-01-04 11:53:15.241,8.92,0.84,187.13,0.08,0.000,0.000,0.000,5.19,-4.17,-9.14,13.2,58.5,-723.5,89.2,118.4,2.614,0.0,False,False,False,1.44,
0,814,2026-01-04 11:53:15.577,10.18,0.70,-127.23,0.00,0.000,0.000,0.000,-0.52,-4.14,-5.88,16.1,56.1,-723.7,86.0,118.5,3.032,0.0,False,False,False,1.01,
0,815,2026-01-04 11:53:15.932,5.97,0.36,-119.32,0.00,6464.711,0.000,6464.711,-62.43,95.51,-1.33,19.3,53.5,-724.2,82.8,118.6,3.095,0.0,True,False,False,-27.55,CRASH
0,816,2026-01-04 11:53:19.354,6.78,0.50,153.10,0.00,0.000,0.000,0.000,3.46,-1.62,-9.39,11.4,11.9,-726.8,94.4,118.4,2.042,0.0,False,False,False,200.64,
0,817,2026-01-04 11:53:19.691,7.07,0.42,133.58,0.00,0.000,0.000,0.000,2.12,-0.59,-9.62,13.7,10.8,-728.5,92.8,118.4,2.202,0.0,False,False,False,2.48,
0,818,2026-01-04 11:53:20.032,7.37,0.42,-197.35,0.00,0.000,0.000,0.000,-5.04,-1.01,-9.58,16.1,10.2,-730.2,91.1,118.4,2.276,0.0,False,False,False,0.78,
0,819,2026-01-04 11:53:20.382,8.26,0.79,-207.28,0.04,0.000,0.000,0.000,-5.39,-2.98,-10.01,18.8,10.7,-732.5,89.7,118.4,2.588,0.0,False,False,False,3.61,
0,820,2026-01-04 11:53:20.733,8.75,0.35,-222.26,0.09,0.000,0.000,0.000,-6.57,-0.62,-10.60,21.6,12.5,-735.3,88.7,118.4,2.849,0.0,False,False,False,3.70,
0,821,2026-01-04 11:53:21.087,9.77,0.77,-323.85,0.00,0.000,0.000,0.000,-7.00,-1.96,-8.90,24.5,15.4,-738.5,88.4,118.4,2.937,0.0,False,False,False,3.21,
0,822,2026-01-04 11:53:21.438,10.24,0.56,-290.43,0.00,0.000,0.000,0.000,-8.59,-1.88,-10.06,27.3,18.8,-742.0,89.1,118.4,3.370,0.0,False,False,False,2.34,
0,823,2026-01-04 11:53:21.772,9.12,0.50,145.00,0.00,6317.989,0.000,6317.989,-1.80,5.81,-24.89,29.6,21.9,-744.9,90.0,118.7,2.962,0.0,True,False,False,-30.70,CRASH
0,824,2026-01-04 11:53:25.186,3.51,0.32,171.16,0.00,5611.921,0.000,5611.921,-15.97,50.84,-10.05,14.9,24.7,-720.5,86.2,118.6,2.301,0.0,True,False,False,170.95,CRASH
0,825,2026-01-04 11:53:28.612,6.15,0.50,-179.93,0.00,0.000,0.000,0.000,-4.03,-0.65,-9.68,11.0,4.1,-720.5,90.3,118.5,1.786,0.0,False,False,False,199.34,
0,826,2026-01-04 11:53:28.959,6.01,0.52,-297.41,0.00,0.000,0.000,0.000,-2.56,1.62,-10.14,12.8,2.6,-721.4,88.6,118.5,1.806,0.0,False,False,False,1.97,
0,827,2026-01-04 11:53:29.297,6.69,0.70,-227.99,0.00,0.051,0.051,0.051,-1.64,-5.17,-11.23,14.8,2.5,-722.8,87.1,118.5,1.974,0.0,False,False,False,2.24,
0,828,2026-01-04 11:53:29.648,7.62,0.82,114.90,0.00,0.051,0.051,0.051,1.08,-4.32,-5.31,16.4,3.6,-724.1,85.9,118.5,1.661,0.0,False,False,False,0.65,
0,829,2026-01-04 11:53:29.983,8.50,0.85,-75.84,0.04,0.051,0.051,0.051,0.38,-3.68,-9.27,18.9,5.9,-726.0,84.0,118.4,2.544,0.0,False,False,False,2.55,
0,830,2026-01-04 11:53:30.347,9.82,0.43,209.68,0.00,0.051,0.051,0.051,5.46,-2.99,-9.07,22.0,9.0,-728.3,81.7,118.4,2.958,0.0,False,False,False,3.26,
0,831,2026-01-04 11:53:30.699,10.43,0.36,105.86,0.00,1.577,0.000,1.577,7.58,-2.31,-3.39,25.4,12.2,-730.3,79.0,118.5,3.207,0.0,False,False,False,2.28,
0,832,2026-01-04 11:53:31.046,10.68,0.42,-31.87,0.00,1.577,0.000,1.577,-0.00,-0.96,-5.80,28.9,15.6,-732.3,76.1,118.5,3.346,0.0,False,False,False,5.15,
0,833,2026-01-04 11:53:31.398,10.52,0.91,-208.42,0.04,3247.291,0.000,3247.291,-2.92,3.57,-16.33,32.5,19.1,-734.5,73.2,118.5,3.463,0.0,True,False,False,774.26,CRASH
0,834,2026-01-04 11:53:34.808,3.10,0.53,-136.95,0.00,0.000,0.000,0.000,-1.45,-1.18,-9.60,1.9,30.7,-718.7,99.5,118.5,0.897,0.0,False,False,False,201.18,
0,835,2026-01-04 11:53:35.147,3.48,0.43,-299.65,0.03,0.000,0.000,0.000,-2.02,0.02,-10.98,3.0,29.7,-719.6,98.9,118.5,1.043,0.0,False,False,False,0.74,
0,836,2026-01-04 11:53:35.494,4.18,0.65,-4.78,0.00,0.000,0.000,0.000,2.32,-2.67,-9.99,4.2,28.6,-720.7,98.3,118.5,1.204,0.0,False,False,False,-0.02,
0,837,2026-01-04 11:53:35.836,4.99,0.48,178.41,0.00,0.000,0.000,0.000,3.22,-2.54,-9.10,5.7,27.3,-722.0,97.4,118.5,1.455,0.0,False,False,False,0.63,
0,838,2026-01-04 11:53:36.174,5.78,0.54,-195.87,0.00,0.000,0.000,0.000,-4.32,-2.02,-9.63,7.5,25.6,-723.4,96.3,118.5,1.712,0.0,False,False,False,-0.42,
0,839,2026-01-04 11:53:36.531,7.31,0.88,110.86,0.04,0.000,0.000,0.000,4.27,-5.22,-9.79,9.8,23.8,-725.3,95.2,118.5,2.062,0.0,False,False,False,0.18,
0,840,2026-01-04 11:53:36.878,8.83,0.90,2.58,0.00,0.000,0.000,0.000,-0.28,-5.62,-9.21,12.2,21.8,-727.3,93.8,118.5,2.295,0.0,False,False,False,2.59,
0,841,2026-01-04 11:53:37.216,10.07,0.53,-187.17,0.00,0.000,0.000,0.000,-6.19,-2.84,-9.43,15.2,19.5,-729.9,92.2,118.4,2.866,0.0,False,False,False,2.20,
0,842,2026-01-04 11:53:37.551,10.82,0.50,-367.03,0.00,0.000,0.000,0.000,-8.58,-1.70,-9.18,18.6,17.8,-733.1,90.9,118.4,3.320,0.0,False,False,False,1.91,
0,843,2026-01-04 11:53:37.893,11.44,0.50,-262.70,0.03,0.000,0.000,0.000,-6.91,-1.96,-7.86,22.0,17.4,-736.8,90.4,118.4,3.510,0.0,False,False,False,2.29,
0,844,2026-01-04 11:53:38.262,12.42,0.48,68.49,0.03,0.038,0.038,0.038,-5.44,-4.47,-22.03,25.8,18.7,-741.1,90.7,118.4,3.958,0.0,False,False,False,1.57,
0,845,2026-01-04 11:53:38.605,11.80,0.89,-16.74,0.08,0.305,0.305,0.305,5.29,4.19,-1.47,29.5,20.8,-745.1,91.0,118.6,3.856,0.0,False,False,False,2.31,
0,846,2026-01-04 11:53:38.950,2.86,0.85,174.51,0.05,15089.484,0.000,15089.484,-2.43,-0.45,-4.30,30.8,20.8,-746.3,90.3,118.6,1.140,0.0,True,False,False,-30.31,CRASH
0,847,2026-01-04 11:53:42.359,3.15,0.48,-24.96,0.00,0.000,0.000,0.000,-0.18,-1.97,-9.82,1.9,29.1,-718.7,99.5,118.5,0.859,0.0,False,False,False,199.98,
0,848,2026-01-04 11:53:42.703,3.77,0.40,36.10,0.00,0.000,0.000,0.000,0.65,-1.85,-10.19,3.0,28.1,-719.4,98.7,118.5,1.042,0.0,False,False,False,1.44,
0,849,2026-01-04 11:53:43.055,4.11,0.91,-95.02,0.07,0.000,0.000,0.000,-1.67,-1.25,-8.91,4.3,26.9,-720.4,97.8,118.5,1.253,0.0,False,False,False,0.93,
0,850,2026-01-04 11:53:43.395,5.07,0.94,-124.46,0.00,0.000,0.000,0.000,-1.74,-3.43,-10.02,5.7,25.6,-721.5,96.9,118.5,1.368,0.0,False,False,False,1.75,
0,851,2026-01-04 11:53:43.739,6.36,0.93,-209.48,0.02,0.000,0.000,0.000,-3.84,-3.66,-9.94,7.5,23.9,-723.0,95.9,118.5,1.720,0.0,False,False,False,2.04,
0,852,2026-01-04 11:53:44.104,7.89,0.51,176.67,0.07,0.000,0.000,0.000,4.72,-4.06,-10.47,9.8,21.6,-725.1,94.8,118.5,2.157,0.0,False,False,False,0.02,
0,853,2026-01-04 11:53:44.455,8.97,0.74,395.72,0.03,0.000,0.000,0.000,7.12,-0.36,-9.46,12.7,19.1,-727.3,93.0,118.4,2.725,0.0,False,False,False,2.97,
0,854,2026-01-04 11:53:44.811,9.69,0.53,381.90,0.00,0.000,0.000,0.000,7.49,-1.89,-9.92,15.6,17.2,-729.1,90.6,118.4,2.797,0.0,False,False,False,3.09,
0,855,2026-01-04 11:53:45.154,10.39,0.71,-87.70,0.01,0.000,0.000,0.000,0.18,-2.00,-8.30,18.3,16.1,-730.3,87.9,118.4,2.858,0.0,False,False,False,0.69,
0,856,2026-01-04 11:53:45.500,11.23,0.32,207.07,0.01,0.000,0.000,0.000,6.61,-1.59,-9.56,21.5,15.8,-731.6,84.7,118.4,3.263,0.0,False,False,False,1.26,
0,857,2026-01-04 11:53:45.855,11.83,0.50,392.27,0.00,0.000,0.000,0.000,7.62,-1.81,-9.12,25.0,17.0,-732.3,80.7,118.3,3.628,0.0,False,False,False,4.16,
0,858,2026-01-04 11:53:46.199,11.75,0.45,101.74,0.00,1177.672,0.000,1177.672,1.48,-2.39,-6.09,27.7,19.2,-732.2,77.4,118.5,3.124,0.0,True,False,False,-27.42,CRASH
0,859,2026-01-04 11:53:49.628,6.22,0.71,-231.01,0.00,0.000,0.000,0.000,-5.10,-1.66,-9.41,10.0,17.7,-722.5,92.2,118.5,1.873,0.0,False,False,False,200.04,
0,860,2026-01-04 11:53:49.974,7.23,0.44,32.94,0.01,0.000,0.000,0.000,2.37,-4.51,-9.72,11.9,15.8,-723.8,90.8,118.4,1.782,0.0,False,False,False,0.25,
0,861,2026-01-04 11:53:50.326,8.31,0.45,223.45,0.00,0.000,0.000,0.000,6.08,-3.33,-9.34,14.1,13.6,-725.1,89.0,118.4,2.081,0.0,False,False,False,1.35,
0,862,2026-01-04 11:53:50.678,9.15,0.56,364.19,0.04,0.000,0.000,0.000,6.35,-2.08,-10.20,16.6,11.1,-726.2,86.8,118.4,2.334,0.0,False,False,False,2.45,
0,863,2026-01-04 11:53:51.025,9.36,0.84,140.27,0.00,0.000,0.000,0.000,3.07,0.25,-8.21,19.1,8.7,-726.8,84.2,118.4,2.489,0.0,False,False,False,1.26,
0,864,2026-01-04 11:53:51.412,9.57,0.73,-95.71,0.00,0.000,0.000,0.000,0.57,-0.74,-3.83,21.5,6.6,-727.0,81.6,118.5,2.355,0.0,False,False,False,0.50,
0,865,2026-01-04 11:53:51.778,3.84,0.37,107.54,0.08,10689.548,0.000,10689.548,-18.58,43.13,-6.46,23.6,5.1,-727.5,79.4,118.5,2.014,0.0,True,False,False,-29.96,CRASH
0,866,2026-01-04 11:53:55.246,2.74,0.52,7.16,0.00,0.000,0.000,0.000,0.13,-1.91,-9.25,1.2,22.5,-718.2,99.9,118.5,0.620,0.0,False,False,False,200.09,
0,867,2026-01-04 11:53:55.603,3.14,0.38,201.15,0.06,0.000,0.000,0.000,3.35,-1.22,-10.33,2.1,21.7,-718.8,99.3,118.5,0.787,0.0,False,False,False,-0.40,
0,868,2026-01-04 11:53:55.954,3.66,0.78,358.84,0.00,0.000,0.000,0.000,2.60,-1.29,-9.66,3.0,20.7,-719.3,98.5,118.5,0.908,0.0,False,False,False,1.19,
0,869,2026-01-04 11:53:56.319,4.13,0.58,87.25,0.00,0.000,0.000,0.000,-1.66,-2.08,-8.76,4.2,19.6,-719.7,97.4,118.5,1.111,0.0,False,False,False,0.21,
0,870,2026-01-04 11:53:56.665,4.95,0.84,-4.26,0.02,0.000,0.000,0.000,-0.13,-3.29,-9.06,5.6,18.1,-720.5,96.1,118.5,1.429,0.0,False,False,False,1.67,
0,871,2026-01-04 11:53:57.033,5.86,0.35,-203.81,0.00,0.000,0.000,0.000,-3.82,-2.41,-9.16,7.3,16.5,-721.3,94.7,118.5,1.466,0.0,False,False,False,0.19,
0,872,2026-01-04 11:53:57.396,6.60,0.33,-85.04,0.06,0.000,0.000,0.000,-0.29,-3.23,-10.09,8.8,15.0,-722.3,93.5,118.5,1.450,0.0,False,False,False,0.63,
0,873,2026-01-04 11:53:57.736,7.86,0.65,-215.70,0.02,0.000,0.000,0.000,-4.88,-3.90,-9.67,11.0,13.0,-723.8,92.0,118.5,2.046,0.0,False,False,False,2.35,
0,874,2026-01-04 11:53:58.087,9.79,0.87,33.80,0.00,0.000,0.000,0.000,1.41,-6.31,-10.71,13.7,10.9,-726.0,90.2,118.4,2.642,0.0,False,False,False,1.89,
0,875,2026-01-04 11:53:58.432,11.32,0.67,54.93,0.00,0.000,0.000,0.000,2.77,-4.33,-8.98,16.8,8.7,-728.4,88.1,118.4,3.022,0.0,False,False,False,3.31,
0,876,2026-01-04 11:53:58.798,11.97,0.42,-212.64,0.00,0.000,0.000,0.000,-6.67,-1.48,-10.66,20.7,7.2,-731.3,85.5,118.4,3.531,0.0,False,False,False,1.83,
0,877,2026-01-04 11:53:59.148,13.46,0.50,97.45,0.00,0.000,0.000,0.000,2.60,-5.35,-10.35,24.8,8.1,-734.7,83.2,118.4,3.988,0.0,False,False,False,3.70,
0,878,2026-01-04 11:53:59.483,14.67,0.73,164.61,0.00,0.000,0.000,0.000,8.22,-2.73,-9.85,29.5,10.9,-738.4,80.2,118.3,4.483,0.0,False,False,False,806.68,
0,879,2026-01-04 11:53:59.837,15.36,0.86,-184.96,0.00,0.000,0.000,0.000,-3.99,-0.56,-11.51,34.2,14.5,-741.8,76.8,118.3,4.528,0.0,False,False,False,805.24,
0,880,2026-01-04 11:54:00.188,16.48,0.51,95.61,0.00,0.000,0.000,0.000,1.79,-4.01,-10.28,39.5,19.2,-745.7,73.3,118.3,5.025,0.0,False,False,False,806.23,
0,881,2026-01-04 11:54:00.543,17.22,0.82,-156.30,0.00,0.000,0.000,0.000,-6.22,-1.16,-10.32,45.4,24.8,-750.1,69.4,118.2,5.375,0.0,False,False,False,806.14,
0,882,2026-01-04 11:54:00.879,18.32,0.95,176.11,0.02,0.000,0.000,0.000,2.58,-3.39,-10.61,51.0,30.2,-754.5,65.9,118.2,5.318,0.0,False,False,False,800.61,
0,883,2026-01-04 11:54:01.219,18.84,0.50,137.11,0.00,0.000,0.000,0.000,9.52,-2.50,-8.88,56.6,35.6,-758.7,62.1,118.1,5.271,0.0,False,False,False,802.90,
0,884,2026-01-04 11:54:01.556,19.33,0.96,37.67,0.00,0.000,0.000,0.000,9.40,-1.77,-9.82,62.9,41.6,-762.7,57.2,118.1,6.050,0.0,False,False,False,803.07,
0,885,2026-01-04 11:54:01.899,19.64,0.85,125.73,0.05,0.000,0.000,0.000,7.35,-1.59,-8.40,69.2,47.5,-766.0,51.7,118.0,6.163,0.0,False,False,False,3.08,
0,886,2026-01-04 11:54:02.276,19.99,0.76,-178.31,0.00,0.000,0.000,0.000,-5.71,-0.40,-11.75,75.4,53.4,-768.8,45.7,118.0,5.966,0.0,False,False,False,1.26,
0,887,2026-01-04 11:54:02.619,20.23,0.82,-32.68,0.08,161.660,0.000,161.660,-2.58,2.69,-18.31,82.0,59.7,-772.1,39.8,118.0,6.369,0.0,True,False,False,-27.49,CRASH
0,888,2026-01-04 11:54:06.043,2.83,0.40,-180.93,0.00,0.000,0.000,0.000,-1.50,-0.82,-9.19,1.5,80.5,-718.4,99.8,118.5,0.695,0.0,False,False,False,199.97,
0,889,2026-01-04 11:54:06.401,3.43,0.39,119.31,0.02,0.000,0.000,0.000,2.18,-1.90,-10.78,2.5,79.5,-719.2,99.1,118.5,0.992,0.0,False,False,False,-0.82,
0,890,2026-01-04 11:54:06.755,3.91,0.37,-107.98,0.00,0.000,0.000,0.000,-1.82,-1.11,-9.70,3.7,78.3,-720.0,98.3,118.5,1.110,0.0,False,False,False,0.04,
0,891,2026-01-04 11:54:07.113,4.62,0.80,117.09,0.00,0.000,0.000,0.000,2.09,-2.24,-10.30,5.1,76.9,-721.1,97.3,118.5,1.351,0.0,False,False,False,0.37,
0,892,2026-01-04 11:54:07.453,5.52,0.37,121.27,0.00,0.000,0.000,0.000,0.71,-2.77,-10.46,6.7,75.3,-722.1,96.1,118.5,1.524,0.0,False,False,False,1.82,
0,893,2026-01-04 11:54:07.820,6.79,0.86,96.39,0.00,0.000,0.000,0.000,1.45,-4.00,-9.92,8.8,73.2,-723.4,94.4,118.5,1.953,0.0,False,False,False,2.25,
0,894,2026-01-04 11:54:08.173,8.00,0.67,-57.88,0.04,0.000,0.000,0.000,-2.86,-4.15,-9.26,11.1,70.8,-724.8,92.5,118.4,2.230,0.0,False,False,False,1.91,
0,895,2026-01-04 11:54:08.514,9.26,0.45,-43.52,0.00,0.000,0.000,0.000,-1.37,-3.65,-9.80,13.9,68.1,-726.5,90.4,118.4,2.602,0.0,False,False,False,2.90,
0,896,2026-01-04 11:54:08.860,10.70,0.57,12.12,0.00,0.000,0.000,0.000,0.25,-4.19,-9.38,17.0,64.9,-728.6,88.0,118.4,3.005,0.0,False,False,False,3.30,
0,897,2026-01-04 11:54:09.209,11.93,0.81,182.16,0.06,0.000,0.000,0.000,5.98,-3.24,-9.45,20.6,61.4,-730.8,85.2,118.4,3.409,0.0,False,False,False,2.62,
0,898,2026-01-04 11:54:09.582,12.51,0.56,319.17,0.05,0.000,0.000,0.000,7.47,-0.93,-9.32,24.6,57.4,-732.7,81.5,118.3,3.686,0.0,False,False,False,3.79,
0,899,2026-01-04 11:54:09.927,12.86,0.84,-205.53,0.03,0.000,0.000,0.000,-0.93,-1.56,-7.99,28.6,53.6,-734.0,77.5,118.4,4.030,0.0,False,False,False,1.03,
0,900,2026-01-04 11:54:10.285,1.78,0.00,143.64,1.00,24391.188,0.000,24391.188,4.17,0.91,-11.15,29.0,53.2,-734.4,77.4,118.3,0.310,0.0,True,False,False,767.95,CRASH
0,901,2026-01-04 11:54:13.699,2.66,0.34,-181.80,0.10,0.000,0.000,0.000,-2.26,-0.51,-9.89,1.7,27.3,-718.5,99.6,118.5,0.737,0.0,False,False,False,198.63,
0,902,2026-01-04 11:54:14.047,3.27,0.36,39.59,0.00,0.000,0.000,0.000,1.21,-1.81,-9.48,2.5,26.5,-719.2,99.1,118.5,0.835,0.0,False,False,False,-0.38,
0,903,2026-01-04 11:54:14.387,3.89,0.91,117.46,0.00,0.000,0.000,0.000,1.62,-1.83,-9.38,3.7,25.4,-720.0,98.3,118.5,1.080,0.0,False,False,False,1.38,
0,904,2026-01-04 11:54:14.733,4.53,0.43,-107.22,0.00,0.000,0.000,0.000,-2.14,-2.14,-10.09,5.1,24.0,-721.0,97.3,118.5,1.336,0.0,False,False,False,0.50,
0,905,2026-01-04 11:54:15.078,5.69,0.86,78.37,0.00,0.000,0.000,0.000,2.21,-3.70,-10.09,6.8,22.4,-722.2,96.2,118.5,1.609,0.0,False,False,False,0.81,
0,906,2026-01-04 11:54:15.439,6.78,0.47,-120.70,0.00,0.000,0.000,0.000,-3.45,-3.16,-9.72,8.6,20.5,-723.6,94.8,118.5,1.690,0.0,False,False,False,0.61,
0,907,2026-01-04 11:54:15.785,8.46,0.59,73.26,0.00,0.000,0.000,0.000,2.37,-5.07,-10.48,11.1,18.2,-725.5,93.2,118.4,2.406,0.0,False,False,False,1.44,
0,908,2026-01-04 11:54:16.121,9.58,0.43,267.08,0.05,0.000,0.000,0.000,5.79,-2.03,-10.19,14.0,15.4,-727.4,91.1,118.4,2.737,0.0,False,False,False,1.78,
0,909,2026-01-04 11:54:16.464,10.25,0.36,-68.38,0.00,0.000,0.000,0.000,-1.91,-1.46,-9.29,17.1,12.2,-729.2,88.5,118.4,2.996,0.0,False,False,False,1.28,
0,910,2026-01-04 11:54:16.803,11.52,0.99,179.29,0.00,0.000,0.000,0.000,4.33,-4.77,-9.69,20.1,9.2,-730.9,85.9,118.4,2.893,0.0,False,False,False,0.84,
0,911,2026-01-04 11:54:17.163,12.88,0.50,97.83,0.00,0.000,0.000,0.000,5.21,-4.04,-8.92,24.2,5.0,-732.7,82.0,118.3,3.879,0.0,False,False,False,3.01,
0,912,2026-01-04 11:54:17.516,13.65,0.63,-185.96,0.01,0.002,0.002,0.002,-0.51,2.47,-12.07,28.5,0.5,-734.3,77.9,118.3,4.244,0.0,False,False,False,2.58,
0,913,2026-01-04 11:54:17.863,8.96,0.57,-114.52,0.03,38671.047,0.000,38671.047,8.41,-0.76,-12.18,31.5,2.6,-736.1,75.5,118.3,2.815,0.0,True,False,False,773.75,CRASH
0,914,2026-01-04 11:54:21.283,3.11,0.84,-103.75,0.00,0.000,0.000,0.000,-1.36,-1.56,-9.31,1.9,29.7,-718.7,99.5,118.5,0.900,0.0,False,False,False,201.19,
0,915,2026-01-04 11:54:21.627,3.77,0.96,-97.93,0.00,0.000,0.000,0.000,-1.28,-2.52,-9.90,3.0,28.6,-719.5,98.8,118.5,1.028,0.0,False,False,False,1.31,
0,916,2026-01-04 11:54:21.982,5.07,0.71,206.74,0.00,0.000,0.000,0.000,4.37,-4.51,-9.16,4.4,27.2,-720.6,97.8,118.5,1.392,0.0,False,False,False,-0.10,
0,917,2026-01-04 11:54:22.321,6.38,0.50,22.51,0.03,0.000,0.000,0.000,-0.28,-4.23,-8.67,6.2,25.4,-721.8,96.4,118.5,1.733,0.0,False,False,False,0.72,
0,918,2026-01-04 11:54:22.674,7.67,0.38,13.85,0.02,0.000,0.000,0.000,0.60,-3.64,-10.26,8.6,23.1,-723.4,94.7,118.5,2.241,0.0,False,False,False,2.54,
0,919,2026-01-04 11:54:23.042,9.38,0.71,-25.78,0.00,0.000,0.000,0.000,-0.84,-5.58,-9.39,11.4,20.3,-725.2,92.6,118.4,2.565,0.0,False,False,False,2.86,
0,920,2026-01-04 11:54:23.392,10.62,0.86,-229.20,0.00,0.000,0.000,0.000,-6.09,-2.68,-9.20,14.4,17.4,-727.4,90.5,118.4,2.865,0.0,False,False,False,1.35,
0,921,2026-01-04 11:54:23.739,12.03,0.50,-52.60,0.00,0.000,0.000,0.000,-4.59,-5.29,-10.30,18.1,14.1,-730.5,88.3,118.4,3.558,0.0,False,False,False,2.53,
0,922,2026-01-04 11:54:24.082,13.20,0.93,-200.10,0.00,0.000,0.000,0.000,-5.95,-3.31,-8.90,22.0,11.2,-734.0,86.4,118.4,3.806,0.0,False,False,False,3.16,
0,923,2026-01-04 11:54:24.434,14.26,0.41,198.91,0.00,0.000,0.000,0.000,5.83,-0.44,-10.72,26.6,9.5,-738.5,84.6,118.3,4.610,0.0,False,False,False,1.78,
0,924,2026-01-04 11:54:24.799,14.43,0.34,224.86,0.06,0.000,0.000,0.000,9.35,-0.20,-7.95,31.6,9.5,-742.8,82.1,118.3,4.557,0.0,False,False,False,805.62,
0,925,2026-01-04 11:54:25.134,14.58,0.34,105.52,0.06,0.000,0.000,0.000,7.05,-0.78,-9.15,36.2,10.8,-746.3,79.1,118.3,4.337,0.0,False,False,False,805.85,
0,926,2026-01-04 11:54:25.483,15.23,0.59,-96.14,0.00,0.000,0.000,0.000,-2.79,-2.41,-9.70,40.8,13.3,-749.4,75.6,118.2,4.463,0.0,False,False,False,805.03,
0,927,2026-01-04 11:54:25.836,15.94,0.68,-198.94,0.00,0.000,0.000,0.000,-7.46,-2.56,-8.74,45.7,17.2,-753.0,72.2,118.2,4.682,0.0,False,False,False,804.45,
0,928,2026-01-04 11:54:26.181,16.48,0.82,-236.69,0.00,0.000,0.000,0.000,-9.31,-1.37,-11.16,50.8,22.0,-757.3,69.3,118.2,4.871,0.0,False,False,False,802.19,
0,929,2026-01-04 11:54:26.557,17.35,0.31,55.29,0.00,0.000,0.000,0.000,0.14,-2.54,-10.03,56.9,28.1,-762.8,66.7,118.1,5.641,0.0,False,False,False,801.18,
0,930,2026-01-04 11:54:26.903,18.03,0.50,165.01,0.00,250.256,0.000,250.256,13.70,-2.20,-19.62,62.7,34.0,-768.1,63.9,118.1,5.605,0.0,True,False,False,772.28,CRASH
0,931,2026-01-04 11:54:30.311,7.62,0.39,-82.66,0.00,0.000,0.000,0.000,-2.40,-2.87,-10.12,11.2,53.3,-721.9,90.6,118.5,2.258,0.0,False,False,False,201.09,
0,932,2026-01-04 11:54:30.656,8.87,0.54,-36.67,0.00,0.000,0.000,0.000,-1.27,-4.51,-9.42,13.6,51.3,-723.0,88.4,118.5,2.337,0.0,False,False,False,2.46,
0,933,2026-01-04 11:54:31.003,9.60,0.37,159.40,0.00,0.000,0.000,0.000,1.51,-2.79,-18.42,16.6,48.9,-724.3,85.8,118.5,2.796,0.0,False,False,False,1.70,
0,934,2026-01-04 11:54:31.346,10.27,0.60,-140.61,0.00,0.000,0.000,0.000,-3.26,-2.96,-10.19,19.9,46.4,-725.7,82.7,118.6,3.179,0.0,False,False,False,1.12,
0,935,2026-01-04 11:54:31.687,10.82,0.51,-260.65,0.00,0.000,0.000,0.000,-9.65,-1.92,-12.13,23.2,43.8,-727.3,79.9,118.5,3.122,0.0,False,False,False,3.21,
0,936,2026-01-04 11:54:32.075,11.85,0.50,172.03,0.00,0.000,0.000,0.000,1.34,-5.32,-8.97,26.8,40.5,-729.8,77.1,118.5,3.352,0.0,False,False,False,0.66,
0,937,2026-01-04 11:54:32.430,11.85,0.32,78.84,0.00,0.299,0.299,0.299,-10.23,5.19,-12.99,30.8,37.2,-732.3,73.9,118.5,3.837,0.0,False,False,False,802.64,
0,938,2026-01-04 11:54:32.774,12.02,0.70,283.27,0.00,59.332,0.000,59.332,-2.89,4.70,-11.88,34.6,33.8,-735.0,71.0,118.4,3.782,0.0,True,False,False,772.98,CRASH
0,939,2026-01-04 11:54:36.207,7.05,0.47,-165.00,0.00,0.000,0.000,0.000,-3.36,-4.75,-9.78,10.6,24.4,-720.7,90.7,118.5,2.059,0.0,False,False,False,199.81,
0,940,2026-01-04 11:54:36.544,8.01,0.99,171.87,0.03,0.000,0.000,0.000,3.27,-3.45,-11.41,12.9,22.1,-721.6,88.7,118.5,2.134,0.0,False,False,False,-0.34,
0,941,2026-01-04 11:54:36.905,9.09,0.69,361.75,0.00,0.025,0.025,0.025,8.97,-2.96,-6.12,15.4,19.8,-722.3,86.2,118.5,2.433,0.0,False,False,False,2.21,
0,942,2026-01-04 11:54:37.260,4.02,0.51,-62.89,0.01,8951.615,0.000,8951.615,-2.96,9.23,-7.58,17.6,17.8,-723.0,84.1,118.6,2.010,0.0,True,False,False,-30.02,CRASH
0,943,2026-01-04 11:54:40.680,2.89,0.37,-161.99,0.04,0.000,0.000,0.000,-0.88,-0.89,-10.25,1.8,16.0,-718.6,99.5,118.5,0.821,0.0,False,False,False,201.11,
0,944,2026-01-04 11:54:41.023,3.22,0.93,35.57,0.09,0.000,0.000,0.000,0.31,-0.94,-9.59,2.8,15.2,-719.4,98.9,118.5,0.971,0.0,False,False,False,0.07,
0,945,2026-01-04 11:54:41.376,3.83,0.66,-90.93,0.02,0.000,0.000,0.000,-0.99,-2.10,-9.91,4.0,14.2,-720.3,98.1,118.5,1.109,0.0,False,False,False,1.40,
0,946,2026-01-04 11:54:41.734,4.80,1.00,-217.75,0.00,0.000,0.000,0.000,-3.09,-3.41,-9.67,5.3,13.3,-721.4,97.4,118.5,1.294,0.0,False,False,False,0.80,
0,947,2026-01-04 11:54:42.086,5.86,0.36,-340.33,0.00,0.000,0.000,0.000,-5.81,-2.06,-9.21,7.1,12.5,-723.1,96.7,118.5,1.704,0.0,False,False,False,1.80,
0,948,2026-01-04 11:54:42.447,7.04,0.36,-149.95,0.04,0.000,0.000,0.000,-1.36,-4.09,-10.19,9.0,12.4,-725.2,96.3,118.5,1.932,0.0,False,False,False,0.94,
0,949,2026-01-04 11:54:42.800,8.90,0.68,151.64,0.02,0.000,0.000,0.000,4.71,-5.17,-10.50,11.5,12.7,-727.8,95.9,118.5,2.526,0.0,False,False,False,1.37,
0,950,2026-01-04 11:54:43.144,10.50,0.77,-29.12,0.00,0.000,0.000,0.000,-1.40,-4.71,-9.82,14.7,13.6,-730.9,95.2,118.4,3.087,0.0,False,False,False,2.70,
0,951,2026-01-04 11:54:43.483,11.87,0.52,190.55,0.00,0.000,0.000,0.000,6.50,-2.91,-9.72,18.4,15.3,-734.5,94.2,118.4,3.570,0.0,False,False,False,3.11,
0,952,2026-01-04 11:54:43.820,12.68,0.94,-75.37,0.03,0.000,0.000,0.000,-2.59,-2.07,-9.03,22.5,17.5,-738.3,92.6,118.4,3.904,0.0,False,False,False,3.32,
0,953,2026-01-04 11:54:44.184,12.84,0.86,136.28,0.07,0.011,0.011,0.011,3.83,0.52,-19.34,27.0,20.6,-742.5,90.9,118.5,4.067,0.0,False,False,False,3.74,
0,954,2026-01-04 11:54:44.528,13.25,0.50,131.43,0.00,0.011,0.011,0.011,9.07,-4.81,-6.29,31.3,23.7,-746.2,88.7,118.5,4.125,0.0,False,False,False,4.93,
0,955,2026-01-04 11:54:44.873,13.56,0.64,-202.39,0.00,0.011,0.011,0.011,-2.16,0.94,-9.98,35.7,26.9,-749.9,86.1,118.5,4.270,0.0,False,False,False,3.30,
0,956,2026-01-04 11:54:45.214,14.76,0.56,105.59,0.00,0.011,0.011,0.011,1.94,-4.83,-10.40,40.3,30.8,-753.8,83.5,118.4,4.451,0.0,False,False,False,802.97,
0,957,2026-01-04 11:54:45.558,4.43,0.88,-99.74,0.00,25192.635,0.000,25192.635,39.73,173.93,-2.77,44.7,34.5,-757.4,80.8,118.4,4.251,0.0,True,False,False,771.27,CRASH
0,958,2026-01-04 11:54:48.998,9.50,0.92,-239.56,0.01,0.000,0.000,0.000,-6.96,-3.41,-10.13,14.3,30.7,-730.9,96.4,118.5,2.796,0.0,False,False,False,200.24,
0,959,2026-01-04 11:54:49.346,10.96,0.56,65.19,0.00,0.000,0.000,0.000,1.02,-5.13,-10.96,17.6,27.7,-734.3,96.1,118.4,3.218,0.0,False,False,False,0.03,
0,960,2026-01-04 11:54:49.689,11.75,0.72,230.16,0.10,0.526,0.000,0.526,11.15,-4.64,-5.01,21.3,24.3,-738.0,95.5,118.5,3.592,0.0,False,False,False,0.16,
0,961,2026-01-04 11:54:50.030,11.29,0.66,-197.25,0.10,0.526,0.000,0.526,-6.82,0.26,-11.19,25.1,20.8,-741.6,94.5,118.6,3.582,0.0,False,False,False,0.01,
0,962,2026-01-04 11:54:50.971,2.91,0.50,45.65,0.00,60818.398,0.000,60818.398,0.42,-2.96,-1.77,27.1,18.9,-743.5,93.6,118.5,1.872,0.0,True,False,False,-30.29,CRASH
0,963,2026-01-04 11:54:54.404,9.85,0.89,-140.46,0.00,0.000,0.000,0.000,-5.07,-4.40,-9.09,14.5,17.2,-726.7,89.8,118.4,2.735,0.0,False,False,False,202.11,
0,964,2026-01-04 11:54:54.742,11.04,0.50,74.90,0.07,0.000,0.000,0.000,2.77,-3.54,-10.68,17.8,15.6,-729.1,87.5,118.4,3.143,0.0,False,False,False,2.16,
0,965,2026-01-04 11:54:55.080,11.91,0.43,-26.26,0.00,0.000,0.000,0.000,-1.30,-2.54,-9.41,21.6,14.7,-731.8,84.8,118.4,3.650,0.0,False,False,False,4.05,
0,966,2026-01-04 11:54:55.426,13.03,0.36,109.08,0.00,0.000,0.000,0.000,4.69,-3.55,-10.39,25.6,14.7,-734.6,81.9,118.3,3.737,0.0,False,False,False,4.84,
0,967,2026-01-04 11:54:55.778,14.06,0.45,257.77,0.00,0.000,0.000,0.000,7.95,-1.83,-8.88,29.8,16.4,-737.2,78.5,118.3,4.089,0.0,False,False,False,805.40,
0,968,2026-01-04 11:54:56.165,14.79,0.91,-151.72,0.00,0.000,0.000,0.000,-1.85,-2.71,-9.55,34.1,19.4,-739.2,74.7,118.3,3.855,0.0,False,False,False,803.62,
0,969,2026-01-04 11:54:56.525,15.00,0.91,-309.36,0.10,0.000,0.000,0.000,-7.31,-0.97,-9.59,38.5,22.8,-741.6,70.9,118.3,4.217,0.0,False,False,False,806.51,
0,970,2026-01-04 11:54:56.876,15.48,0.31,138.67,0.00,0.000,0.000,0.000,0.00,-3.88,-10.42,42.3,25.7,-744.0,68.0,118.2,3.554,0.0,False,False,False,802.98,
0,971,2026-01-04 11:54:57.233,15.43,0.64,176.91,0.01,0.000,0.000,0.000,5.89,-0.12,-6.70,46.7,29.3,-746.8,64.5,118.3,4.139,0.0,False,False,False,805.54,
0,972,2026-01-04 11:54:57.577,14.56,0.61,-240.14,0.06,3000.000,0.000,3000.000,-3.91,4.59,-20.50,51.2,33.3,-749.4,60.8,118.2,4.300,0.0,True,False,False,770.65,CRASH
0,973,2026-01-04 11:55:01.024,2.89,0.87,-65.22,0.01,0.000,0.000,0.000,-0.34,-1.46,-10.88,1.6,49.7,-718.5,99.7,118.5,0.790,0.0,False,False,False,201.08,
0,974,2026-01-04 11:55:02.192,6.63,0.39,183.46,0.00,0.000,0.000,0.000,3.81,-3.90,-9.61,6.5,44.9,-722.2,96.5,118.5,1.871,0.0,False,False,False,0.74,
0,975,2026-01-04 11:55:02.535,7.87,0.42,-74.56,0.00,0.000,0.000,0.000,-2.41,-3.65,-9.50,8.9,42.5,-723.9,94.8,118.5,2.312,0.0,False,False,False,1.09,
0,976,2026-01-04 11:55:02.878,9.64,0.92,45.14,0.03,0.000,0.000,0.000,1.97,-6.09,-9.65,11.6,39.8,-725.9,92.9,118.4,2.614,0.0,False,False,False,2.26,
0,977,2026-01-04 11:55:03.221,11.19,0.83,214.75,0.00,0.000,0.000,0.000,7.19,-4.14,-10.56,14.8,36.6,-727.9,90.5,118.4,2.975,0.0,False,False,False,2.24,
0,978,2026-01-04 11:55:03.577,12.56,0.50,62.55,0.00,0.000,0.000,0.000,5.24,-3.92,-8.96,18.8,32.5,-730.1,87.0,118.4,3.770,0.0,False,False,False,2.96,
0,979,2026-01-04 11:55:03.929,13.88,0.65,200.60,0.00,0.000,0.000,0.000,7.24,-2.78,-9.43,23.0,28.2,-731.9,83.0,118.3,4.204,0.0,False,False,False,3.53,
0,980,2026-01-04 11:55:04.283,14.38,0.57,-63.41,0.06,0.000,0.000,0.000,0.64,-1.31,-9.67,27.2,24.1,-733.1,78.6,118.4,4.274,0.0,False,False,False,2.70,
0,981,2026-01-04 11:55:04.636,2.20,0.00,-177.92,1.00,38424.512,0.000,38424.512,-5.19,2.32,-5.49,28.7,22.8,-733.3,76.9,118.4,1.489,0.0,True,False,False,-28.75,CRASH
0,982,2026-01-04 11:55:08.044,3.01,0.97,174.13,0.00,0.000,0.000,0.000,1.21,-2.37,-10.37,1.6,27.2,-718.4,99.6,118.5,0.813,0.0,False,False,False,199.18,
0,983,2026-01-04 11:55:08.397,3.58,0.50,18.55,0.00,0.000,0.000,0.000,-0.62,-1.88,-9.65,2.6,26.1,-719.1,98.8,118.5,0.998,0.0,False,False,False,0.22,
0,984,2026-01-04 11:55:08.738,4.37,0.64,127.04,0.00,0.000,0.000,0.000,1.78,-3.18,-9.75,3.9,24.9,-719.9,97.8,118.5,1.191,0.0,False,False,False,1.49,
0,985,2026-01-04 11:55:09.089,5.21,0.39,-128.55,0.00,0.000,0.000,0.000,-2.88,-2.56,-9.59,5.3,23.4,-720.7,96.7,118.5,1.369,0.0,False,False,False,0.15,
0,986,2026-01-04 11:55:09.442,5.94,0.49,-299.88,0.06,0.000,0.000,0.000,-4.93,-1.72,-9.03,7.0,21.8,-722.0,95.6,118.5,1.582,0.0,False,False,False,1.87,
0,987,2026-01-04 11:55:09.833,7.73,0.87,143.29,0.00,0.000,0.000,0.000,4.22,-6.31,-10.38,9.2,19.8,-723.9,94.4,118.5,2.034,0.0,False,False,False,-0.61,
0,988,2026-01-04 11:55:10.202,9.45,0.77,261.61,0.00,0.000,0.000,0.000,6.48,-4.25,-8.87,12.0,17.1,-726.0,92.4,118.4,2.740,0.0,False,False,False,3.13,
0,989,2026-01-04 11:55:10.558,10.37,0.32,9.86,0.00,0.000,0.000,0.000,0.61,-2.30,-9.31,15.3,13.9,-728.0,89.8,118.4,3.170,0.0,False,False,False,2.50,
0,990,2026-01-04 11:55:10.905,11.21,0.56,-157.85,0.00,0.000,0.000,0.000,-5.84,-2.18,-9.74,18.7,10.7,-730.1,87.1,118.4,3.244,0.0,False,False,False,2.91,
0,991,2026-01-04 11:55:11.257,12.12,0.34,-32.81,0.00,0.000,0.000,0.000,-2.26,-2.36,-10.02,22.4,7.6,-732.8,84.5,118.4,3.508,0.0,False,False,False,3.80,
0,992,2026-01-04 11:55:11.611,13.45,0.50,203.41,0.00,0.000,0.000,0.000,6.63,-3.04,-10.01,26.5,5.3,-735.7,81.7,118.3,3.649,0.0,False,False,False,2.81,
0,993,2026-01-04 11:55:11.960,14.30,0.80,-176.93,0.00,0.000,0.000,0.000,-2.70,-1.99,-8.70,30.7,5.4,-738.4,78.5,118.3,3.958,0.0,False,False,False,802.95,
0,994,2026-01-04 11:55:12.308,15.22,0.85,83.12,0.01,0.000,0.000,0.000,1.54,-5.74,-9.36,34.5,7.9,-741.1,75.7,118.3,3.651,0.0,False,False,False,804.32,
0,995,2026-01-04 11:55:12.669,15.92,0.57,277.90,0.05,0.000,0.000,0.000,6.52,-0.66,-11.41,39.2,11.8,-744.1,72.1,118.2,4.442,0.0,False,False,False,805.52,
0,996,2026-01-04 11:55:13.022,16.24,0.84,170.96,0.09,0.000,0.000,0.000,8.01,-0.72,-10.12,44.0,16.0,-746.6,68.0,118.2,4.552,0.0,False,False,False,807.16,
0,997,2026-01-04 11:55:13.383,15.97,0.38,-174.12,0.08,0.000,0.000,0.000,3.83,2.41,-10.11,48.9,20.6,-748.8,63.3,118.2,4.601,0.0,False,False,False,802.12,
0,998,2026-01-04 11:55:13.752,2.34,0.00,-217.38,1.00,37538.070,0.000,37538.070,8.47,121.51,-63.83,51.8,23.4,-750.2,60.7,118.2,2.695,0.0,True,False,False,770.84,CRASH
0,999,2026-01-04 11:55:17.173,2.88,0.57,-78.84,0.04,0.000,0.000,0.000,-0.96,-1.24,-10.33,1.7,50.2,-718.5,99.6,118.5,0.805,0.0,False,False,False,200.45,
0,1000,2026-01-04 11:55:17.519,3.10,0.80,-156.55,0.08,0.000,0.000,0.000,-0.63,-0.08,-8.83,2.5,49.3,-719.2,99.1,118.5,0.804,0.0,False,False,False,1.09,
0,1001,2026-01-04 11:55:17.870,3.59,0.41,-55.66,0.04,0.000,0.000,0.000,-0.10,-1.24,-10.17,3.6,48.2,-720.1,98.4,118.5,1.056,0.0,False,False,False,1.33,
0,1002,2026-01-04 11:55:18.217,4.19,0.31,-24.93,0.02,0.000,0.000,0.000,-0.27,-1.90,-10.01,4.9,47.0,-721.1,97.6,118.5,1.235,0.0,False,False,False,1.51,
0,1003,2026-01-04 11:55:18.575,4.89,0.97,-82.90,0.01,0.000,0.000,0.000,-0.87,-2.84,-9.46,6.2,45.8,-722.1,96.9,118.5,1.208,0.0,False,False,False,1.47,
0,1004,2026-01-04 11:55:18.933,6.12,0.34,65.46,0.00,0.000,0.000,0.000,1.54,-4.02,-10.60,8.0,44.0,-723.6,95.8,118.5,1.665,0.0,False,False,False,1.21,
0,1005,2026-01-04 11:55:19.283,7.59,0.90,-56.38,0.04,0.000,0.000,0.000,-2.14,-4.93,-9.57,10.3,41.8,-725.4,94.4,118.5,2.167,0.0,False,False,False,2.41,
0,1006,2026-01-04 11:55:19.626,9.24,0.76,-101.39,0.00,0.000,0.000,0.000,-3.44,-5.06,-9.35,12.9,39.3,-727.6,93.0,118.5,2.536,0.0,False,False,False,2.70,
0,1007,2026-01-04 11:55:19.967,10.40,0.81,-186.51,0.07,0.000,0.000,0.000,-6.39,-2.90,-10.10,15.9,36.8,-730.3,91.7,118.4,2.801,0.0,False,False,False,2.87,
0,1008,2026-01-04 11:55:20.303,11.78,0.62,-19.68,0.00,0.000,0.000,0.000,-1.53,-4.63,-10.75,19.4,34.0,-733.8,90.5,118.4,3.495,0.0,False,False,False,2.24,
0,1009,2026-01-04 11:55:20.656,12.94,0.50,-94.08,0.05,0.000,0.000,0.000,-4.76,-2.80,-9.48,23.6,31.3,-738.0,89.5,118.4,3.939,0.0,False,False,False,2.94,
0,1010,2026-01-04 11:55:21.017,13.97,0.34,175.82,0.02,0.000,0.000,0.000,7.22,-1.02,-10.25,27.9,29.0,-742.4,88.7,118.3,4.291,0.0,False,False,False,1.08,
0,1011,2026-01-04 11:55:21.356,13.62,0.86,-89.23,0.00,652.187,0.000,652.187,-2.84,-0.57,-13.20,32.4,26.8,-746.7,87.3,118.5,4.314,0.0,True,False,False,-29.23,CRASH
0,1012,2026-01-04 11:55:24.790,9.74,0.62,92.86,0.00,0.000,0.000,0.000,3.23,-5.14,-9.49,14.1,18.4,-729.7,94.1,118.4,2.820,0.0,False,False,False,200.88,
0,1013,2026-01-04 11:55:25.133,11.28,0.85,197.08,0.02,0.000,0.000,0.000,7.02,-3.54,-10.71,17.6,15.0,-732.5,92.0,118.4,3.355,0.0,False,False,False,3.42,
0,1014,2026-01-04 11:55:25.479,12.18,0.69,67.41,0.07,0.000,0.000,0.000,5.13,-2.65,-9.41,21.2,11.8,-735.2,89.4,118.4,3.533,0.0,False,False,False,3.75,
0,1015,2026-01-04 11:55:25.833,12.98,0.50,-211.99,0.00,0.000,0.000,0.000,-5.53,-1.23,-8.42,25.2,8.9,-737.9,86.2,118.4,4.008,0.0,False,False,False,2.58,
0,1016,2026-01-04 11:55:26.193,14.28,0.44,79.93,0.00,0.000,0.000,0.000,1.04,-4.26,-11.29,29.7,6.8,-741.3,83.2,118.3,4.286,0.0,False,False,False,2.58,
0,1017,2026-01-04 11:55:26.568,15.09,0.53,3.99,0.07,0.000,0.000,0.000,0.82,-2.38,-9.06,34.9,7.6,-745.1,79.8,118.3,4.671,0.0,False,False,False,806.25,
0,1018,2026-01-04 11:55:26.910,15.64,0.63,-192.74,0.00,0.000,0.000,0.000,-7.47,-0.68,-9.04,39.5,10.7,-748.7,76.8,118.2,4.370,0.0,False,False,False,804.61,
0,1019,2026-01-04 11:55:27.250,16.79,0.81,80.12,0.00,0.000,0.000,0.000,-0.45,-4.84,-9.61,44.6,14.7,-752.9,73.9,118.2,4.837,0.0,False,False,False,803.22,
0,1020,2026-01-04 11:55:27.601,17.37,0.58,-157.40,0.00,0.000,0.000,0.000,-7.30,-0.05,-11.29,50.0,19.4,-757.5,71.1,118.2,5.167,0.0,False,False,False,801.35,
0,1021,2026-01-04 11:55:27.949,18.55,0.50,151.94,0.00,0.000,0.000,0.000,3.55,-3.27,-10.10,55.9,24.8,-762.8,68.4,118.1,5.676,0.0,False,False,False,800.85,
0,1022,2026-01-04 11:55:28.308,18.73,0.70,-171.65,0.00,10.101,0.000,10.101,-1.63,-1.59,-3.81,62.4,31.1,-768.4,65.0,118.3,5.922,0.0,False,False,False,790.77,
0,1023,2026-01-04 11:55:28.650,19.25,0.80,152.86,0.00,10.103,0.002,10.103,2.37,-3.52,-10.05,68.7,37.2,-773.8,61.7,118.2,5.982,0.0,False,False,False,0.93,
0,1024,2026-01-04 11:55:28.985,19.73,0.87,191.61,0.00,10.103,0.002,10.103,8.92,-1.81,-9.94,75.2,43.7,-779.0,57.9,118.2,6.163,0.0,False,False,False,2.27,
0,1025,2026-01-04 11:55:29.334,7.16,0.75,75.45,0.00,60914.680,0.000,60914.680,22.46,39.60,-12.05,80.6,49.1,-783.1,54.2,118.3,5.135,0.0,True,False,False,-29.44,CRASH
0,1026,2026-01-04 11:55:32.756,7.67,0.73,159.76,0.00,0.000,0.000,0.000,4.48,-4.50,-9.60,10.9,70.3,-723.7,92.0,118.4,2.092,0.0,False,False,False,201.82,
0,1027,2026-01-04 11:55:33.103,8.74,0.72,297.08,0.09,0.000,0.000,0.000,6.17,-2.44,-9.42,13.5,68.2,-724.8,89.6,118.4,2.478,0.0,False,False,False,2.69,
0,1028,2026-01-04 11:55:33.444,9.73,0.72,-149.15,0.04,0.000,0.000,0.000,1.01,-3.01,-11.09,16.4,66.0,-725.6,86.6,118.4,2.935,0.0,False,False,False,0.53,
0,1029,2026-01-04 11:55:33.785,9.73,0.89,-271.05,0.09,0.000,0.000,0.000,-7.08,9.62,-13.80,19.4,63.8,-726.6,83.8,118.5,2.798,0.0,False,False,False,2.70,
0,1030,2026-01-04 11:55:34.152,9.55,0.68,-217.20,0.08,0.027,0.027,0.027,-3.15,0.52,-2.88,21.7,61.7,-728.0,81.8,118.5,2.228,0.0,False,False,False,2.40,
0,1031,2026-01-04 11:55:34.520,9.96,0.88,-246.41,0.00,6.218,0.000,6.218,-6.02,-4.81,-7.23,24.8,58.6,-730.3,79.6,118.4,2.875,0.0,False,False,False,1.16,
0,1032,2026-01-04 11:55:34.868,10.77,0.78,-83.70,0.08,6.218,0.000,6.218,-5.25,-2.05,-9.90,27.9,55.2,-733.2,77.9,118.4,3.305,0.0,False,False,False,3.02,
0,1033,2026-01-04 11:55:35.212,11.93,0.46,20.23,0.00,6.218,0.000,6.218,1.28,-3.71,-10.39,31.0,51.8,-736.3,76.3,118.3,3.233,0.0,False,False,False,803.45,
0,1034,2026-01-04 11:55:35.548,12.68,0.50,-238.85,0.00,6.218,0.000,6.218,-7.35,-1.00,-10.83,34.5,47.9,-739.8,74.7,118.3,3.706,0.0,False,False,False,801.76,
0,1035,2026-01-04 11:55:35.883,13.52,0.98,-128.56,0.07,6.218,0.000,6.218,-6.93,-2.74,-8.91,38.2,43.6,-744.0,73.4,118.3,4.137,0.0,False,False,False,802.69,
0,1036,2026-01-04 11:55:36.245,14.77,0.61,130.52,0.06,6.218,0.000,6.218,3.92,-2.93,-10.06,42.3,38.9,-748.9,72.6,118.2,4.495,0.0,False,False,False,801.29,
0,1037,2026-01-04 11:55:36.589,14.96,0.36,-166.83,0.00,6.218,0.000,6.218,-4.65,2.00,-9.98,46.6,34.2,-753.8,71.7,118.2,4.752,0.0,False,False,False,798.41,
0,1038,2026-01-04 11:55:36.929,16.28,1.00,147.08,0.00,6.218,0.000,6.218,3.28,-5.35,-8.56,51.0,29.5,-758.9,71.2,118.2,4.894,0.0,False,False,False,798.13,
0,1039,2026-01-04 11:55:37.270,16.02,0.50,125.39,0.00,445.885,0.000,445.885,1.39,2.78,-14.50,56.0,24.7,-764.2,70.2,118.3,5.163,0.0,True,False,False,770.00,CRASH
0,1040,2026-01-04 11:55:40.674,6.86,0.93,-52.37,0.06,0.000,0.000,0.000,-1.41,-3.04,-9.49,10.7,46.5,-723.0,91.7,118.5,2.042,0.0,False,False,False,201.56,
0,1041,2026-01-04 11:55:41.017,8.01,0.90,-136.15,0.00,0.000,0.000,0.000,-3.76,-3.95,-10.04,12.9,44.5,-724.4,89.9,118.4,2.111,0.0,False,False,False,2.48,
0,1042,2026-01-04 11:55:41.355,9.23,0.80,-164.15,0.00,0.000,0.000,0.000,-5.64,-4.24,-9.40,15.3,42.2,-726.0,88.2,118.4,2.299,0.0,False,False,False,2.60,
0,1043,2026-01-04 11:55:41.718,10.60,0.55,36.50,0.00,0.000,0.000,0.000,1.67,-4.96,-9.84,18.1,39.5,-728.2,86.4,118.4,2.647,0.0,False,False,False,2.08,
0,1044,2026-01-04 11:55:42.072,11.37,0.93,-183.79,0.10,0.000,0.000,0.000,-5.25,-1.37,-9.77,21.1,36.5,-730.7,84.4,118.4,2.959,0.0,False,False,False,1.62,
0,1045,2026-01-04 11:55:42.460,11.72,0.37,-255.14,0.00,0.000,0.000,0.000,-8.22,-0.51,-9.51,24.5,32.8,-733.8,82.6,118.4,3.281,0.0,False,False,False,3.41,
0,1046,2026-01-04 11:55:42.815,12.96,0.50,60.22,0.00,0.000,0.000,0.000,-1.27,-5.67,-9.55,28.0,29.0,-737.5,81.4,118.3,3.662,0.0,False,False,False,2.21,
0,1047,2026-01-04 11:55:43.150,14.06,0.35,115.25,0.00,0.000,0.000,0.000,6.46,-2.49,-9.93,32.2,24.5,-741.8,79.9,118.3,4.318,0.0,False,False,False,803.65,
0,1048,2026-01-04 11:55:43.495,15.01,0.78,-98.18,0.00,0.000,0.000,0.000,-3.73,-3.50,-8.53,36.8,19.6,-746.2,77.9,118.3,4.603,0.0,False,False,False,802.72,
0,1049,2026-01-04 11:55:43.843,15.57,0.46,-203.43,0.00,0.000,0.000,0.000,-9.08,-1.74,-10.50,41.4,14.8,-750.7,76.3,118.2,4.597,0.0,False,False,False,802.03,
0,1050,2026-01-04 11:55:44.196,16.63,0.72,170.66,0.00,0.000,0.000,0.000,4.24,-3.87,-8.53,46.6,9.4,-756.3,75.2,118.2,5.112,0.0,False,False,False,798.18,
0,1051,2026-01-04 11:55:44.540,16.58,0.44,-101.12,0.00,7.452,0.000,7.452,-1.64,0.33,-5.59,52.0,4.4,-761.7,73.7,118.4,5.317,0.0,False,False,False,796.65,
0,1052,2026-01-04 11:55:44.894,10.98,0.48,55.28,0.00,49285.809,0.000,49285.809,5.89,1.42,-5.93,56.5,2.2,-765.8,71.7,118.3,4.317,0.0,True,False,False,770.10,CRASH
0,1053,2026-01-04 11:55:48.328,6.48,0.58,-20.61,0.00,0.000,0.000,0.000,-0.63,-2.67,-9.65,10.2,46.4,-725.5,94.6,118.5,1.831,0.0,False,False,False,201.90,
0,1054,2026-01-04 11:55:48.671,7.60,0.81,36.26,0.00,0.000,0.000,0.000,0.33,-3.77,-10.07,12.4,44.2,-727.3,93.3,118.4,2.112,0.0,False,False,False,2.34,
0,1055,2026-01-04 11:55:49.009,8.34,0.45,-214.84,0.04,0.000,0.000,0.000,-5.57,-1.77,-9.59,15.0,41.6,-729.3,91.8,118.4,2.412,0.0,False,False,False,1.05,
0,1056,2026-01-04 11:55:49.367,8.94,0.41,-381.85,0.00,0.000,0.000,0.000,-6.84,-0.56,-9.45,17.8,38.8,-732.0,90.7,118.4,2.745,0.0,False,False,False,2.69,
0,1057,2026-01-04 11:55:49.714,10.36,0.88,161.89,0.00,0.000,0.000,0.000,1.21,-6.70,-11.82,20.7,35.8,-735.1,90.2,118.4,3.001,0.0,False,False,False,-1.25,
0,1058,2026-01-04 11:55:50.083,11.38,0.82,-100.06,0.00,0.000,0.000,0.000,-4.24,-2.67,-8.65,24.3,32.3,-738.8,89.5,118.4,3.458,0.0,False,False,False,0.46,
0,1059,2026-01-04 11:55:50.427,12.69,0.34,78.48,0.00,248.069,0.000,248.069,-9.31,0.59,-40.30,28.2,28.7,-742.8,88.9,118.4,3.846,0.0,True,False,False,-28.62,CRASH
0,1060,2026-01-04 11:55:53.846,6.62,0.50,169.62,0.00,0.000,0.000,0.000,3.45,-1.73,-10.03,10.6,19.3,-723.8,92.4,118.4,1.984,0.0,False,False,False,202.28,
0,1061,2026-01-04 11:55:54.199,6.92,0.62,-77.65,0.00,0.000,0.000,0.000,-2.89,-1.07,-9.25,12.6,18.1,-724.8,90.7,118.4,1.814,0.0,False,False,False,0.65,
0,1062,2026-01-04 11:55:54.556,6.74,0.75,-160.63,0.10,0.000,0.000,0.000,-3.20,0.04,-9.76,14.6,16.8,-726.0,89.1,118.4,1.915,0.0,False,False,False,2.20,
0,1063,2026-01-04 11:55:54.906,7.52,0.79,-210.80,0.06,0.000,0.000,0.000,-5.37,-2.92,-10.24,16.9,15.1,-727.8,87.5,118.4,2.228,0.0,False,False,False,2.62,
0,1064,2026-01-04 11:55:55.253,8.58,0.97,-345.63,0.00,0.000,0.000,0.000,-8.13,-1.82,-8.47,19.4,13.0,-730.1,86.2,118.4,2.570,0.0,False,False,False,2.13,
0,1065,2026-01-04 11:55:55.643,9.81,0.84,-52.55,0.00,0.000,0.000,0.000,-3.43,-5.56,-9.68,22.0,10.4,-733.0,85.4,118.4,2.727,0.0,False,False,False,1.28,
0,1066,2026-01-04 11:55:55.985,11.06,0.41,-25.35,0.00,0.000,0.000,0.000,-1.39,-2.75,-9.35,24.9,7.5,-736.5,84.9,118.4,3.343,0.0,False,False,False,2.55,
0,1067,2026-01-04 11:55:56.321,12.03,0.59,205.30,0.08,0.000,0.000,0.000,6.36,-1.63,-10.11,28.3,5.2,-740.3,84.3,118.3,3.676,0.0,False,False,False,1.10,
0,1068,2026-01-04 11:55:56.666,12.57,0.81,-37.26,0.08,0.000,0.000,0.000,-0.51,-1.43,-9.30,31.8,5.7,-743.9,83.3,118.3,3.498,0.0,False,False,False,802.31,
0,1069,2026-01-04 11:55:57.011,13.35,0.50,-228.01,0.00,0.000,0.000,0.000,-8.51,-1.78,-10.32,35.9,8.4,-748.0,82.2,118.3,4.106,0.0,False,False,False,802.76,
0,1070,2026-01-04 11:55:57.376,13.50,0.79,204.20,0.00,0.254,0.254,0.254,-9.64,5.13,-25.97,40.2,12.2,-752.8,81.7,118.4,4.313,0.0,False,False,False,799.85,
0,1071,2026-01-04 11:55:57.731,5.78,0.89,185.49,0.00,19622.747,0.000,19622.747,40.24,95.67,-11.91,44.2,16.1,-756.8,80.9,118.4,3.879,0.0,True,False,False,770.69,CRASH
0,1072,2026-01-04 11:56:01.158,9.50,0.60,49.33,0.00,0.000,0.000,0.000,1.83,-5.01,-9.67,13.7,33.6,-724.1,88.9,118.4,2.491,0.0,False,False,False,202.53,
0,1073,2026-01-04 11:56:01.520,10.42,0.91,214.24,0.00,0.000,0.000,0.000,2.84,-0.45,-10.49,16.4,32.1,-725.2,86.4,118.4,2.535,0.0,False,False,False,0.95,
0,1074,2026-01-04 11:56:01.865,10.92,0.50,102.62,0.00,0.000,0.000,0.000,5.51,-2.99,-10.16,19.1,30.9,-726.0,83.7,118.5,2.643,0.0,False,False,False,1.44,
0,1075,2026-01-04 11:56:02.212,11.25,0.95,-207.33,0.00,0.000,0.000,0.000,-6.67,-0.78,-6.47,22.4,30.1,-726.7,80.5,118.5,3.161,0.0,False,False,False,0.13,
0,1076,2026-01-04 11:56:02.563,6.65,0.63,36.33,0.07,17698.439,0.000,17698.439,8.00,7.04,-4.30,24.5,29.0,-727.9,78.7,118.7,1.910,0.0,True,False,False,-29.77,CRASH
0,1077,2026-01-04 11:56:06.018,2.78,0.37,-166.05,0.00,0.000,0.000,0.000,-1.06,-1.31,-10.96,1.4,23.1,-718.4,99.8,118.5,0.725,0.0,False,False,False,199.64,
0,1078,2026-01-04 11:56:06.358,3.39,0.31,115.67,0.00,0.000,0.000,0.000,2.05,-1.98,-10.26,2.3,22.3,-719.0,99.2,118.5,0.827,0.0,False,False,False,-0.98,
0,1079,2026-01-04 11:56:06.717,4.00,0.79,311.15,0.00,0.000,0.000,0.000,2.43,-1.35,-9.30,3.4,21.3,-719.7,98.4,118.5,1.055,0.0,False,False,False,1.35,
0,1080,2026-01-04 11:56:07.055,4.51,0.97,-123.74,0.00,0.000,0.000,0.000,-3.71,-2.03,-9.31,4.7,19.9,-720.5,97.2,118.5,1.281,0.0,False,False,False,-1.11,
0,1081,2026-01-04 11:56:07.404,5.80,0.75,163.72,0.01,0.000,0.000,0.000,4.53,-4.68,-9.64,6.3,18.4,-721.5,96.0,118.5,1.536,0.0,False,False,False,-0.38,
0,1082,2026-01-04 11:56:07.782,7.27,0.89,301.73,0.00,0.000,0.000,0.000,5.42,-3.65,-9.78,8.3,16.5,-722.4,94.3,118.5,1.766,0.0,False,False,False,1.99,
0,1083,2026-01-04 11:56:08.127,9.06,0.94,94.78,0.00,0.000,0.000,0.000,3.39,-6.41,-8.61,10.8,13.8,-723.2,91.7,118.4,2.575,0.0,False,False,False,1.86,
0,1084,2026-01-04 11:56:08.472,9.97,0.40,-162.55,0.00,0.000,0.000,0.000,-5.47,-1.58,-9.61,13.6,10.9,-724.0,88.9,118.5,2.740,0.0,False,False,False,1.36,
0,1085,2026-01-04 11:56:08.826,10.71,0.67,-372.16,0.00,0.000,0.000,0.000,-5.29,-3.51,-7.72,16.9,7.7,-725.4,86.0,118.5,3.082,0.0,False,False,False,2.74,
0,1086,2026-01-04 11:56:09.173,11.28,0.52,-118.06,0.00,0.000,0.000,0.000,-5.23,-4.00,-10.34,19.9,4.8,-727.1,83.4,118.4,2.901,0.0,False,False,False,2.04,
0,1087,2026-01-04 11:56:09.531,12.76,0.50,89.00,0.00,0.000,0.000,0.000,5.91,-0.37,-12.25,24.1,2.5,-729.8,80.2,118.4,3.836,0.0,False,False,False,3.29,
0,1088,2026-01-04 11:56:09.875,13.13,0.60,-169.97,0.00,0.005,0.005,0.005,-7.70,2.90,-18.89,28.0,4.7,-732.2,77.1,118.5,3.706,0.0,False,False,False,4.02,
0,1089,2026-01-04 11:56:10.220,1.66,0.00,-313.71,1.00,30692.625,0.000,30692.625,-3.97,-3.44,-12.27,28.8,5.2,-732.4,76.3,118.5,0.666,0.0,True,False,False,-29.04,CRASH
0,1090,2026-01-04 11:56:13.635,2.95,0.54,-76.98,0.01,0.000,0.000,0.000,-0.63,-1.59,-10.00,1.7,27.2,-718.5,99.6,118.5,0.813,0.0,False,False,False,199.89,
0,1091,2026-01-04 11:56:13.988,3.65,0.32,188.57,0.00,0.000,0.000,0.000,1.07,-2.10,-10.03,2.8,26.1,-719.3,98.8,118.5,1.050,0.0,False,False,False,-0.17,
0,1092,2026-01-04 11:56:14.331,4.06,0.41,282.79,0.06,0.000,0.000,0.000,1.41,-0.93,-9.41,4.0,24.9,-720.0,97.8,118.5,1.164,0.0,False,False,False,1.55,
0,1093,2026-01-04 11:56:14.674,4.54,0.73,65.18,0.00,0.000,0.000,0.000,-0.22,-1.73,-9.07,5.3,23.5,-720.6,96.6,118.5,1.292,0.0,False,False,False,0.69,
0,1094,2026-01-04 11:56:15.021,5.34,0.61,-110.54,0.00,0.000,0.000,0.000,-2.96,-2.58,-10.03,6.9,22.0,-721.5,95.3,118.5,1.480,0.0,False,False,False,0.86,
0,1095,2026-01-04 11:56:15.388,6.72,0.83,-170.65,0.00,0.000,0.000,0.000,-3.29,-4.27,-9.96,8.9,19.9,-722.8,93.7,118.5,1.911,0.0,False,False,False,2.21,
0,1096,2026-01-04 11:56:15.749,8.21,0.43,86.31,0.00,0.000,0.000,0.000,3.41,-4.31,-10.01,11.3,17.7,-724.5,92.0,118.4,2.254,0.0,False,False,False,1.33,
0,1097,2026-01-04 11:56:16.107,9.62,0.55,25.08,0.00,0.000,0.000,0.000,0.94,-4.77,-9.34,14.1,15.0,-726.3,89.9,118.4,2.683,0.0,False,False,False,2.98,
0,1098,2026-01-04 11:56:16.458,11.02,0.55,242.63,0.00,0.000,0.000,0.000,6.97,-3.11,-9.44,17.6,11.6,-728.4,87.1,118.4,3.291,0.0,False,False,False,1.93,
0,1099,2026-01-04 11:56:16.824,11.66,0.53,376.15,0.00,0.000,0.000,0.000,7.50,-1.18,-10.53,20.9,8.2,-729.9,84.1,118.4,3.223,0.0,False,False,False,3.04,
0,1100,2026-01-04 11:56:17.198,12.57,0.50,-38.75,0.00,0.000,0.000,0.000,2.79,-1.78,-11.19,24.7,4.2,-730.9,80.2,118.4,3.639,0.0,False,False,False,1.76,
0,1101,2026-01-04 11:56:17.543,12.88,0.32,-57.27,0.00,0.000,0.000,0.000,-7.06,0.98,-18.15,28.5,0.6,-731.8,76.2,118.5,3.842,0.0,False,False,False,3.09,
0,1102,2026-01-04 11:56:17.883,8.33,0.84,47.50,0.00,36461.490,0.000,36461.490,8.62,3.06,-3.83,31.9,3.2,-733.3,73.2,118.4,3.169,0.0,True,False,False,774.22,CRASH
0,1103,2026-01-04 11:56:21.298,9.38,0.83,196.88,0.05,0.000,0.000,0.000,5.46,-4.45,-10.22,13.4,18.6,-724.9,89.8,118.4,2.713,0.0,False,False,False,202.18,
0,1104,2026-01-04 11:56:21.642,10.22,0.37,159.70,0.09,0.000,0.000,0.000,5.87,-1.49,-9.87,16.6,15.3,-726.2,86.7,118.4,3.136,0.0,False,False,False,2.51,
0,1105,2026-01-04 11:56:21.985,10.71,0.81,24.96,0.00,0.000,0.000,0.000,2.19,-3.21,-7.61,19.5,12.4,-726.9,83.9,118.4,2.785,0.0,False,False,False,2.52,
0,1106,2026-01-04 11:56:22.337,10.96,0.90,-210.77,0.07,0.000,0.000,0.000,-6.00,4.23,-19.59,22.8,9.2,-727.7,80.5,118.5,3.286,0.0,False,False,False,1.36,
0,1107,2026-01-04 11:56:22.684,2.48,0.79,109.26,0.06,49296.625,0.000,49296.625,-8.20,43.26,-17.06,25.3,6.8,-728.8,78.2,118.5,2.296,0.0,True,False,False,-30.07,CRASH
0,1108,2026-01-04 11:56:26.128,3.05,0.79,-27.05,0.00,0.000,0.000,0.000,-0.19,-1.56,-10.51,1.7,23.7,-718.5,99.6,118.5,0.869,0.0,False,False,False,200.27,
0,1109,2026-01-04 11:56:26.469,3.41,0.59,-152.84,0.05,0.000,0.000,0.000,-2.14,-0.92,-9.55,2.8,22.7,-719.4,98.9,118.5,1.029,0.0,False,False,False,0.62,
0,1110,2026-01-04 11:56:26.823,3.84,0.73,108.21,0.09,0.000,0.000,0.000,2.80,-1.22,-10.26,3.9,21.7,-720.2,98.2,118.5,1.022,0.0,False,False,False,-0.36,
0,1111,2026-01-04 11:56:27.181,4.86,0.58,-130.19,0.00,0.000,0.000,0.000,-2.48,-3.62,-10.14,5.3,20.4,-721.2,97.2,118.5,1.376,0.0,False,False,False,0.03,
0,1112,2026-01-04 11:56:27.523,6.60,0.74,-4.49,0.00,0.000,0.000,0.000,0.33,-5.43,-10.03,7.2,18.8,-722.7,96.0,118.5,1.811,0.0,False,False,False,1.31,
0,1113,2026-01-04 11:56:27.888,8.29,0.51,158.80,0.00,0.000,0.000,0.000,4.98,-4.70,-9.36,9.6,16.8,-724.5,94.5,118.5,2.140,0.0,False,False,False,1.43,
0,1114,2026-01-04 11:56:28.231,9.55,0.59,-101.85,0.00,0.000,0.000,0.000,-3.46,-3.98,-8.61,12.3,14.5,-726.4,92.5,118.4,2.552,0.0,False,False,False,1.20,
0,1115,2026-01-04 11:56:28.581,10.98,0.56,-17.18,0.00,0.000,0.000,0.000,-0.66,-4.04,-9.50,15.7,12.0,-728.9,90.2,118.4,3.255,0.0,False,False,False,2.91,
0,1116,2026-01-04 11:56:28.934,12.02,0.50,-123.02,0.00,0.000,0.000,0.000,-5.37,-3.71,-9.24,18.9,10.3,-731.4,88.1,118.4,3.074,0.0,False,False,False,3.31,
0,1117,2026-01-04 11:56:29.295,13.07,0.50,-238.09,0.00,0.000,0.000,0.000,-8.62,-2.93,-10.12,22.9,9.8,-734.8,86.0,118.4,3.775,0.0,False,False,False,3.81,
0,1118,2026-01-04 11:56:29.666,14.40,0.72,82.52,0.00,0.000,0.000,0.000,1.02,-5.92,-10.01,26.8,11.5,-738.5,84.4,118.3,3.648,0.0,False,False,False,3.72,
0,1119,2026-01-04 11:56:30.003,15.29,0.53,-136.06,0.00,0.000,0.000,0.000,-4.12,-1.71,-8.30,31.6,15.0,-743.1,82.5,118.3,4.742,0.0,False,False,False,804.69,
0,1120,2026-01-04 11:56:30.351,16.31,0.47,147.18,0.00,0.000,0.000,0.000,5.13,-2.16,-9.46,36.7,19.5,-748.1,80.8,118.3,5.007,0.0,False,False,False,803.73,
0,1121,2026-01-04 11:56:30.697,17.13,0.99,-18.38,0.00,0.000,0.000,0.000,2.14,-3.18,-8.43,41.7,23.9,-752.7,78.8,118.2,4.738,0.0,False,False,False,803.36,
0,1122,2026-01-04 11:56:31.035,17.51,0.49,58.50,0.00,0.223,0.223,0.223,6.07,-2.74,-5.00,47.4,29.1,-757.8,76.2,118.4,5.468,0.0,False,False,False,802.96,
0,1123,2026-01-04 11:56:31.395,18.00,0.50,-25.60,0.09,0.223,0.223,0.223,-0.37,-2.72,-9.08,53.6,34.9,-763.3,73.3,118.3,5.601,0.0,False,False,False,802.84,
0,1124,2026-01-04 11:56:31.740,16.33,0.78,155.32,0.00,5110.608,0.000,5110.608,4.11,3.10,-10.38,59.0,39.8,-767.7,70.2,118.3,5.145,0.0,True,False,False,771.43,CRASH
0,1125,2026-01-04 11:56:35.165,7.40,0.30,-27.16,0.07,0.000,0.000,0.000,-0.69,0.68,-12.94,11.8,50.8,-720.8,89.5,118.5,2.175,0.0,False,False,False,200.63,
0,1126,2026-01-04 11:56:35.521,7.90,0.66,-204.89,0.04,0.000,0.000,0.000,-4.79,-0.53,-10.48,14.1,49.3,-721.6,87.3,118.5,2.191,0.0,False,False,False,0.91,
0,1127,2026-01-04 11:56:35.873,9.19,0.56,54.22,0.00,0.000,0.000,0.000,1.77,-4.10,-8.81,16.9,47.2,-722.9,84.8,118.5,2.685,0.0,False,False,False,1.05,
0,1128,2026-01-04 11:56:36.214,8.23,0.95,-202.59,0.00,3110.264,0.000,3110.264,-13.44,11.22,-8.76,19.6,45.2,-724.3,82.5,118.6,2.586,0.0,True,False,False,-28.99,CRASH
0,1129,2026-01-04 11:56:39.614,9.59,0.75,-134.03,0.00,0.000,0.000,0.000,-2.73,1.02,-16.25,13.9,19.0,-731.2,100.2,118.5,2.835,0.0,False,False,False,200.47,
0,1130,2026-01-04 11:56:39.962,9.34,0.40,57.08,0.00,0.001,0.001,0.001,-12.42,0.79,-21.77,17.0,20.7,-734.3,100.6,118.6,3.007,0.0,False,False,False,1.44,
0,1131,2026-01-04 11:56:40.304,2.67,0.34,218.28,0.00,12120.898,0.000,12120.898,3.58,16.14,-6.82,18.8,21.6,-736.2,100.5,118.7,1.673,0.0,True,False,False,-29.77,CRASH
0,1132,2026-01-04 11:56:43.725,5.82,0.78,-196.17,0.00,0.000,0.000,0.000,-3.94,-0.95,-10.00,9.6,18.8,-719.7,91.5,118.5,1.591,0.0,False,False,False,199.41,
0,1133,2026-01-04 11:56:44.091,6.40,0.94,42.96,0.00,0.000,0.000,0.000,-0.52,-2.43,-6.47,11.5,19.1,-720.5,89.7,118.5,1.818,0.0,False,False,False,0.95,
0,1134,2026-01-04 11:56:44.431,7.27,0.89,205.51,0.10,0.000,0.000,0.000,5.17,-2.13,-9.65,13.6,19.8,-721.1,87.7,118.5,1.952,0.0,False,False,False,1.93,
0,1135,2026-01-04 11:56:44.781,5.46,0.85,-90.62,0.00,4000.000,0.000,4000.000,-21.64,29.24,-8.69,15.9,21.0,-721.6,85.4,118.6,2.228,0.0,True,False,False,-29.05,CRASH
0,1136,2026-01-04 11:56:48.202,9.68,0.88,-18.85,0.02,0.000,0.000,0.000,-0.64,-5.67,-9.32,14.0,12.8,-730.1,95.0,118.5,2.792,0.0,False,False,False,202.01,
0,1137,2026-01-04 11:56:48.547,10.95,0.77,-246.77,0.00,0.000,0.000,0.000,-7.32,-2.47,-11.23,17.5,14.6,-733.4,94.0,118.4,3.300,0.0,False,False,False,2.34,
0,1138,2026-01-04 11:56:48.896,11.56,0.37,-207.20,0.00,0.000,0.000,0.000,-8.10,-1.10,-8.88,21.1,17.5,-737.1,93.5,118.4,3.574,0.0,False,False,False,3.11,
0,1139,2026-01-04 11:56:49.248,11.16,0.43,203.84,0.00,158.409,0.000,158.409,-8.30,3.27,-12.15,24.5,20.8,-740.8,93.6,118.5,3.471,0.0,True,False,False,-29.03,CRASH
0,1140,2026-01-04 11:56:52.668,5.80,0.87,-216.72,0.00,0.000,0.000,0.000,-4.32,-1.86,-8.97,9.3,21.4,-719.5,91.7,118.5,1.733,0.0,False,False,False,198.77,
0,1141,2026-01-04 11:56:53.023,6.54,0.60,57.73,0.00,0.000,0.000,0.000,0.54,-3.52,-13.13,11.0,20.9,-720.1,90.1,118.5,1.638,0.0,False,False,False,-0.27,
0,1142,2026-01-04 11:56:53.375,7.95,1.00,96.70,0.04,0.000,0.000,0.000,3.27,-4.90,-8.99,13.3,20.7,-720.9,88.0,118.5,2.186,0.0,False,False,False,2.11,
0,1143,2026-01-04 11:56:53.716,6.66,0.86,101.65,0.00,4000.000,0.000,4000.000,-24.65,26.79,-14.12,15.9,20.9,-721.5,85.5,118.5,2.427,0.0,True,False,False,-27.18,CRASH
